time,solve_time,solver_iterations,min_slack,solver_success,critical_constraint_name,nominal_cost,barrier_cost,total_cost
0.0,0.0036448099999688566,5,0.0014155914825841887,True,twist_vx_upper,0.002540704520915481,0.0009733823505113691,0.00351408687142685
0.01,0.0026751610021165106,4,0.0019020696828807582,True,twist_vx_upper,0.0014180300406619831,0.0009311640835374303,0.0023491941241994135
0.02,0.0020700279965240043,3,0.001774580431615047,True,twist_vx_upper,0.0016319408445817063,0.0009545140539229304,0.0025864548985046368
0.03,0.001403174999722978,3,0.0017216216956607022,True,twist_vx_upper,0.0017406451800227741,0.0009775556606139908,0.0027182008406367647
0.04,0.0015058739991218317,3,0.0019619313546342942,True,twist_vx_upper,0.0013570674338592122,0.0009888271080027735,0.0023458945418619857
0.05,0.0019367189997865353,3,0.0017522753140285507,True,twist_vx_upper,0.001707775798072374,0.0010207650908564648,0.0027285408889288387
0.06,0.0018014900015259627,3,0.0019226002768225614,True,twist_vx_upper,0.001445755351767483,0.0010339705384628107,0.0024797258902302935
0.07,0.0017597209989617113,3,0.001982665118201332,True,twist_vx_upper,0.0014051858649688131,0.0010693336821654361,0.002474519547134249
0.08,0.001927158999023959,4,0.002105021089830905,True,twist_vx_upper,0.0015835804173070392,0.0011980816697998375,0.0027816620871068767
0.09,0.0025052929995581508,5,0.0025656331746396477,True,twist_vx_upper,0.0013679150363970314,0.0011977349674773183,0.0025656500038743497
0.1,0.0028668080012721475,6,0.0022357628364293447,True,cbf_obstacle_8,0.0019658813479544544,0.0012245976657292005,0.003190479013683655
0.11,0.0033294839995505754,7,0.0012715985931768259,True,cbf_obstacle_8,0.0035829713615149975,0.0011484497502510828,0.00473142111176608
0.12,0.00418853399969521,12,0.0011336849615595224,True,cbf_obstacle_8,0.004376929825664812,0.0011241549444979612,0.005501084770162773
0.13,0.0036986890008847695,7,0.000980763312709687,True,cbf_obstacle_8,0.005624437883671975,0.0010853296122541386,0.006709767495926114
0.14,0.004753257999254856,11,0.0008512756976517544,True,cbf_obstacle_8,0.007345499778947564,0.0010645611166701864,0.00841006089561775
0.15,0.004463322002266068,10,0.0007484748078085968,True,cbf_obstacle_8,0.009409776335334597,0.0010474468329818949,0.01045722316831649
0.16,0.0032420750030723866,8,0.0006912719196408013,True,cbf_obstacle_8,0.010991412241421814,0.0010339123471639943,0.012025324588585809
0.17,0.004314592999435263,12,0.0006254925621342888,True,cbf_obstacle_8,0.013376272004795986,0.001023992588784345,0.014400264593580332
0.18,0.002768610000202898,6,0.0005765252986054126,True,cbf_obstacle_8,0.01570805121045879,0.0010139586357950667,0.016722009846253858
0.19,0.0037868789986532647,9,0.0005312016722900381,True,cbf_obstacle_8,0.018471236367202753,0.0010059806237508054,0.019477216990953557
0.2,0.004455960999621311,10,0.0005033321474461339,True,cbf_obstacle_8,0.020558298887201724,0.000996349601915353,0.021554648489117076
0.21,0.003443923000304494,6,0.0004696688752550138,True,cbf_obstacle_8,0.02359189675064984,0.0009898328789034122,0.02458172962955325
0.22,0.0035294619992782827,8,0.00043509282830211937,True,cbf_obstacle_8,0.027471917431647806,0.0009860820205312214,0.028457999452179028
0.23,0.00379841900212341,9,0.00042231709559836794,True,cbf_obstacle_8,0.029160720340706565,0.0009767653267931582,0.030137485667499724
0.24,0.004582870002195705,10,0.0004021591392839863,True,cbf_obstacle_8,0.03215487903989597,0.0009706889935668329,0.0331255680334628
0.25,0.003634469998360146,9,0.00038253029050583365,True,cbf_obstacle_8,0.035539852555418916,0.0009656119201829788,0.03650546447560189
0.26,0.002767239999229787,6,0.00036067640336345796,True,cbf_obstacle_8,0.03997819545489198,0.0009633712236304591,0.04094156667852244
0.27,0.0032087850013340358,8,0.00034967402973395956,True,cbf_obstacle_8,0.0425470379105604,0.0009566227969639127,0.043503660707524316
0.28,0.003930387003492797,11,0.0003372474779526069,True,cbf_obstacle_8,0.045755231152451295,0.0009511214831441088,0.0467063526355954
0.29,0.0031724649998068344,7,0.0003231340654910042,True,cbf_obstacle_8,0.04985611047751328,0.0009479694356863535,0.050804079913199636
0.3,0.004534510000667069,13,0.00031097448613803813,True,cbf_obstacle_8,0.053853418466418224,0.0009444663333343093,0.05479788479975253
0.31,0.0029572579987870995,7,0.0003023790255647363,True,cbf_obstacle_8,0.05698741854909932,0.0009390115256464888,0.05792643007474581
0.32,0.003798379002546426,9,0.0002929217045641863,True,cbf_obstacle_8,0.06075847892174794,0.00093488095980713,0.06169335988155507
0.33,0.004677309003454866,10,0.00028364159680549506,True,cbf_obstacle_8,0.06483566470245934,0.0009318390136174102,0.06576750371607676
0.34,0.004886867001914652,8,0.00027428645851812483,True,cbf_obstacle_8,0.06937467687476036,0.0009294716940847388,0.07030414856884509
0.35000000000000003,0.004564379996736534,8,0.00026683647580105774,True,cbf_obstacle_8,0.07334999364353646,0.0009260580748487995,0.07427605171838526
0.36,0.006253642000956461,8,0.0002602135654814486,True,cbf_obstacle_8,0.07718413084520448,0.0009224989762059984,0.07810662982141048
0.37,0.005308851999870967,9,0.0002532553157787998,True,cbf_obstacle_8,0.08154135689032851,0.0009197800264685735,0.08246113691679709
0.38,0.004310753000027034,8,0.0002464511663987645,True,cbf_obstacle_8,0.08616946949316605,0.0009173045749872276,0.08708677406815328
0.39,0.004109794997930294,8,0.0002405005942022198,True,cbf_obstacle_8,0.09055621742774687,0.0009143500442493076,0.09147056747199618
0.4,0.0038803079987701494,8,0.00023484904621817737,True,cbf_obstacle_8,0.09504324718928488,0.0009113160414361684,0.09595456323072105
0.41000000000000003,0.0037485590000869706,9,0.00022928612086514644,True,cbf_obstacle_8,0.09979362709249998,0.000908702142031897,0.10070232923453187
0.42,0.004260203000740148,9,0.0002242825240970081,True,cbf_obstacle_8,0.10438551024565604,0.0009064554404458173,0.10529196568610186
0.43,0.004474280998692848,9,0.00021981231042866867,True,cbf_obstacle_8,0.10877114688842619,0.0009044031800376658,0.10967555006846386
0.44,0.0038369979993149173,8,0.000215712417265701,True,cbf_obstacle_8,0.11304912803502563,0.0009022547793837995,0.11395138281440943
0.45,0.0035271720007585827,7,0.00021179473680998928,True,cbf_obstacle_8,0.11738111235167771,0.0009000857973152443,0.11828119814899296
0.46,0.0037388400014606304,8,0.00020792196087915382,True,cbf_obstacle_8,0.12191266767772431,0.0008981130073416616,0.12281078068506597
0.47000000000000003,0.0033994029981840868,7,0.0002041534988193039,True,cbf_obstacle_8,0.12658082925448022,0.0008962970192255911,0.1274771262737058
0.48,0.002691020999918692,6,0.00020059946484018987,True,cbf_obstacle_8,0.13123981661228323,0.000894484603835593,0.13213430121611883
0.49,0.003947476998291677,8,0.00019725821496119345,True,cbf_obstacle_8,0.13586562993921888,0.0008926390243763153,0.1367582689635952
0.5,0.003824227998848073,7,0.00019405562668051157,True,cbf_obstacle_8,0.14053774029333616,0.0008908736597557877,0.14142861395309195
0.51,0.004253193998010829,9,0.000190950617633856,True,cbf_obstacle_8,0.14530465768378595,0.0008892482081578076,0.14619390589194375
0.52,0.0035990210017189384,7,0.0001879487967706428,True,cbf_obstacle_8,0.15015131327016074,0.000887731263713323,0.15103904453387407
0.53,0.004213484000501921,9,0.0001850776265827081,True,cbf_obstacle_8,0.1550235083489782,0.0008862702549518582,0.15590977860393007
0.54,0.003732308996404754,8,0.00018234861392540935,True,cbf_obstacle_8,0.15988517742760505,0.0008848406654057474,0.1607700180930108
0.55,0.004339163002441637,9,0.00017975160912053756,True,cbf_obstacle_8,0.16473462825550278,0.0008834641091507637,0.16561809236465355
0.56,0.003967797001678264,8,0.00017726951055718754,True,cbf_obstacle_8,0.16958591921555916,0.0008821627080104294,0.17046808192356958
0.5700000000000001,0.004151543998887064,9,0.0001748931164655687,True,cbf_obstacle_8,0.17444142813385957,0.0008809358768884711,0.17532236401074805
0.58,0.00338765299966326,6,0.00017261739101681606,True,cbf_obstacle_8,0.17929658313421787,0.0008797695038747898,0.18017635263809265
0.59,0.003883867000695318,8,0.00017043687668771845,True,cbf_obstacle_8,0.18414869252732946,0.0008786528613404632,0.1850273453886699
0.6,0.004121505000512116,9,0.00016834141430133176,True,cbf_obstacle_8,0.18900620785818464,0.0008775907636659577,0.1898837986218506
0.61,0.003774398999667028,8,0.0001663216577285631,True,cbf_obstacle_8,0.19387871376898327,0.0008765892588084804,0.19475530302779176
0.62,0.003474082001048373,7,0.00016437297897398118,True,cbf_obstacle_8,0.19876642218901688,0.0008756461428718482,0.19964206833188874
0.63,0.003719948999787448,8,0.00016249307271942737,True,cbf_obstacle_8,0.20366400522615005,0.0008747533092687469,0.2045387585354188
0.64,0.004019536001578672,9,0.00016067996622659564,True,cbf_obstacle_8,0.2085661495719732,0.0008738998113073251,0.20944004938328054
0.65,0.0035214620002079755,8,0.00015893043869208423,True,cbf_obstacle_8,0.2134693602600456,0.0008730796606615216,0.21434243992070712
0.66,0.003343254000355955,7,0.00015723945453594013,True,cbf_obstacle_8,0.21837512566794567,0.0008722863522273609,0.21924741202017303
0.67,0.0037418889987748116,8,0.00015559961087441287,True,cbf_obstacle_8,0.22328997172645118,0.0008715130033213891,0.22416148472977257
0.68,0.004081335999217117,9,0.00015400005704646613,True,cbf_obstacle_8,0.2282231252663958,0.0008707295310803468,0.22909385479747613
0.6900000000000001,0.0037645390002580825,8,0.00015240325879717354,True,cbf_obstacle_8,0.23322016320211938,0.0008698081761542638,0.23408997137827364
0.7000000000000001,0.004768668000906473,10,0.00015084966443779102,True,cbf_obstacle_8,0.23822885549819134,0.000868870848856943,0.2390977263470483
0.71,0.004153304002102232,8,0.00014936100963958143,True,cbf_obstacle_8,0.2432145806756009,0.0008679975586743849,0.2440825782342753
0.72,0.0034762420000333805,6,0.000147933356922203,True,cbf_obstacle_8,0.24817649759371396,0.0008671869234068663,0.24904368451712083
0.73,0.003993367001385195,8,0.00014656320882933116,True,cbf_obstacle_8,0.2531142275961689,0.0008664365141233047,0.25398066411029224
0.74,0.004616039997927146,9,0.00014524700669860113,True,cbf_obstacle_8,0.2580277560806016,0.0008657349034135512,0.25889349098401515
0.75,0.004559850000077859,10,0.00014398176232599535,True,cbf_obstacle_8,0.2629169771448116,0.0008650865490026191,0.26378206369381424
0.76,0.0037132600009499583,7,0.00014276478362451606,True,cbf_obstacle_8,0.2677801973727508,0.0008644925004490374,0.2686446898731998
0.77,0.003549160999682499,8,0.00014159371021837952,True,cbf_obstacle_8,0.27261690688252277,0.0008639580287423867,0.27348086491126516
0.78,0.0031347459989774507,6,0.00014046641928011638,True,cbf_obstacle_8,0.2774255203985957,0.0008634839553929219,0.2782890043539886
0.79,0.0036731899999722373,8,0.00013938131235657902,True,cbf_obstacle_8,0.28220292083751913,0.0008630715716899047,0.28306599240920904
0.8,0.004362322000815766,9,0.00013833663599771562,True,cbf_obstacle_8,0.28694781940687236,0.0008627217676704666,0.28781054117454286
0.81,0.003212285002518911,8,0.00013733126310366828,True,cbf_obstacle_8,0.2916559008803409,0.0008624333191130913,0.29251833419945394
0.8200000000000001,0.00264083100046264,6,0.0001363631752101524,True,cbf_obstacle_8,0.2963271630361258,0.0008622081585948274,0.2971893711947206
0.8300000000000001,0.003300943000795087,8,0.00013543159823548034,True,cbf_obstacle_8,0.30095719142887456,0.0008620452805516469,0.30181923670942623
0.84,0.0037008590006735176,8,0.00013453501177840277,True,cbf_obstacle_8,0.3055449061902809,0.0008619449354968955,0.3064068511257778
0.85,0.004910556999675464,12,0.000133671772249766,True,cbf_obstacle_8,0.31008994698677717,0.0008619079350884128,0.31095185492186556
0.86,0.004816287000721786,11,0.0001328406283539474,True,cbf_obstacle_8,0.31459118929077184,0.0008619332646055169,0.3154531225553774
0.87,0.004477431000850629,10,0.00013203996062627343,True,cbf_obstacle_8,0.3190489587229849,0.0008620220477711894,0.3199109807707561
0.88,0.0040926850015239324,9,0.00013126836978161194,True,cbf_obstacle_8,0.3234636834126757,0.0008621737678166673,0.32432585718049234
0.89,0.0040661060011188965,9,0.00013052475208552572,True,cbf_obstacle_8,0.32783430154711873,0.0008623891658189857,0.3286966907129377
0.9,0.003766048997931648,8,0.00012980747529139913,True,cbf_obstacle_8,0.33216342726308873,0.0008626679182612225,0.33302609518134996
0.91,0.0038244489987846464,8,0.00012911593999798132,True,cbf_obstacle_8,0.3364478474695906,0.0008630095929284843,0.3373108570625191
0.92,0.0034598120000737254,7,0.00012844881560653,True,cbf_obstacle_8,0.34068904265701516,0.0008634144403505718,0.34155245709736576
0.93,0.0032938340009422973,7,0.00012780498909314986,True,cbf_obstacle_8,0.3448879143021478,0.000863882220633707,0.34575179652278154
0.9400000000000001,0.0036148700019111857,8,0.00012718384906795777,True,cbf_obstacle_8,0.34904249872582144,0.0008644134672901855,0.3499069121931116
0.9500000000000001,0.00354355100353132,8,0.00012658448311136938,True,cbf_obstacle_8,0.3531526555581705,0.0008650081542300208,0.3540176637124005
0.96,0.003543860999343451,8,0.00012600646517840763,True,cbf_obstacle_8,0.3572164447844968,0.0008656662063470799,0.3580821109908439
0.97,0.0037348000005295034,8,0.0001254490118854923,True,cbf_obstacle_8,0.36123270854330264,0.0008663875538110749,0.3620990960971137
0.98,0.0040296959996339865,9,0.00012491125174962647,True,cbf_obstacle_8,0.3652030055273052,0.000867173017803651,0.36607017854510887
0.99,0.004097064997040434,9,0.00012439270945152625,True,cbf_obstacle_8,0.36912497870780886,0.000868022323586785,0.36999300103139565
1.0,0.003942786999687087,9,0.00012389298492898604,True,cbf_obstacle_8,0.3729971292926667,0.000868935492326121,0.37386606478499285
1.01,0.003768308997678105,9,0.00012341139742211293,True,cbf_obstacle_8,0.37681875585196806,0.0008699138768020223,0.3776886697287701
1.02,0.00601813499815762,9,0.00012294754069552827,True,cbf_obstacle_8,0.38058903792503895,0.000870957859775657,0.3814599957848146
1.03,0.005093563999253092,9,0.0001225009211108241,True,cbf_obstacle_8,0.3843061786652932,0.0008720673811363713,0.3851782460464296
1.04,0.005914765999477822,9,0.00012207104116962464,True,cbf_obstacle_8,0.3879702638366482,0.0008732429441246658,0.38884350678077284
1.05,0.005200954001338687,9,0.00012165762071075781,True,cbf_obstacle_8,0.39157853970985634,0.0008744857289889361,0.3924530254388453
1.06,0.004466611000680132,9,0.00012126002919116141,True,cbf_obstacle_8,0.3951312147990907,0.0008757960599483499,0.39600701085903905
1.07,0.0069147949980106205,9,0.00012087799427795698,True,cbf_obstacle_8,0.3986272476534689,0.0008771756884546376,0.39950442334192354
1.08,0.0043452329991851,9,0.00012051115461159112,True,cbf_obstacle_8,0.4020645250922051,0.0008786245099378179,0.4029431496021429
1.09,0.004154654998274054,10,0.00012015907745704935,True,cbf_obstacle_8,0.4054424909177468,0.0008801437956995465,0.4063226347134464
1.1,0.00426783299917588,10,0.00011982140312621903,True,cbf_obstacle_8,0.40876059786444313,0.0008817347542974228,0.40964233261874056
1.11,0.004331972999352729,10,0.00011949777487524349,True,cbf_obstacle_8,0.41201739271725735,0.0008833987200121339,0.4129007914372695
1.12,0.005776817000878509,10,0.00011918795063581289,True,cbf_obstacle_8,0.4152115779698885,0.0008851365429644014,0.4160967145128529
1.1300000000000001,0.00688152500151773,10,0.00011889152528976599,True,cbf_obstacle_8,0.41834235945904064,0.0008869496170833103,0.41922930907612393
1.1400000000000001,0.004562189998978283,11,0.00011860832792709441,True,cbf_obstacle_8,0.4214080701838204,0.0008888392639157419,0.4222969094477362
1.1500000000000001,0.0031749360023241024,7,0.00011833801932997767,True,cbf_obstacle_8,0.42440804740907606,0.0008908069822627265,0.4252988543913388
1.16,0.003378833000169834,6,0.00011808038108723773,True,cbf_obstacle_8,0.4273402859398699,0.0008928548911017361,0.42823314083097164
1.17,0.004868537002039375,8,0.00011783506837503843,True,cbf_obstacle_8,0.4302045106870129,0.0008949846314704808,0.43109949531848335
1.18,0.003772219002712518,6,0.00011760172067371011,True,cbf_obstacle_8,0.43300012875571847,0.0008971976661933771,0.43389732642191187
1.19,0.004955515996698523,8,0.00011738027749447211,True,cbf_obstacle_8,0.43572506435341674,0.0008994967589806592,0.4366245611123974
1.2,0.004109674999199342,8,0.00011717058395765978,True,cbf_obstacle_8,0.43837739871782316,0.0009018834232944841,0.43927928214111767
1.21,0.0042246140001225285,8,0.00011697231333585023,True,cbf_obstacle_8,0.44095737584233613,0.0009043602834442182,0.44186173612578034
1.22,0.003708479998749681,7,0.00011678519411151278,True,cbf_obstacle_8,0.44346272480274634,0.0009069301986207564,0.4443696550013671
1.23,0.002595731999463169,6,0.00011660909124017182,True,cbf_obstacle_8,0.44589337345739244,0.0009095968975494967,0.44680297035494193
1.24,0.0020783369982382283,4,0.00011644399472071632,True,cbf_obstacle_8,0.44824649761727586,0.000912366934614011,0.44915886455188986
1.25,0.001894178996735718,4,0.00011628966033555566,True,cbf_obstacle_8,0.45052058064186695,0.0009152398365783821,0.4514358204784453
1.26,0.0020735569996759295,6,0.00011614571558682396,True,cbf_obstacle_8,0.45271661189799844,0.0009182157991296699,0.4536348276971281
1.27,0.0015964330013957806,4,0.00011601213516648778,True,cbf_obstacle_8,0.4548318788699583,0.0009212991246979918,0.4557531779946563
1.28,0.002274975002364954,6,0.00011588890794961282,True,cbf_obstacle_8,0.4568645432532302,0.000924492457687951,0.45778903571091817
1.29,0.0024824329993862193,6,0.00011577595915857053,True,cbf_obstacle_8,0.45881290491058524,0.0009277987713358473,0.4597407036819211
1.3,0.0021027769980719313,5,0.00011567288023939248,True,cbf_obstacle_8,0.46067797792408866,0.0009312224396949802,0.4616092003637836
1.31,0.0021567270014202222,5,0.00011558013640866616,True,cbf_obstacle_8,0.4624527822095844,0.000934767017755144,0.46338754922733955
1.32,0.002902407999499701,8,0.00011549686905532042,True,cbf_obstacle_8,0.46414244387311293,0.0009384363100180082,0.46508088018313093
1.33,0.0023858839995227754,6,0.00011542343730425175,True,cbf_obstacle_8,0.46574268991468526,0.0009422343810364196,0.46668492429572167
1.34,0.002521031998185208,6,0.00011536017208940708,True,cbf_obstacle_8,0.4672487072886772,0.0009461653011544038,0.46819487258983156
1.35,0.0024040239986788947,5,0.00011530627457134734,True,cbf_obstacle_8,0.46866464424277193,0.0009502346599490846,0.469614878902721
1.36,0.002674089999345597,7,0.00011526242959486455,True,cbf_obstacle_8,0.46998256169278085,0.0009544467769572663,0.4709370084697381
1.37,0.0019988980020571034,4,0.00011522785536682845,True,cbf_obstacle_8,0.47120811368223753,0.0009588068115183183,0.47216692049375586
1.3800000000000001,0.002470503000949975,6,0.00011520346388843583,True,cbf_obstacle_8,0.4723315649929738,0.0009633204071961727,0.47329488540016995
1.3900000000000001,0.0028016399992338847,7,0.00011518824063960764,True,cbf_obstacle_8,0.4733597357056403,0.0009679930088242861,0.4743277287144646
1.4000000000000001,0.0027575300009630155,7,0.0001151833684474024,True,cbf_obstacle_8,0.47428093325920606,0.0009728314969497761,0.4752537647561558
1.41,0.002532582002459094,6,0.00011518834153600999,True,cbf_obstacle_8,0.47509845176617943,0.0009778422495582686,0.4760762940157377
1.42,0.0024459640007989947,5,0.00011520232264639052,True,cbf_obstacle_8,0.47581757461565427,0.000983025492841075,0.47680060010849534
1.43,0.0025481519987806678,6,0.00011522704812533258,True,cbf_obstacle_8,0.47642255303511566,0.0009883893487152178,0.47741094238383086
1.44,0.002825268999004038,7,0.00011526201663120128,True,cbf_obstacle_8,0.4769171952437654,0.0009939463521048,0.4779111415958702
1.45,0.002787829998851521,7,0.00011530708995849404,True,cbf_obstacle_8,0.4773004928719056,0.0009997063217652234,0.47830019919367084
1.46,0.002507541998056695,6,0.00011536365806680271,True,cbf_obstacle_8,0.477560734729873,0.0010056793762530925,0.47856641410612605
1.47,0.0029561479968833737,8,0.00011542987006996075,True,cbf_obstacle_8,0.47771249011272726,0.001011874176281054,0.47872436428900833
1.48,0.0022188849980011582,5,0.00011550799449566718,True,cbf_obstacle_8,0.47773584685593434,0.0010183029992431327,0.4787541498551775
1.49,0.0027109710026707035,7,0.00011559619124909548,True,cbf_obstacle_8,0.4776472627869617,0.0010249763755422186,0.4786722391625039
1.5,0.003068646001338493,8,0.0001156969373438399,True,cbf_obstacle_8,0.47742304361939136,0.0010319083479515749,0.47845495196734295
1.51,0.0030721360017196275,8,0.00011581120095371933,True,cbf_obstacle_8,0.4770577226801678,0.001039112999800778,0.4780968356799685
1.52,0.00279701000181376,7,0.00011593792425812488,True,cbf_obstacle_8,0.47655883153077483,0.001046605008849111,0.47760543653962395
1.53,0.0017490110003564041,4,0.00011607748783434846,True,cbf_obstacle_8,0.4759245423840017,0.0010544008518012333,0.476978943235803
1.54,0.001810210000257939,4,0.00011623243355166069,True,cbf_obstacle_8,0.4751330604991925,0.0010625197927995357,0.47619558029199205
1.55,0.0023455839982489124,6,0.00011640137986093646,True,cbf_obstacle_8,0.47419744569687056,0.001070982649079708,0.4752684283459503
1.56,0.002659590998518979,7,0.00011659023734875151,True,cbf_obstacle_8,0.47307069247387606,0.0010798131734085542,0.4741505056472846
1.57,0.0024913629968068562,6,0.00011679792786156717,True,cbf_obstacle_8,0.47176326926593426,0.0010890373595917153,0.47285230662552596
1.58,0.00260275099935825,6,0.00011702581477979201,True,cbf_obstacle_8,0.47026616003797844,0.0010986822699092043,0.47136484230788767
1.59,0.0027480700009618886,7,0.00011727833518024311,True,cbf_obstacle_8,0.4685471868165947,0.0011087831826833673,0.46965596999927806
1.6,0.0028274690012040082,7,0.00011755368364363417,True,cbf_obstacle_8,0.4666228733398986,0.0011193716994640321,0.4677422450393626
1.61,0.002271656001539668,5,0.00011785258698146506,True,cbf_obstacle_8,0.4644921847591936,0.0011304858780453013,0.46562267063723894
1.62,0.0027789900013885926,7,0.00011817218357113024,True,cbf_obstacle_8,0.46218177965645907,0.0011421694279584488,0.46332394908441754
1.6300000000000001,0.002840859000571072,7,0.00011851697969744723,True,cbf_obstacle_8,0.4596598687457819,0.001154472130739915,0.46081434087652184
1.6400000000000001,0.0025336030012113042,6,0.00011889281729082768,True,cbf_obstacle_8,0.45688763900076024,0.0011674465501006885,0.45805508555086094
1.6500000000000001,0.003166384998621652,9,0.0001192923818547631,True,cbf_obstacle_8,0.4539282866245649,0.001181182825971493,0.45510946945053643
1.6600000000000001,0.0030173169980116654,8,0.00011970816257761419,True,cbf_obstacle_8,0.45084214366363445,0.0011958040559349589,0.4520379477195694
1.67,0.0029764680002699606,7,0.00012014859909426079,True,cbf_obstacle_8,0.447572485683331,0.0012114371110436045,0.4487839227943746
1.68,0.0027390699979150668,6,0.00012060578014047585,True,cbf_obstacle_8,0.44418317514531186,0.0012282775816175838,0.44541145272692945
1.69,0.002577502000349341,6,0.00012108011998818169,True,cbf_obstacle_8,0.44067759202992224,0.0012465610691670477,0.4419241530990893
1.7,0.0029825479978171643,7,0.00012157716840782706,True,cbf_obstacle_8,0.43702025142103984,0.0012665881251467403,0.4382868395461866
1.71,0.0028559489983308595,6,0.00012209797644668896,True,cbf_obstacle_8,0.43321191524143576,0.0012888030726494269,0.4345007183140852
1.72,0.00289612799679162,7,0.0001226440487556435,True,cbf_obstacle_8,0.42925104235626765,0.0013138626771121405,0.4305649050333798
1.73,0.002848259002348641,7,0.00012322160933356252,True,cbf_obstacle_8,0.4251048312765995,0.0013427799339630587,0.4264476112105625
1.74,0.0029120780018274672,7,0.00012383352470746178,True,cbf_obstacle_8,0.4207738972445262,0.0013772988880679706,0.42215119613259416
1.75,0.002592070999526186,6,0.00012447985202226897,True,cbf_obstacle_8,0.4162891738788973,0.0014206582068184252,0.4177098320857157
1.76,0.003255184001318412,9,0.0001251766299512902,True,cbf_obstacle_8,0.4116253993326615,0.00147898993153518,0.4131043892641967
1.77,0.002243756000098074,5,0.0001259526466924621,True,cbf_obstacle_8,0.4068470394720624,0.0015586594926689404,0.40840569896473133
1.78,0.002680870999029139,7,0.0001268492740938154,True,cbf_obstacle_8,0.4020211838995461,0.0016380877329512,0.4036592716324973
1.79,0.003340562998346286,8,0.00012779420392514118,True,cbf_obstacle_8,0.3973670056266371,0.0016926583437264974,0.39905966397036363
1.8,0.0032481540001754183,8,0.00012873696398310597,True,cbf_obstacle_8,0.39291432684161837,0.001729651857992008,0.3946439786996104
1.81,0.003741479002201231,10,0.00012966175210410436,True,cbf_obstacle_8,0.3886661049000304,0.001756910990183266,0.39042301589021366
1.82,0.004106005999346962,11,0.00013055911301018686,True,cbf_obstacle_8,0.3846445308147,0.0017783980596243617,0.3864229288743244
1.83,0.0039189669987536035,10,0.00013143610867161204,True,cbf_obstacle_8,0.38078903509270995,0.00179613425260747,0.38258516934531744
1.84,0.004856546998780686,13,0.00013228356464725644,True,cbf_obstacle_8,0.37714171393095003,0.0018113222190352198,0.37895303614998527
1.85,0.003876737999235047,10,0.0001331052790081999,True,cbf_obstacle_8,0.373670242505484,0.0018246791662256821,0.37549492167170967
1.86,0.0035937909997301176,9,0.00013413765764122565,True,cbf_obstacle_8,0.3689537181266725,0.001835315039679508,0.370789033166352
1.87,0.0033761129998310935,8,0.00013508192473662972,True,cbf_obstacle_8,0.36480848245223935,0.0018453726446137069,0.36665385509685305
1.8800000000000001,0.003968347002228256,10,0.00013596094683035465,True,cbf_obstacle_8,0.3610718389222006,0.001854888623148647,0.36292672754534927
1.8900000000000001,0.0038981479992798995,10,0.0001368034698713827,True,cbf_obstacle_8,0.3575655952518361,0.0018639025307285652,0.35942949778256467
1.9000000000000001,0.003928887002984993,10,0.00013762903138650473,True,cbf_obstacle_8,0.35417196685191177,0.0018724363295369148,0.3560444031814487
1.9100000000000001,0.003945776999898953,10,0.00013842914431244635,True,cbf_obstacle_8,0.3509328446928862,0.0018806543386195795,0.3528134990315058
1.92,0.003906277001078706,10,0.00013926620347537444,True,cbf_obstacle_8,0.3475114163456311,0.0018883867384749495,0.34939980308410606
1.93,0.003950827001972357,10,0.00013967087858174354,True,cbf_obstacle_8,0.34543968183597884,0.0018968613080513521,0.3473365431440302
1.94,0.003937277000659378,10,0.00014028492480971932,True,cbf_obstacle_8,0.3431262193024009,0.0019052403719717812,0.34503145967437265
1.95,0.004014615999039961,10,0.00014087582841823543,True,cbf_obstacle_8,0.34091835665903475,0.0019136043617812844,0.34283196102081603
1.96,0.0041756540013011545,11,0.00014144493259862778,True,cbf_obstacle_8,0.33880420010496703,0.0019220172491835107,0.34072621735415054
1.97,0.0036421810000319965,9,0.00014199188742930469,True,cbf_obstacle_8,0.3367829532132151,0.0019305450251802245,0.3387134982383953
1.98,0.003761509000469232,9,0.00014251803112141914,True,cbf_obstacle_8,0.33484676764412963,0.0019392501120851211,0.33678601775621475
1.99,0.003662719998828834,9,0.00014302318389355917,True,cbf_obstacle_8,0.3329908541667903,0.0019481996487245737,0.33493905381551486
2.0,0.0036436699992918875,9,0.0001435082564519019,True,cbf_obstacle_8,0.3312110288720292,0.0019574661254856975,0.3331684949975149
2.0100000000000002,0.003633849999459926,9,0.00014397261909451786,True,cbf_obstacle_8,0.3295045220603874,0.001967127076745941,0.33147164913713334
2.02,0.0035274919973744545,9,0.0001444180839100806,True,cbf_obstacle_8,0.3278635519227853,0.001977262074698456,0.3298408139974838
2.0300000000000002,0.0035748510017583612,9,0.00014484427830105395,True,cbf_obstacle_8,0.32628710128602373,0.001987966140669444,0.32827506742669316
2.04,0.0035604709992185235,9,0.00014525182252814184,True,cbf_obstacle_8,0.32477005961802546,0.0019993422205433734,0.32676940183856884
2.05,0.003558740998414578,9,0.00014564116737530997,True,cbf_obstacle_8,0.3233088336110933,0.0020114985915124384,0.32532033220260576
2.06,0.0035261309967609122,9,0.00014601212662364305,True,cbf_obstacle_8,0.3219010248611831,0.0020245532662112493,0.32392557812739436
2.07,0.003725779999513179,9,0.00014636609798347744,True,cbf_obstacle_8,0.320540483430513,0.0020386149888911935,0.3225790984194042
2.08,0.003656079999927897,9,0.0001467021405682778,True,cbf_obstacle_8,0.3192297374126613,0.0020537692625081077,0.3212835066751694
2.09,0.0036075999996683095,9,0.00014702151818003772,True,cbf_obstacle_8,0.31796239679150684,0.0020700390220049518,0.3200324358135118
2.1,0.0035832809990097303,9,0.00014732380131418643,True,cbf_obstacle_8,0.31673875302366356,0.002087338542191088,0.3188260915658546
2.11,0.0035669210010382812,9,0.0001476091742371871,True,cbf_obstacle_8,0.31555772770896123,0.002105421731924392,0.31766314944088564
2.12,0.003562320998753421,9,0.00014787755176154382,True,cbf_obstacle_8,0.3144201168627874,0.0021238763523310465,0.31654399321511845
2.13,0.003580920998501824,9,0.00014812942782710392,True,cbf_obstacle_8,0.31332283432163693,0.0021421865998887723,0.31546502092152573
2.14,0.003692869999213144,9,0.00014836401438247937,True,cbf_obstacle_8,0.3122697352116327,0.002159877209224649,0.3144296124208574
2.15,0.0038596369995502755,10,0.0001485798231927321,True,cbf_obstacle_8,0.31126971031158257,0.0021765615218220444,0.3134462718334046
2.16,0.0038799480025772937,9,0.00014877577186968305,True,cbf_obstacle_8,0.31032934111164634,0.002192024824165189,0.31252136593581153
2.17,0.0038292179997370113,10,0.00014895399604492043,True,cbf_obstacle_8,0.30943149228933853,0.0022062648658204764,0.311637757155159
2.18,0.0038728679974155966,10,0.00014911533103528773,True,cbf_obstacle_8,0.3085720490529588,0.0022193475964167103,0.31079139664937555
2.19,0.0038548980010091327,10,0.00014925997462642004,True,cbf_obstacle_8,0.3077465019194407,0.002231367709463691,0.3099778696289044
2.2,0.0038105290004750714,10,0.00014938756114826757,True,cbf_obstacle_8,0.30695683207097796,0.0022424501582324484,0.3091992822292104
2.21,0.0038237480002862867,10,0.00014949860913512913,True,cbf_obstacle_8,0.3061981512088344,0.002252702825573277,0.3084508540344077
2.22,0.0038955169984546956,10,0.00014959281791868118,True,cbf_obstacle_8,0.3054708662101855,0.0022622372322348926,0.3077331034424204
2.23,0.003848407999612391,10,0.00014967079448346965,True,cbf_obstacle_8,0.3047715567283068,0.002271144243743111,0.3070427009720499
2.24,0.003913508000550792,10,0.00014973199607334897,True,cbf_obstacle_8,0.30409911617761376,0.002279499064240381,0.30637861524185417
2.25,0.003824728999461513,10,0.00014977686830913717,True,cbf_obstacle_8,0.30345229221389824,0.0022873512481612597,0.3057396434620595
2.2600000000000002,0.003911667001375463,10,0.0001498049383386324,True,cbf_obstacle_8,0.30282918517792207,0.0022947578394185274,0.3051239430173406
2.27,0.004212044997984776,10,0.0001498169891674811,True,cbf_obstacle_8,0.30222830786773053,0.0023017769340952735,0.3045300848018258
2.2800000000000002,0.0037409389988170005,9,0.00014981228929403234,True,cbf_obstacle_8,0.30164772242520715,0.0023084479640208453,0.303956170389228
2.29,0.003415792998566758,8,0.0001497912698070203,True,cbf_obstacle_8,0.30108809390837776,0.002314793953166423,0.3034028878615442
2.3000000000000003,0.003381852999154944,9,0.00014975332793745744,True,cbf_obstacle_8,0.30054545707236613,0.002320863088041689,0.3028663201604078
2.31,0.0031463459999940824,8,0.00014969894936395223,True,cbf_obstacle_8,0.300018841899233,0.002326674880450558,0.3023455167796836
2.32,0.00314006600092398,8,0.0001496276032312005,True,cbf_obstacle_8,0.29950915010984913,0.0023322557138317785,0.3018414058236809
2.33,0.0031629250006517395,8,0.0001495399737338199,True,cbf_obstacle_8,0.29901210993848776,0.0023376257160223077,0.30134973565451006
2.34,0.003100676000030944,8,0.00014943497296958375,True,cbf_obstacle_8,0.2985287244035921,0.0023428092544055677,0.3008715336579977
2.35,0.0031788349988346454,8,0.00014931284769023612,True,cbf_obstacle_8,0.298057932793584,0.0023478242387210747,0.3004057570323051
2.36,0.003159215000778204,8,0.00014917366128527898,True,cbf_obstacle_8,0.2975973616311068,0.0023526775793276658,0.29995003921043445
2.37,0.003333314001793042,9,0.00014901661876519368,True,cbf_obstacle_8,0.2971489723987966,0.0023573858393394487,0.2995063582381361
2.38,0.0038658979974570684,11,0.00014884241062237957,True,cbf_obstacle_8,0.29670876975151644,0.0023619563375500766,0.29907072608906654
2.39,0.003482141997665167,9,0.00014865016121082264,True,cbf_obstacle_8,0.2962792233403278,0.002366405650134867,0.29864562899046265
2.4,0.003455972000665497,9,0.0001484407089905465,True,cbf_obstacle_8,0.2958549112614304,0.0023707378848394113,0.2982256491462698
2.41,0.003518771998642478,9,0.00014821289260456838,True,cbf_obstacle_8,0.2954388433366568,0.0023749671133026745,0.29781381044995947
2.42,0.0034924820029118564,9,0.00014796686776004375,True,cbf_obstacle_8,0.29502902631156896,0.002379097089175416,0.2974081234007444
2.43,0.003442521996475989,9,0.0001477020417587488,True,cbf_obstacle_8,0.2946256152174986,0.0023831399736286905,0.2970087551911273
2.44,0.0034831320008379407,9,0.00014741911829455057,True,cbf_obstacle_8,0.2942272805429004,0.0023870984847917296,0.29661437902769217
2.45,0.0035553110028558876,9,0.00014711761020391734,True,cbf_obstacle_8,0.2938327223640659,0.0023909804766887527,0.2962237028407546
2.46,0.003502792002109345,9,0.0001467973306153586,True,cbf_obstacle_8,0.293442529745898,0.0023947895717996,0.29583731931769763
2.47,0.003470422001555562,9,0.00014645813918987005,True,cbf_obstacle_8,0.29305548090687583,0.002398529341163493,0.2954540102480393
2.48,0.0035233009984949604,9,0.0001460997485798754,True,cbf_obstacle_8,0.2926715414306834,0.002402208900133943,0.29507375033081734
2.49,0.0034423030010657385,9,0.00014572239441387747,True,cbf_obstacle_8,0.2922908696136667,0.0024058339283163695,0.2946967035419831
2.5,0.004186554997431813,12,0.00014532638116947216,True,cbf_obstacle_8,0.2919110313951309,0.002409406153162539,0.29432043754829346
2.5100000000000002,0.003956366999773309,11,0.0001449113878396885,True,cbf_obstacle_8,0.29153177977240524,0.0024129293311713003,0.29394470910357656
2.52,0.003935536999051692,11,0.00014447675166531782,True,cbf_obstacle_8,0.29115539183372907,0.0024164093686278865,0.29357180120235693
2.5300000000000002,0.004019965999759734,10,0.00014402290833004372,True,cbf_obstacle_8,0.29078140420941945,0.0024198465670444546,0.2932012507764639
2.54,0.003713840000273194,10,0.00014355089991339998,True,cbf_obstacle_8,0.2904059956251037,0.002423245622943459,0.29282924124804716
2.5500000000000003,0.0037328090002120007,10,0.00014306002207545299,True,cbf_obstacle_8,0.29003136288876685,0.0024266077966513303,0.2924579706854182
2.56,0.0034800619978341274,9,0.00014255034701164682,True,cbf_obstacle_8,0.28965644213143193,0.0024299359949969766,0.2920863781264289
2.57,0.0034599619975779206,9,0.00014202183675267321,True,cbf_obstacle_8,0.2892842305309748,0.0024332349444278604,0.29171746547540267
2.58,0.0034709020001173485,9,0.0001414756382304705,True,cbf_obstacle_8,0.288908086071796,0.002436504748186616,0.29134459081998265
2.59,0.003531892001774395,9,0.00014091132887607272,True,cbf_obstacle_8,0.2885336476294961,0.002439749084148298,0.2909733967136444
2.6,0.003444681999098975,9,0.00014032971920101278,True,cbf_obstacle_8,0.28815851475859483,0.002442970096539888,0.2906014848551347
2.61,0.0035100919994874857,9,0.00013973091092500667,True,cbf_obstacle_8,0.28778254993064156,0.002446171278964022,0.2902287212096056
2.62,0.0034964020014740527,9,0.0001391154966224467,True,cbf_obstacle_8,0.287404923494795,0.002449349271797435,0.2898542727665924
2.63,0.003448313000262715,10,0.00013848354678243358,True,cbf_obstacle_8,0.28702802809115,0.0024525097699765524,0.2894805378611266
2.64,0.0032670850014255848,9,0.0001378357093801963,True,cbf_obstacle_8,0.28665032341870156,0.0024556501384465513,0.2891059735571481
2.65,0.003259143999457592,9,0.00013717278875784167,True,cbf_obstacle_8,0.28627175840300445,0.0024587735144451384,0.2887305319174496
2.66,0.0030028569999558385,8,0.0001364953580670139,True,cbf_obstacle_8,0.2858927613265186,0.0024618799244848057,0.2883546412510034
2.67,0.0030875859993102495,8,0.00013580369918957114,True,cbf_obstacle_8,0.28551258231238535,0.0024649711365330508,0.2879775534489184
2.68,0.003219494999939343,8,0.00013509874209727268,True,cbf_obstacle_8,0.2851331344785479,0.002468047631884473,0.28760118211043234
2.69,0.0027653799988911487,7,0.00013438130034254536,True,cbf_obstacle_8,0.28475151965344947,0.002471110336324407,0.2872226299897739
2.7,0.002858849002222996,7,0.00013365207387384948,True,cbf_obstacle_8,0.2843703762134401,0.0024741585216855686,0.28684453473512567
2.71,0.0029766970001219306,7,0.00013291087312700123,True,cbf_obstacle_8,0.28399001164802606,0.0024771965282014215,0.2864672081762275
2.72,0.0028562490006152075,7,0.0001321593950659311,True,cbf_obstacle_8,0.28360954742601363,0.002480219168703927,0.2860897665947176
2.73,0.0030086269980529323,7,0.0001313984065038215,True,cbf_obstacle_8,0.2832286341967188,0.002483225079457257,0.28571185927617604
2.74,0.002975776998937363,7,0.00013062861459937902,True,cbf_obstacle_8,0.2828479751223466,0.0024862201484187104,0.2853341952707653
2.75,0.0028322690013737883,7,0.000129849693110827,True,cbf_obstacle_8,0.28246779878102823,0.002489204080342525,0.28495700286137077
2.7600000000000002,0.0028092799984733574,7,0.000129063731329003,True,cbf_obstacle_8,0.2820899801082332,0.002492176422868059,0.2845821565311013
2.77,0.002755839999736054,7,0.00012827110694275945,True,cbf_obstacle_8,0.2817114593548337,0.0024951389972609154,0.2842065983520946
2.7800000000000002,0.002762050000455929,7,0.00012747237796278954,True,cbf_obstacle_8,0.2813361923996053,0.0024980928193771216,0.2838342852189824
2.79,0.002864238998881774,7,0.00012666856574500285,True,cbf_obstacle_8,0.2809604579041071,0.0025010351237939755,0.2834614930279011
2.8000000000000003,0.00280410000050324,7,0.00012586031366726425,True,cbf_obstacle_8,0.2805877619716359,0.002503967481447279,0.28309172945308314
2.81,0.0027732300004572608,7,0.0001250478062907942,True,cbf_obstacle_8,0.28021662076800713,0.002506891462953424,0.28272351223096054
2.82,0.002747210000961786,7,0.0001242323258977135,True,cbf_obstacle_8,0.2798480144739232,0.002509805150769323,0.28235781962469253
2.83,0.002860719003365375,7,0.0001234148860680892,True,cbf_obstacle_8,0.27948147965526515,0.0025127097520589317,0.28199418940732407
2.84,0.002779440001177136,7,0.0001225953884382014,True,cbf_obstacle_8,0.27911839852119963,0.002515603981007066,0.2816340025022067
2.85,0.0027475099996081553,7,0.00012177480500310395,True,cbf_obstacle_8,0.2787572356171097,0.0025184899584727157,0.2812757255755824
2.86,0.0027423100000305567,7,0.00012095342506728696,True,cbf_obstacle_8,0.2783998776385691,0.002521366962246315,0.2809212446008154
2.87,0.0028517790015030187,7,0.00012013156628937899,True,cbf_obstacle_8,0.27804677593905924,0.0025242342676052706,0.28057101020666453
2.88,0.0028324589984549675,7,0.0001193111475230671,True,cbf_obstacle_8,0.27769639604422003,0.0025270921661697766,0.2802234882103898
2.89,0.0027536790003068745,7,0.00011849102242574017,True,cbf_obstacle_8,0.27735068468098695,0.002529940371107099,0.27988062505209405
2.9,0.0027622199995676056,7,0.00011767259457996782,True,cbf_obstacle_8,0.27700754132136574,0.002532779253809309,0.279540320575175
2.91,0.002849329001037404,7,0.00011685637927784376,True,cbf_obstacle_8,0.27667057540372014,0.002535608720873312,0.27920618412459347
2.92,0.0028247189984540455,7,0.0001160424671586488,True,cbf_obstacle_8,0.27633549218164455,0.0025384283590037366,0.2788739205406483
2.93,0.0027924589994654525,7,0.0001152316207349291,True,cbf_obstacle_8,0.27600594917154914,0.002541238537925586,0.27854718770947473
2.94,0.0027768190011556726,7,0.00011442321178430775,True,cbf_obstacle_8,0.2756828952199161,0.002544039456904888,0.278226934676821
2.95,0.002860579999833135,7,0.00011361856721243263,True,cbf_obstacle_8,0.27536381950184946,0.0025468301110407672,0.27791064961289025
2.96,0.0028556789984577335,7,0.00011281812271852348,True,cbf_obstacle_8,0.2750484866074805,0.002549612809826676,0.2775980994173072
2.97,0.0027519200011738576,7,0.00011202137146913704,True,cbf_obstacle_8,0.2747403750324738,0.002552383472145722,0.2772927585046195
2.98,0.0027056099970650394,7,0.00011122895939408295,True,cbf_obstacle_8,0.2744379019191186,0.002555145359425729,0.27699304727854435
2.99,0.002826869997079484,7,0.00011044117113462315,True,cbf_obstacle_8,0.2741373086296853,0.0025578971777973215,0.2766952058074826
3.0,0.0028583890016307123,7,0.00010965886115108653,True,cbf_obstacle_8,0.27384575995603017,0.002560638713488153,0.2764063986695183
3.0100000000000002,0.002765941000689054,7,0.00010888041721732189,True,cbf_obstacle_8,0.27355899588573007,0.00256337225716372,0.2761223681428938
3.02,0.0028164390023448505,7,0.00010810824678104264,True,cbf_obstacle_8,0.2732767427126914,0.00256609358713398,0.2758428362998254
3.0300000000000002,0.0029346480005187914,7,0.00010734048019570702,True,cbf_obstacle_8,0.27300146577453327,0.0025688068682772312,0.2755702726428105
3.04,0.0028649089981627185,7,0.00010657893765827348,True,cbf_obstacle_8,0.2727314651474746,0.0025715095228340972,0.2753029746703087
3.0500000000000003,0.002769979000731837,7,0.00010582232656772966,True,cbf_obstacle_8,0.2724679561540048,0.0025742029708032206,0.27504215912480806
3.06,0.0027259300004516263,7,0.00010507254684577472,True,cbf_obstacle_8,0.27220986130889885,0.00257688546138202,0.27478674677028087
3.0700000000000003,0.003937247001886135,12,0.00010432759141472403,True,cbf_obstacle_8,0.2719577927450591,0.0025795590071676982,0.2745373517522268
3.08,0.003479423001408577,10,0.000103589258088857,True,cbf_obstacle_8,0.27171066703401353,0.002582224051949865,0.2742928910859634
3.09,0.003141484998195665,9,0.00010285648439025546,True,cbf_obstacle_8,0.2714691700481109,0.002584878400756232,0.2740540484488671
3.1,0.0029948569972475525,8,0.00010213006078916426,True,cbf_obstacle_8,0.27123462599895737,0.0025875239916254037,0.2738221499905828
3.11,0.0029823379991285037,8,0.00010140932125561608,True,cbf_obstacle_8,0.2710053682075833,0.002590160247289207,0.2735955284548725
3.12,0.002714081001613522,7,0.00010069630251503814,True,cbf_obstacle_8,0.2707815148149391,0.002592786357607947,0.2733743011725471
3.13,0.0027110199989692774,7,9.99881151356255e-05,True,cbf_obstacle_8,0.2705648865856625,0.0025954041717590184,0.27316029075742154
3.14,0.0028222690016264096,7,9.928637888573927e-05,True,cbf_obstacle_8,0.2703505190436481,0.0025980125701004974,0.2729485316137486
3.15,0.0024961529998108745,6,9.85912644232631e-05,True,cbf_obstacle_8,0.27014459858357864,0.0026006126567509093,0.2727452112403296
3.16,0.002430893000564538,6,9.790218294702252e-05,True,cbf_obstacle_8,0.2699418284189014,0.0026032051087773868,0.2725450335276788
3.17,0.0024410939986410085,6,9.721983224254827e-05,True,cbf_obstacle_8,0.2697450041269601,0.002605789086641028,0.27235079321360117
3.18,0.002498492998711299,6,9.65436220065341e-05,True,cbf_obstacle_8,0.269552615061837,0.002608364494834757,0.27216097955667173
3.19,0.002618792001157999,6,9.587331571218188e-05,True,cbf_obstacle_8,0.2693660417867337,0.0026109318441844822,0.27197697363091816
3.2,0.002456103000440635,6,9.521036370810365e-05,True,cbf_obstacle_8,0.26918267356730957,0.0026134917431176806,0.2717961653104273
3.21,0.002445033002004493,6,9.455321820336926e-05,True,cbf_obstacle_8,0.2690053942280868,0.0026160438927369267,0.27162143812082373
3.22,0.0025044719986908603,6,9.39026957028008e-05,True,cbf_obstacle_8,0.2688321392793327,0.002618588288587076,0.27145072756791977
3.23,0.0026075710011355113,6,9.325933294313318e-05,True,cbf_obstacle_8,0.26866287086167023,0.0026211253355399766,0.2712839961972102
3.24,0.0025319420019513927,6,9.262064837326986e-05,True,cbf_obstacle_8,0.26849676454454174,0.0026236580400995175,0.27112042258464125
3.25,0.002775469001790043,6,9.198939226870428e-05,True,cbf_obstacle_8,0.2683344579293343,0.0026261841440868095,0.27096064207342113
3.2600000000000002,0.0025720720004756004,6,9.136450381660652e-05,True,cbf_obstacle_8,0.2681759288722541,0.0026287041910548646,0.270804633063309
3.27,0.002683540998987155,6,9.074602442600208e-05,True,cbf_obstacle_8,0.2680203011362727,0.00263121671567172,0.2706515178519444
3.2800000000000002,0.0025677119992906228,6,9.013389768823543e-05,True,cbf_obstacle_8,0.2678678072666134,0.0026337259604025695,0.270501533227016
3.29,0.0025702720013214275,6,8.952802717203737e-05,True,cbf_obstacle_8,0.2677198656646875,0.0026362303586526417,0.2703560960233401
3.3000000000000003,0.002620670999021968,6,8.892810216570846e-05,True,cbf_obstacle_8,0.26757286553190524,0.0026387287659264715,0.2702115942978317
3.31,0.0026182009969488718,6,8.833451916196583e-05,True,cbf_obstacle_8,0.26742809619401037,0.002641224925265831,0.2700693211192762
3.3200000000000003,0.0025287120006396435,6,8.774765569529927e-05,True,cbf_obstacle_8,0.2672859174950856,0.002643715586400976,0.2699296330814866
3.33,0.002809739002259448,6,8.716753657179652e-05,True,cbf_obstacle_8,0.2671426246501152,0.002646203813405394,0.2697888284635206
3.34,0.0030208169991965406,6,8.659261505178373e-05,True,cbf_obstacle_8,0.2670046589599691,0.0026486893459901906,0.26965334830595933
3.35,0.0025261629998567514,6,8.602392065380424e-05,True,cbf_obstacle_8,0.2668649286457815,0.0026511729220914547,0.2695161015678729
3.36,0.002561071996751707,6,8.546234959145096e-05,True,cbf_obstacle_8,0.2667287197207263,0.002653653985806752,0.26938237370653306
3.37,0.0025514020016998984,6,8.49071626831642e-05,True,cbf_obstacle_8,0.26659376021119385,0.0026561321987438363,0.2692498924099377
3.38,0.0026286810025339946,6,8.43574350875391e-05,True,cbf_obstacle_8,0.2664569618364113,0.0026586083262074957,0.26911557016261883
3.39,0.0025066730013350025,5,8.381405327300209e-05,True,cbf_obstacle_8,0.2663226378764193,0.0026610850049328906,0.2689837228813522
3.4,0.0022181159984029364,5,8.327773627917964e-05,True,cbf_obstacle_8,0.2661858091618674,0.002663561493475362,0.26884937065534276
3.41,0.0021819959983986337,5,8.27462869390852e-05,True,cbf_obstacle_8,0.26605110782188734,0.002666037923279057,0.2687171457451664
3.42,0.002319555002031848,5,8.222206509472113e-05,True,cbf_obstacle_8,0.2659131727305075,0.00266851548227558,0.2685816882127831
3.43,0.002311995001946343,5,8.170368981500267e-05,True,cbf_obstacle_8,0.2657764790724515,0.002670991903743358,0.26844747097619487
3.44,0.002347993999137543,5,8.119040536520156e-05,True,cbf_obstacle_8,0.26563879606654517,0.00267347139354815,0.26831226746009335
3.45,0.0021949359979771543,5,8.068432956500823e-05,True,cbf_obstacle_8,0.26549897344929757,0.0026759508820946693,0.26817492433139223
3.46,0.002338005000638077,5,8.018451595157017e-05,True,cbf_obstacle_8,0.26535793577574834,0.0026784327321226556,0.268036368507871
3.47,0.002722060999076348,6,7.969029703620845e-05,True,cbf_obstacle_8,0.26521536845782173,0.0026809178205685134,0.26789628627839024
3.48,0.0025011530015035532,6,7.920184510044545e-05,True,cbf_obstacle_8,0.26507209638320384,0.0026834046158562435,0.2677555009990601
3.49,0.00243852299900027,6,7.872052227178225e-05,True,cbf_obstacle_8,0.26492583579292195,0.0026858952968768996,0.26761173108979885
3.5,0.002561442001024261,6,7.824395158137834e-05,True,cbf_obstacle_8,0.2647762197443663,0.00268838836853911,0.26746460811290546
3.5100000000000002,0.0025949420014512725,6,7.777407090895153e-05,True,cbf_obstacle_8,0.264627524300696,0.0026908860951115735,0.2673184103958076
3.52,0.0024450130003970116,6,7.730935337510111e-05,True,cbf_obstacle_8,0.26447523602904555,0.0026933855529632424,0.26716862158200877
3.5300000000000002,0.0024348630031454377,6,7.685101157271085e-05,True,cbf_obstacle_8,0.26431979792258836,0.002695890537731507,0.26701568846031987
3.54,0.002499301997886505,6,7.639886145970748e-05,True,cbf_obstacle_8,0.2641622050670176,0.0026983983756146608,0.26686060344263224
3.5500000000000003,0.0026223210006719455,6,7.595194305536762e-05,True,cbf_obstacle_8,0.26400107893082,0.0027009122545181698,0.26670199118533816
3.56,0.0025360719992022496,6,7.551005416385134e-05,True,cbf_obstacle_8,0.26383919825156127,0.0027034309312152726,0.26654262918277655
3.5700000000000003,0.002408623000519583,6,7.507500051530044e-05,True,cbf_obstacle_8,0.2636740602730227,0.0027059508684439556,0.26638001114146664
3.58,0.0027284310017421376,7,7.464471737265652e-05,True,cbf_obstacle_8,0.2635067585644056,0.0027084784895515033,0.2662152370539571
3.59,0.00277155000003404,7,7.422009211431255e-05,True,cbf_obstacle_8,0.26333560490318314,0.002711012761770931,0.2660466176649541
3.6,0.0027036110004701186,7,7.380035032365784e-05,True,cbf_obstacle_8,0.26316296220713636,0.0027135484733637237,0.2658765106805001
3.61,0.0026882800011662766,7,7.33872769573575e-05,True,cbf_obstacle_8,0.2629876322386714,0.002716091347049813,0.2657037235857212
3.62,0.002777959998638835,7,7.297800419651251e-05,True,cbf_obstacle_8,0.26281221336080784,0.0027186366109654904,0.26553084997177334
3.63,0.002715260001423303,7,7.25747280361129e-05,True,cbf_obstacle_8,0.2626306012008447,0.002721188577522824,0.26535178977836754
3.64,0.003522932001942536,7,7.217618388103558e-05,True,cbf_obstacle_8,0.2624489377375541,0.0027237445602354437,0.26517268229778956
3.65,0.0027767589999712072,7,7.178373659352116e-05,True,cbf_obstacle_8,0.26226578327254113,0.002726305196490978,0.2649920884690321
3.66,0.0027244709999649785,7,7.139602440262363e-05,True,cbf_obstacle_8,0.26208062279560085,0.002728867313119737,0.26480949010872057
3.67,0.0027401100014685653,7,7.101255415977586e-05,True,cbf_obstacle_8,0.26189252618766556,0.0027314374346850195,0.2646239636223506
3.68,0.0027804589990410022,7,7.063437390374822e-05,True,cbf_obstacle_8,0.2617058382973038,0.0027340070117588674,0.26443984530906267
3.69,0.0026586309977574274,7,7.025925284113999e-05,True,cbf_obstacle_8,0.26151406654566095,0.002736585685904966,0.2642506522315659
3.7,0.0027108200010843575,7,6.989132731227005e-05,True,cbf_obstacle_8,0.2613245797802146,0.002739161523095855,0.26406374130331045
3.71,0.0028263899985176977,7,6.952732141869353e-05,True,cbf_obstacle_8,0.26113334695732715,0.002741742270484583,0.2638750892278117
3.72,0.0027239009978075046,7,6.916630734807999e-05,True,cbf_obstacle_8,0.2609416430290873,0.002744329416350545,0.26368597244543784
3.73,0.002700589997402858,7,6.880944336373762e-05,True,cbf_obstacle_8,0.2607505967889051,0.0027469150938360786,0.2634975118827412
3.74,0.0028061189987056423,7,6.845706670289414e-05,True,cbf_obstacle_8,0.26055878092323725,0.002749504196721693,0.26330828511995896
3.75,0.002766509998764377,7,6.811020087588507e-05,True,cbf_obstacle_8,0.26036422357938893,0.0027520951941709965,0.26311631877355995
3.7600000000000002,0.0026731010002549738,7,6.776657269360817e-05,True,cbf_obstacle_8,0.26017445116349414,0.0027546846771005526,0.2629291358405947
3.77,0.002728531002503587,7,6.742614182165402e-05,True,cbf_obstacle_8,0.25998577315026206,0.0027572765043680876,0.26274304965463013
3.7800000000000002,0.0027977200006716885,7,6.70894190244499e-05,True,cbf_obstacle_8,0.25979399461552105,0.0027598715714352404,0.2625538661869563
3.79,0.0026901199998974334,7,6.675706086794672e-05,True,cbf_obstacle_8,0.2596073289972583,0.0027624614928906804,0.26236979049014897
3.8000000000000003,0.0027212699969823007,7,6.642798476204359e-05,True,cbf_obstacle_8,0.25942116734575343,0.0027650532601765734,0.26218622060593
3.81,0.002836509000189835,7,6.610116445983708e-05,True,cbf_obstacle_8,0.259236834560567,0.0027676445618715555,0.26200447912243857
3.8200000000000003,0.002816049000102794,7,6.57786664201021e-05,True,cbf_obstacle_8,0.259054890371082,0.002770234830537825,0.2618251252016198
3.83,0.002717051000217907,7,6.545914723547763e-05,True,cbf_obstacle_8,0.25887333105078975,0.002772824328157999,0.26164615537894775
3.84,0.002853108999261167,7,6.514293318480961e-05,True,cbf_obstacle_8,0.2586955434791,0.002775410794249635,0.26147095427334965
3.85,0.0027698499980033375,7,6.483016720118702e-05,True,cbf_obstacle_8,0.2585206683067836,0.0027779923423207334,0.26129866064910434
3.86,0.002673741000762675,7,6.45187489462691e-05,True,cbf_obstacle_8,0.2583493914596814,0.0027805757906812466,0.26112996725036264
3.87,0.0028605679981410503,7,6.421318952993214e-05,True,cbf_obstacle_8,0.25817927800546014,0.002783152872604062,0.2609624308780642
3.88,0.0027605499999481253,7,6.390674543660553e-05,True,cbf_obstacle_8,0.2580128221071604,0.002785729951038197,0.26079855205819863
3.89,0.00271980999968946,7,6.360538614192703e-05,True,cbf_obstacle_8,0.25785151903354475,0.0027883000452922063,0.26063981907883693
3.9,0.002832969999872148,7,6.33056476526811e-05,True,cbf_obstacle_8,0.25769341305392773,0.002790865590866833,0.26048427864479456
3.91,0.0027511900007084478,7,6.300895243394056e-05,True,cbf_obstacle_8,0.25753758874502325,0.002793428720292567,0.26033101746531584
3.92,0.002703449998080032,7,6.271280078590236e-05,True,cbf_obstacle_8,0.25738630046457983,0.0027959897028840483,0.26018229016746386
3.93,0.00287056900197058,7,6.242016724002965e-05,True,cbf_obstacle_8,0.25724085226099874,0.0027985425813755495,0.2600393948423743
3.94,0.0027494809983181767,7,6.213060331096247e-05,True,cbf_obstacle_8,0.25710013300753065,0.002801086014698725,0.2599012190222294
3.95,0.002686410996830091,7,6.184201441819352e-05,True,cbf_obstacle_8,0.2569613416068821,0.0028036306199077728,0.2597649722267899
3.96,0.003048706999834394,7,6.155640660273666e-05,True,cbf_obstacle_8,0.2568272952981802,0.0028061629904110497,0.25963345828859125
3.97,0.0027373699995223433,7,6.127245228272973e-05,True,cbf_obstacle_8,0.256697160916184,0.002808691332361657,0.25950585224854567
3.98,0.0026709009980550036,7,6.099052936800464e-05,True,cbf_obstacle_8,0.25657083863298397,0.0028112148969675413,0.25938205352995153
3.99,0.0028162589987914544,7,6.0710592368066335e-05,True,cbf_obstacle_8,0.2564535804747325,0.0028137288350765658,0.25926730930980907
4.0,0.002726550999796018,7,6.043085558021799e-05,True,cbf_obstacle_8,0.2563378932152753,0.0028162405056705252,0.2591541337209458
4.01,0.0027292799968563486,7,6.00875779559959e-05,True,cbf_obstacle_0,0.2562276486070278,0.0028187358265379606,0.25904638443356576
4.0200000000000005,0.002899159000662621,7,5.955983659313574e-05,True,cbf_obstacle_0,0.2561212137305886,0.0028212318366571754,0.25894244556724577
4.03,0.002770899001916405,7,5.903828210249151e-05,True,cbf_obstacle_0,0.2560193686445505,0.0028237185976490594,0.25884308724219957
4.04,0.002688960998057155,7,5.852094460601087e-05,True,cbf_obstacle_0,0.25592279515074284,0.002826196485537138,0.25874899163627996
4.05,0.002956317999633029,7,5.800836548493227e-05,True,cbf_obstacle_0,0.2558335714006534,0.0028286676946595707,0.25866223909531294
4.0600000000000005,0.0029024979994574096,7,5.750096328645954e-05,True,cbf_obstacle_0,0.2557451442832047,0.0028311296504696624,0.2585762739336744
4.07,0.0032881340011954308,7,5.699856659211605e-05,True,cbf_obstacle_0,0.25566465935467564,0.0028335815811634866,0.2584982409358391
4.08,0.0027948599999945145,7,5.650118777725255e-05,True,cbf_obstacle_0,0.25558969416988014,0.002836026829802362,0.25842572099968253
4.09,0.002843878999556182,7,5.600791117459092e-05,True,cbf_obstacle_0,0.2555145358535673,0.0028384664954703267,0.25835300234903763
4.1,0.003008986997883767,7,5.55204372097301e-05,True,cbf_obstacle_0,0.25544923691191235,0.0028408919564277286,0.2582901288683401
4.11,0.0027821200019388925,7,5.503731540415502e-05,True,cbf_obstacle_0,0.2553877061369986,0.0028433120848073137,0.25823101822180594
4.12,0.0028510990014183335,7,5.4560916612683696e-05,True,cbf_obstacle_0,0.2553302182459983,0.002845712385857818,0.25817593063185607
4.13,0.002861267999833217,7,5.4086742840075974e-05,True,cbf_obstacle_0,0.25527824978380603,0.0028481204573102604,0.2581263702411163
4.14,0.0027348900002834853,7,5.361817735997226e-05,True,cbf_obstacle_0,0.25523126015926395,0.0028505084923804956,0.25808176865164445
4.15,0.0028369089995976537,7,5.315532758365382e-05,True,cbf_obstacle_0,0.25518828381532993,0.0028528852668500875,0.25804116908218
4.16,0.0028285590015002526,7,5.2695834061464164e-05,True,cbf_obstacle_0,0.25515012288414984,0.0028552601662064354,0.25800538305035625
4.17,0.0027240599993092474,7,5.22430332197954e-05,True,cbf_obstacle_0,0.2551168619246874,0.0028576147176781587,0.25797447664236556
4.18,0.002754810000624275,7,5.179325173787497e-05,True,cbf_obstacle_0,0.2550867812966056,0.002859971270095236,0.25794675256670085
4.19,0.0031007869984023273,7,5.134891453075635e-05,True,cbf_obstacle_0,0.2550637966176509,0.002862305806508487,0.25792610242415936
4.2,0.0027784200028690975,7,5.090902992882507e-05,True,cbf_obstacle_0,0.2550445013432896,0.0028646355251448563,0.2579091368684345
4.21,0.003311462998681236,7,5.047383190478344e-05,True,cbf_obstacle_0,0.25502584042499127,0.002866957423106861,0.25789279784809815
4.22,0.002867509003408486,7,5.004412538400088e-05,True,cbf_obstacle_0,0.255016245219331,0.002869257425971228,0.2578855026453022
4.23,0.002919747999840183,7,4.9617922035664896e-05,True,cbf_obstacle_0,0.2550089241693308,0.002871552731816901,0.2578804769011477
4.24,0.002868168001441518,7,4.919593646032783e-05,True,cbf_obstacle_0,0.25500317010895607,0.002873843485704699,0.25787701359466075
4.25,0.0027332199970260262,7,4.877917602516546e-05,True,cbf_obstacle_0,0.2550079053552755,0.00287611635525057,0.2578840217105261
4.26,0.0033931629986909684,7,4.836679753249945e-05,True,cbf_obstacle_0,0.2550113239701563,0.002878378778367384,0.2578897027485237
4.2700000000000005,0.0027672500000335276,7,4.795891132329533e-05,True,cbf_obstacle_0,0.2550199845188592,0.0028806236973528613,0.2579006082162121
4.28,0.0027501600015966687,7,4.7554819145617655e-05,True,cbf_obstacle_0,0.2550319515461611,0.002882867979476994,0.2579148195256381
4.29,0.0028967489997739904,7,4.715471929208487e-05,True,cbf_obstacle_0,0.25504518336687326,0.00288509849291256,0.25793028185978584
4.3,0.0028313590009929612,7,4.6761155680724587e-05,True,cbf_obstacle_0,0.2550664582365375,0.0028873008750497607,0.25795375911158724
4.3100000000000005,0.002759459999651881,7,4.6371078124010645e-05,True,cbf_obstacle_0,0.25509016892653025,0.002889499705310238,0.25797966863184046
4.32,0.003128325999568915,7,4.598416540281536e-05,True,cbf_obstacle_0,0.25511572425898965,0.0028916901349209947,0.2580074143939107
4.33,0.0028198290019645356,7,4.560256522922329e-05,True,cbf_obstacle_0,0.25514241521660047,0.002893866300442116,0.2580362815170426
4.34,0.0031867450015852228,7,4.522452166877411e-05,True,cbf_obstacle_0,0.25517685124293976,0.0028960322050235734,0.2580728834479633
4.3500000000000005,0.0030010679984115995,7,4.485154994427268e-05,True,cbf_obstacle_0,0.25520839578223403,0.0028981758506226797,0.2581065716328567
4.36,0.003182805001415545,7,4.448170168714141e-05,True,cbf_obstacle_0,0.25524607882749795,0.002900312396742669,0.2581463912242406
4.37,0.002774249998765299,7,4.411791705842549e-05,True,cbf_obstacle_0,0.2552881634541092,0.0029024222040078215,0.25819058565811703
4.38,0.003077526002016384,7,4.375784366042121e-05,True,cbf_obstacle_0,0.25532982456340486,0.0029045229649458516,0.2582343475283507
4.39,0.0030574670017813332,7,4.339967487476323e-05,True,cbf_obstacle_0,0.2553723134874516,0.002906620600535639,0.25827893408798724
4.4,0.0030923859994800296,7,4.304789325873873e-05,True,cbf_obstacle_0,0.25541854165199,0.0029086906159960495,0.25832723226798604
4.41,0.002701540000998648,7,4.269959358596531e-05,True,cbf_obstacle_0,0.2554662292432817,0.002910750482301306,0.25837697972558304
4.42,0.002904577999288449,7,4.235580015374621e-05,True,cbf_obstacle_0,0.25551203006059126,0.0029127864571549854,0.25842481651774624
4.43,0.0028097190006519668,7,4.201618216978856e-05,True,cbf_obstacle_0,0.25556954070952675,0.00291480793495885,0.2584843486444856
4.44,0.0027213899993512314,7,4.167999454756863e-05,True,cbf_obstacle_0,0.25561748875321316,0.002916821206383564,0.25853430995959675
4.45,0.0029728570007137023,7,4.134822486503639e-05,True,cbf_obstacle_0,0.2556751156012926,0.002918811391023779,0.25859392699231637
4.46,0.002714919999561971,7,4.102111727714158e-05,True,cbf_obstacle_0,0.2557298997074101,0.0029207792407036663,0.2586506789481138
4.47,0.003280035001807846,7,4.06991078848451e-05,True,cbf_obstacle_0,0.25578560042183607,0.0029227181696392006,0.25870831859147525
4.48,0.0029688180002267472,6,4.0380193700003536e-05,True,cbf_obstacle_0,0.2558398276610421,0.002924658298649762,0.2587644859596918
4.49,0.0028977280016988516,6,4.006584562375737e-05,True,cbf_obstacle_0,0.2558989270816345,0.0029265655269133076,0.25882549260854776
4.5,0.00262466099957237,6,3.975536722956516e-05,True,cbf_obstacle_0,0.2559512212701594,0.002928462357594204,0.2588796836277536
4.51,0.0025629119991208427,6,3.944941705333674e-05,True,cbf_obstacle_0,0.25600888470333166,0.0029303289659907638,0.25893921366932243
4.5200000000000005,0.0025985319989558775,6,3.914733659610148e-05,True,cbf_obstacle_0,0.25606428893877425,0.002932180108186542,0.2589964690469608
4.53,0.0029552279993367847,6,3.8845794496020214e-05,True,cbf_obstacle_0,0.2561141506266945,0.002934051238760853,0.25904820186545535
4.54,0.0024601040022389498,6,3.8547877080043896e-05,True,cbf_obstacle_0,0.25616597451529516,0.002935903570222694,0.2591018780855179
4.55,0.002894747998652747,6,3.825388715544137e-05,True,cbf_obstacle_0,0.25621171349617905,0.0029377479969626367,0.25914946149314166
4.5600000000000005,0.0027437610006018076,6,3.796474994174209e-05,True,cbf_obstacle_0,0.2562627604840571,0.002939556027004117,0.25920231651106124
4.57,0.002643921998242149,6,3.7679336287191334e-05,True,cbf_obstacle_0,0.25630833630465,0.002941341424270824,0.2592496777289208
4.58,0.002822449001541827,6,3.7397526633842215e-05,True,cbf_obstacle_0,0.25635417671531635,0.0029430944659796453,0.259297271181296
4.59,0.0034126529972127173,6,3.712034949156923e-05,True,cbf_obstacle_0,0.2563968518498631,0.002944823832903423,0.2593416756827665
4.6000000000000005,0.0026622910008882172,6,3.685161912440199e-05,True,cbf_obstacle_0,0.2564403712701892,0.0029464901614960942,0.2593868614316853
4.61,0.0024686230026418343,6,3.659184026713613e-05,True,cbf_obstacle_0,0.256480290683683,0.0029481070889207125,0.25942839777260374
4.62,0.0028681389994744677,6,3.633765679085868e-05,True,cbf_obstacle_0,0.2565067985051006,0.002949708177163082,0.25945650668226367
4.63,0.002681830999790691,6,3.609066717383258e-05,True,cbf_obstacle_0,0.25653624466000796,0.0029512400917547648,0.25948748475176275
4.64,0.002603581000585109,6,3.584905688547302e-05,True,cbf_obstacle_0,0.25655661175042854,0.002952744451879956,0.25950935620230847
4.65,0.002975078001327347,6,3.5616069669276024e-05,True,cbf_obstacle_0,0.2565761099278208,0.002954184996099211,0.25953029492392005
4.66,0.0025920519983628765,6,3.539031878982413e-05,True,cbf_obstacle_0,0.25658130113944183,0.0029555772262908346,0.2595368783657327
4.67,0.002879109000787139,6,3.5172985671350077e-05,True,cbf_obstacle_0,0.25658701629227587,0.0029569004600371756,0.25954391675231303
4.68,0.0026961110015690792,6,3.4965163805893845e-05,True,cbf_obstacle_0,0.25658947388730546,0.0029581517860693325,0.2595476256733748
4.69,0.002472722997481469,6,3.476842302296487e-05,True,cbf_obstacle_0,0.25658400209188054,0.002959320232938212,0.25954332232481875
4.7,0.0031839449984545354,6,3.458072305867477e-05,True,cbf_obstacle_0,0.25657137014375436,0.002960420281398109,0.25953179042515245
4.71,0.0024336540009244345,6,3.44047198067958e-05,True,cbf_obstacle_0,0.25654723361355997,0.0029614243005738946,0.25950865791413386
4.72,0.0024924219978856854,6,3.4240295795340964e-05,True,cbf_obstacle_0,0.25652350406967084,0.0029623367017672674,0.2594858407714381
4.73,0.0028070289990864694,6,3.409279769203688e-05,True,cbf_obstacle_0,0.2564821009087155,0.0029631137604772552,0.25944521466919274
4.74,0.0024942529998952523,6,3.395995002965918e-05,True,cbf_obstacle_0,0.2564381456942755,0.0029637644394890153,0.2594019101337645
4.75,0.002664630999788642,6,3.384493220447496e-05,True,cbf_obstacle_0,0.25638326054817023,0.0029642746103177658,0.259347535158488
4.76,0.0026100409995706286,6,3.3749039788266016e-05,True,cbf_obstacle_0,0.25632427186986084,0.0029646205723192222,0.25928889244218006
4.7700000000000005,0.0024434529987047426,5,3.367678699865706e-05,True,cbf_obstacle_0,0.256252640336571,0.0029647787216982857,0.25921741905826934
4.78,0.0031381359985971358,6,3.3629441709075863e-05,True,cbf_obstacle_0,0.25617372954356893,0.0029647272244937893,0.25913845676806274
4.79,0.0027341099994373508,6,3.3611208423815764e-05,True,cbf_obstacle_0,0.25607702332088816,0.0029644554617227867,0.25904147878261097
4.8,0.0029680769985134248,6,3.362759178687086e-05,True,cbf_obstacle_0,0.2559823590541961,0.0029638831310383183,0.2589462421852344
4.8100000000000005,0.002952737999294186,6,3.368300535131624e-05,True,cbf_obstacle_0,0.25587100438034427,0.002963003537767074,0.25883400791811134
4.82,0.002260535999084823,5,3.379236399308691e-05,True,cbf_obstacle_0,0.2557553526325212,0.0029616892401000926,0.2587170418726213
4.83,0.002528883000195492,5,3.395251319011569e-05,True,cbf_obstacle_0,0.2556350278851421,0.002959975061624573,0.2585950029467667
4.84,0.002678081000340171,6,3.417948231550921e-05,True,cbf_obstacle_0,0.25550711922967545,0.0029577560534944855,0.2584648752831699
4.8500000000000005,0.00320527499934542,7,3.448794199195637e-05,True,cbf_obstacle_0,0.2553817681838676,0.0029549027935337796,0.2583366709774014
4.86,0.0031038570014061406,7,3.4904116254272366e-05,True,cbf_obstacle_0,0.255250025987143,0.0029512554316959293,0.25820128141883897
4.87,0.002992437999637332,7,3.544310082055982e-05,True,cbf_obstacle_0,0.25512265410758816,0.0029465769026556623,0.2580692310102438
4.88,0.0033614639978623018,7,3.614397371598521e-05,True,cbf_obstacle_0,0.25502158477799564,0.00294046944260207,0.2579620542205977
4.89,0.0029164979969209526,7,3.7048896933945114e-05,True,cbf_obstacle_0,0.254935815818279,0.002932584545430867,0.2578684003637099
4.9,0.003253623999626143,7,3.822798367765154e-05,True,cbf_obstacle_0,0.2548950275268904,0.0029222449347700926,0.25781727246166053
4.91,0.002824578998115612,7,3.976612199836291e-05,True,cbf_obstacle_0,0.2549119338819972,0.002908610071448997,0.25782054395344617
4.92,0.0029824279990862124,6,4.1800566916053855e-05,True,cbf_obstacle_0,0.2550235275261807,0.002890256517608305,0.257913784043789
4.93,0.0026594209994073026,6,4.4527326770774436e-05,True,cbf_obstacle_0,0.25524294781379825,0.0028647094218002592,0.25810765723559853
4.94,0.002364503998251166,6,4.820754054687612e-05,True,cbf_obstacle_0,0.2556195748502766,0.0028273943551866973,0.2584469692054633
4.95,0.0026033220019598957,6,5.298745156523052e-05,True,cbf_obstacle_0,0.2562246110437908,0.002769447223575248,0.25899405826736605
4.96,0.00183450099939364,4,5.5578834667452046e-05,True,cbf_obstacle_2,0.2570670134955283,0.0026824610732890004,0.2597494745688173
4.97,0.002144506997865392,5,5.534936272274214e-05,True,cbf_obstacle_2,0.25806609031594224,0.002601703337578562,0.26066779365352083
4.98,0.0016659920001984574,4,5.510252312517297e-05,True,cbf_obstacle_2,0.2590680055361855,0.0025493401579923273,0.2616173456941778
4.99,0.0017540310000185855,5,5.485455331793662e-05,True,cbf_obstacle_2,0.26008468808324436,0.0025138277528218753,0.26259851583606625
5.0,0.0017108409992943052,5,5.460817848007386e-05,True,cbf_obstacle_2,0.2610906688064515,0.0024875097197094944,0.263578178526161
5.01,0.001447144000849221,4,5.436705095870388e-05,True,cbf_obstacle_2,0.2620748110176817,0.0024667108619877563,0.26454152187966945
5.0200000000000005,0.0021585059985227417,4,5.412794941272829e-05,True,cbf_obstacle_2,0.2630627169796418,0.002449603245734339,0.26551232022537613
5.03,0.0016741320032451767,4,5.389011580619364e-05,True,cbf_obstacle_2,0.26404184971131517,0.0024351180764288537,0.26647696778774405
5.04,0.0014747239983989857,4,5.3658031796662356e-05,True,cbf_obstacle_2,0.2650055493062925,0.002422498718368871,0.26742804802466136
5.05,0.001432154000212904,4,5.3429293658287594e-05,True,cbf_obstacle_2,0.26597176562427066,0.002411377876114747,0.2683831435003854
5.0600000000000005,0.0017199710018758196,5,5.320096585680403e-05,True,cbf_obstacle_2,0.26692404288601274,0.0024014267558647774,0.26932546964187754
5.07,0.0016795119991002139,5,5.297813108811125e-05,True,cbf_obstacle_2,0.26787074626843466,0.002392397232715226,0.2702631435011499
5.08,0.0016890510014491156,5,5.2756231137686405e-05,True,cbf_obstacle_2,0.268812788602537,0.002384133353297038,0.271196921955834
5.09,0.0016956919971562456,5,5.253477697267708e-05,True,cbf_obstacle_2,0.2697572812270553,0.0023765378783798877,0.27213381910543516
5.1000000000000005,0.001678020998951979,5,5.232008995703641e-05,True,cbf_obstacle_2,0.2706811712998377,0.002369479547678657,0.27305065084751634
5.11,0.001693191999947885,5,5.2100327885445594e-05,True,cbf_obstacle_2,0.271599292866164,0.0023629138937297993,0.2739622067598938
5.12,0.0016837209986988455,5,5.188009701572599e-05,True,cbf_obstacle_2,0.2725106236226974,0.002356789889449426,0.27486741351214683
5.13,0.0016677319981681649,5,5.165643177403555e-05,True,cbf_obstacle_2,0.2734347675050634,0.002351036732298654,0.27578580423736204
5.14,0.001797711000108393,5,5.14334694970333e-05,True,cbf_obstacle_2,0.27432964405907106,0.002345586867642165,0.27667523092671326
5.15,0.0016755110009398777,5,5.122102885477334e-05,True,cbf_obstacle_2,0.27523819276428674,0.0023403806030485737,0.2775785733673353
5.16,0.0017404309983248822,5,5.100583237570462e-05,True,cbf_obstacle_2,0.2761354763518421,0.00233518427595663,0.27847066062779874
5.17,0.0016792919996078126,5,5.07928499811211e-05,True,cbf_obstacle_2,0.2770336423485037,0.002329956083744483,0.2793635984322482
5.18,0.0017176909968839027,5,5.058018864807952e-05,True,cbf_obstacle_2,0.2779155175686316,0.002324714469950894,0.2802402320385825
5.19,0.0016704019981261808,5,5.037181211120165e-05,True,cbf_obstacle_2,0.2788026532548728,0.00231950591743847,0.28112215917231126
5.2,0.0019907879977836274,5,5.0165299286038245e-05,True,cbf_obstacle_2,0.2796891227719398,0.002314338250143063,0.28200346102208285
5.21,0.001667682001425419,5,4.996269662628332e-05,True,cbf_obstacle_2,0.28056149717390294,0.002309215132469198,0.2828707123063721
5.22,0.0016780320001998916,5,4.975682448198418e-05,True,cbf_obstacle_2,0.2814239852307792,0.0023041798709291486,0.28372816510170834
5.23,0.0016730419993109535,5,4.9557256007916675e-05,True,cbf_obstacle_2,0.28229575130997525,0.0022991768044517444,0.284594928114427
5.24,0.0016663610003888607,5,4.93593727227612e-05,True,cbf_obstacle_2,0.2831651615175567,0.002294242281323341,0.2854594037988801
5.25,0.0016995320002024528,5,4.9165838185585495e-05,True,cbf_obstacle_2,0.28402239609613855,0.002289376475952421,0.28631177257209095
5.26,0.0017163420016004238,5,4.897172914396404e-05,True,cbf_obstacle_2,0.28487623804746015,0.0022845649676157213,0.28716080301507585
5.2700000000000005,0.0017535310034872964,5,4.878091090472492e-05,True,cbf_obstacle_2,0.2857173453272144,0.0022798110325969196,0.2879971563598113
5.28,0.0016681619999872055,5,4.859263209677257e-05,True,cbf_obstacle_2,0.28656344271031015,0.0022750929200938343,0.28883853563040396
5.29,0.0016860920004546642,5,4.840773131394981e-05,True,cbf_obstacle_2,0.2873973050909643,0.0022704529954508373,0.2896677580864151
5.3,0.0016860319992701989,5,4.8223786605504707e-05,True,cbf_obstacle_2,0.288242060829666,0.0022658491988390354,0.29050791002850507
5.3100000000000005,0.0019166490019415505,6,4.804303853971157e-05,True,cbf_obstacle_2,0.28906825201540065,0.0022613020358625284,0.2913295540512632
5.32,0.0016700719970685896,5,4.7860012577827064e-05,True,cbf_obstacle_2,0.28989903815542695,0.002256803170340677,0.2921558413257676
5.33,0.0019618779988377355,6,4.7685971398645985e-05,True,cbf_obstacle_2,0.29072504211742467,0.0022523671702719857,0.29297740928769667
5.34,0.001965018000191776,5,4.750741763861772e-05,True,cbf_obstacle_2,0.2915508307374979,0.0022479705328549687,0.29379880127035285
5.3500000000000005,0.0017221010020875838,5,4.7334879917552454e-05,True,cbf_obstacle_2,0.29236607370000567,0.002243621513476306,0.29460969521348196
5.36,0.001821849997213576,5,4.7160472242079726e-05,True,cbf_obstacle_2,0.29317563276411496,0.0022393231520323503,0.2954149559161473
5.37,0.002152896999177756,6,4.698823146130713e-05,True,cbf_obstacle_2,0.29398797885039374,0.0022350653559214026,0.2962230442063151
5.38,0.0017551410019223113,5,4.682014531461314e-05,True,cbf_obstacle_2,0.2947935266264836,0.002230844731064764,0.2970243713575484
5.39,0.0017333210016658995,5,4.6650964003992594e-05,True,cbf_obstacle_2,0.2956045634145995,0.002226680038133395,0.29783124345273293
5.4,0.0019577289967855904,6,4.648490377948556e-05,True,cbf_obstacle_2,0.2963945724685841,0.002222546430521583,0.2986171188991057
5.41,0.0019584889996622223,6,4.63200863435485e-05,True,cbf_obstacle_2,0.2971957370578703,0.002218459463697622,0.2994141965215679
5.42,0.0020879779985989444,5,4.615666075900946e-05,True,cbf_obstacle_2,0.2979833088479909,0.002214413772529894,0.3001977226205208
5.43,0.002153266999812331,5,4.599681299504409e-05,True,cbf_obstacle_2,0.2987726049128305,0.0022103954656579913,0.30098300037848846
5.44,0.002083567000227049,6,4.583759147027116e-05,True,cbf_obstacle_2,0.2995642940724329,0.002206419981856907,0.3017707140542898
5.45,0.0018490600014047232,5,4.568024773954609e-05,True,cbf_obstacle_2,0.300346046343615,0.0022024849921314375,0.30254853133574644
5.46,0.001980769000510918,5,4.5519035890433795e-05,True,cbf_obstacle_2,0.3011450415404812,0.0021986216879355948,0.3033436632284168
5.47,0.00206415800130344,5,4.535938218821686e-05,True,cbf_obstacle_2,0.30192591878958047,0.002194804017593018,0.3041207228071735
5.48,0.0019835380007862113,6,4.5195569902288166e-05,True,cbf_obstacle_2,0.3026892601087544,0.0021910252674937243,0.3048802853762481
5.49,0.0019464980032353196,6,4.504035860347991e-05,True,cbf_obstacle_2,0.30346254362635283,0.002187267949867772,0.3056498115762206
5.5,0.001950268997461535,6,4.48785861447221e-05,True,cbf_obstacle_2,0.3042158574622681,0.0021835497390360905,0.3063994072013042
5.51,0.0019305690002511255,6,4.4727668027527874e-05,True,cbf_obstacle_2,0.30497138335124,0.002179845531868692,0.3071512288831087
5.5200000000000005,0.0019161290001648013,6,4.4576227863046304e-05,True,cbf_obstacle_2,0.3057307385879803,0.0021761840747841427,0.3079069226627644
5.53,0.0017302010019193403,4,4.4428466593179894e-05,True,cbf_obstacle_2,0.30646890688098544,0.0021725263725889555,0.3086414332535744
5.54,0.0019496089989843313,6,4.42780803947768e-05,True,cbf_obstacle_2,0.3072156044424918,0.002168913034509648,0.30938451747700146
5.55,0.0019448790008027572,6,4.413306830300216e-05,True,cbf_obstacle_2,0.3079558413408657,0.0021653211059753,0.31012116244684096
5.5600000000000005,0.0019273789985163603,6,4.3989712427199186e-05,True,cbf_obstacle_2,0.3086961597694682,0.0021617531725264543,0.31085791294199466
5.57,0.0019799479996436276,6,4.3847541010094866e-05,True,cbf_obstacle_2,0.3094295080041707,0.0021582026694731025,0.31158771067364377
5.58,0.0019234390019846614,6,4.370708047271663e-05,True,cbf_obstacle_2,0.3101573860648528,0.0021546816441244034,0.31231206770897724
5.59,0.00191850899864221,6,4.356873789873594e-05,True,cbf_obstacle_2,0.31088362006063147,0.0021511742713732672,0.31303479433200476
5.6000000000000005,0.0019205790013074875,6,4.3429661053267024e-05,True,cbf_obstacle_2,0.3116102246979565,0.002147697542385621,0.31375792224034216
5.61,0.0019035600016650278,6,4.3294276829682586e-05,True,cbf_obstacle_2,0.3123238752276219,0.0021442332614422404,0.31446810848906415
5.62,0.0019585890004236717,6,4.3154677032894266e-05,True,cbf_obstacle_2,0.3130279538809839,0.002140800967863153,0.3151687548488471
5.63,0.0019862890003423672,6,4.302510852756056e-05,True,cbf_obstacle_2,0.3137476011193056,0.002137368409128818,0.3158849695284344
5.64,0.0017987209976126906,5,4.2884611321381515e-05,True,cbf_obstacle_2,0.31436798269646504,0.002133922714821586,0.31650190541128664
5.65,0.002507432996935677,6,4.2755278207306374e-05,True,cbf_obstacle_2,0.31463093166136835,0.0021301619143272678,0.3167610935756956
5.66,0.002107326999976067,4,4.262769088367747e-05,True,cbf_obstacle_2,0.3146890245095074,0.0021262230702951057,0.3168152475798025
5.67,0.002819288998580305,7,4.250259005947506e-05,True,cbf_obstacle_2,0.3145879561363238,0.0021221557287130588,0.31671011186503684
5.68,0.002667800999915926,6,4.237910725792514e-05,True,cbf_obstacle_2,0.3143849428585415,0.002117991529314619,0.31650293438785615
5.69,0.003196764999302104,6,4.225404562705013e-05,True,cbf_obstacle_2,0.3140961552667232,0.002113757988912502,0.3162099132556357
5.7,0.002442303997668205,5,4.2135618203469755e-05,True,cbf_obstacle_2,0.31375238296501184,0.002109447841600339,0.3158618308066122
5.71,0.0027857189998030663,6,4.201115884881236e-05,True,cbf_obstacle_2,0.31333730401368776,0.002105098449047528,0.3154424024627353
5.72,0.0033365330018568784,7,4.1893202893230307e-05,True,cbf_obstacle_2,0.3128786691340985,0.0021006891780627956,0.3149793583121613
5.73,0.002860839002096327,7,4.177437640366221e-05,True,cbf_obstacle_2,0.31236511820909896,0.0020962375656153167,0.3144613557747143
5.74,0.0032580339975538664,8,4.165707428357979e-05,True,cbf_obstacle_2,0.31182009019234563,0.0020917557491927394,0.31391184594153837
5.75,0.002881049000279745,7,4.1541648534183795e-05,True,cbf_obstacle_2,0.3112276321683631,0.0020872427138364778,0.31331487488219956
5.76,0.002287794999574544,5,4.1425212511009106e-05,True,cbf_obstacle_2,0.31058980818960075,0.0020827143007039082,0.31267252249030464
5.7700000000000005,0.002617082001961535,5,4.131566460148766e-05,True,cbf_obstacle_2,0.3099273705499194,0.002078162020513319,0.31200553257043273
5.78,0.002765900997474091,6,4.120101009558088e-05,True,cbf_obstacle_2,0.30923162673482585,0.002073632367607932,0.3113052591024338
5.79,0.003794108000874985,10,4.108718537965822e-05,True,cbf_obstacle_2,0.30848991412064847,0.002069118392153102,0.3105590325128016
5.8,0.002359174999583047,5,4.0979855381495685e-05,True,cbf_obstacle_2,0.3077220925947751,0.0020646206768661058,0.3097867132716412
5.8100000000000005,0.0037206599990895484,10,4.087175031860894e-05,True,cbf_obstacle_2,0.30692004734141864,0.002060182923300721,0.3089802302647194
5.82,0.0035136509977746755,10,4.076005034621497e-05,True,cbf_obstacle_2,0.30609523111243964,0.0020558294053270357,0.3081510605177667
5.83,0.004146114002651302,11,4.065535344692766e-05,True,cbf_obstacle_2,0.30523270863085844,0.002051552370717546,0.30728426100157596
5.84,0.003989525997894816,11,4.055302742016816e-05,True,cbf_obstacle_2,0.304341690877231,0.002047387986596197,0.3063890788638272
5.8500000000000005,0.004022275999886915,11,4.044574399687719e-05,True,cbf_obstacle_2,0.3034149275161283,0.0020433680386382548,0.30545829555476656
5.86,0.004036946000269381,11,4.034696196966161e-05,True,cbf_obstacle_2,0.30247553841164665,0.0020394807521270826,0.3045150191637737
5.87,0.004002506997494493,11,4.023860363981408e-05,True,cbf_obstacle_2,0.30149673452467307,0.0020357743696719738,0.303532508894345
5.88,0.004101046000869246,11,4.013901926354585e-05,True,cbf_obstacle_2,0.3004941668509448,0.002032218175827994,0.3025263850267728
5.89,0.004021656000986695,11,4.004160664465139e-05,True,cbf_obstacle_2,0.29946820894162246,0.0020288306112796347,0.3014970395529021
5.9,0.004022367000288796,11,3.994063736364453e-05,True,cbf_obstacle_2,0.29841198170364813,0.002025622950401855,0.30043760465405
5.91,0.003670870002679294,9,3.984911003979694e-05,True,cbf_obstacle_2,0.29733470945026,0.002022557318433806,0.29935726676869384
5.92,0.0037915690008958336,10,3.974521694108174e-05,True,cbf_obstacle_2,0.2962158157310549,0.0020196791385603203,0.2982354948696152
5.93,0.003502792002109345,9,3.964864965581806e-05,True,cbf_obstacle_2,0.295095439853312,0.002016942299927755,0.29711238215323976
5.94,0.0037458890001289546,10,3.9559144495450536e-05,True,cbf_obstacle_2,0.2939440546942025,0.0020143270944251836,0.29595838178862766
5.95,0.003393363000213867,9,3.946539612883918e-05,True,cbf_obstacle_2,0.292761013033969,0.002011850312968086,0.2947728633469371
5.96,0.003677509997942252,9,3.937680267844523e-05,True,cbf_obstacle_2,0.29156111065760204,0.0020094923528106838,0.2935706030104127
5.97,0.0034803119997377507,9,3.928881071186543e-05,True,cbf_obstacle_2,0.29033979382763425,0.002007253097323792,0.29234704692495805
5.98,0.003887447001034161,10,3.920393831273548e-05,True,cbf_obstacle_2,0.28910053550452003,0.0020051197454772807,0.2911056552499973
5.99,0.0036256710009183735,9,3.91217597408974e-05,True,cbf_obstacle_2,0.28784332444416877,0.0020030883604475855,0.28984641280461637
6.0,0.0036705500024254434,9,3.9038754458801776e-05,True,cbf_obstacle_2,0.2865723514950928,0.0020011594899376236,0.2885735109850304
6.01,0.0038588380011788104,10,3.894847974083822e-05,True,cbf_obstacle_2,0.28528702257894095,0.001999367394061011,0.287286389973002
6.0200000000000005,0.0038829279983474407,9,3.885980937250698e-05,True,cbf_obstacle_2,0.28397560883766576,0.0019976843515858485,0.28597329318925163
6.03,0.0035350420002941974,9,3.87701151644106e-05,True,cbf_obstacle_2,0.28265104018941667,0.0019961269167484046,0.28464716710616506
6.04,0.0038118590018711984,10,3.869063017316286e-05,True,cbf_obstacle_2,0.28131543037012385,0.0019946454578100236,0.2833100758279339
6.05,0.0031924750001053326,8,3.860027613118971e-05,True,cbf_obstacle_2,0.27995051155833556,0.0019932843224261688,0.28194379588076174
6.0600000000000005,0.0033583029980945867,8,3.8512337878920683e-05,True,cbf_obstacle_2,0.2785840442126576,0.001992010730320882,0.2805760549429785
6.07,0.0033751240007404704,8,3.8426577431742e-05,True,cbf_obstacle_2,0.2771927973693074,0.001990832887810519,0.27918363025711795
6.08,0.0038844279988552444,9,3.834843618476941e-05,True,cbf_obstacle_2,0.27580932831371724,0.001989733162067133,0.27779906147578437
6.09,0.0036195309985487256,9,3.826633715795554e-05,True,cbf_obstacle_2,0.27441836756089816,0.001988740701474913,0.2764071082623731
6.1000000000000005,0.0034896120014309417,8,3.818531334107535e-05,True,cbf_obstacle_2,0.27300363063807476,0.0019878435958810897,0.27499147423395587
6.11,0.0036286110007495154,9,3.810680897546907e-05,True,cbf_obstacle_2,0.2716051712412276,0.0019870426759823943,0.27359221391721
6.12,0.0033173529991472606,8,3.802375967010361e-05,True,cbf_obstacle_2,0.27017323076962685,0.0019863425489457386,0.2721595733185726
6.13,0.0032290749986714218,8,3.7950108515273726e-05,True,cbf_obstacle_2,0.26875364649232203,0.0019857232588183765,0.2707393697511404
6.140000000000001,0.0033403429988538846,8,3.78770268831684e-05,True,cbf_obstacle_2,0.2673273330907384,0.001985205554344333,0.26931253864508276
6.15,0.0034958319993165787,8,3.7804445887975636e-05,True,cbf_obstacle_2,0.265885912774935,0.001984785216156359,0.26787069799109137
6.16,0.003563381000276422,8,3.773091362807785e-05,True,cbf_obstacle_2,0.26445144497360407,0.001984469584920186,0.2664359145585243
6.17,0.0034830719996534754,8,3.765913465663198e-05,True,cbf_obstacle_2,0.26301819491106754,0.0019842467615733034,0.26500244167264086
6.18,0.003575501003069803,8,3.7590862675689236e-05,True,cbf_obstacle_2,0.2615835348938618,0.001984118992036376,0.2635676538858982
6.19,0.003518741999869235,8,3.7522568287240085e-05,True,cbf_obstacle_2,0.26014622948456795,0.0019841096072639192,0.26213033909183187
6.2,0.0035142509987053927,8,3.745700594747804e-05,True,cbf_obstacle_2,0.2587143821236342,0.0019841929341798442,0.260698575057814
6.21,0.003440961998421699,8,3.738838749841938e-05,True,cbf_obstacle_2,0.257278271184884,0.0019843846932714967,0.2592626558781555
6.22,0.0035530009990907274,8,3.732264320294339e-05,True,cbf_obstacle_2,0.2558468742168608,0.0019846696283262206,0.25783154384518703
6.23,0.003435003000049619,8,3.7259634502470086e-05,True,cbf_obstacle_2,0.25442771116510776,0.001985052675796988,0.2564127638409047
6.24,0.0035402110006543808,8,3.7200812072722255e-05,True,cbf_obstacle_2,0.2530205920771822,0.001985543827646793,0.255006135904829
6.25,0.003430833003221778,8,3.7143367273448965e-05,True,cbf_obstacle_2,0.251613459172933,0.001986118903690875,0.25359957807662387
6.26,0.0035892709965992253,8,3.708431866965333e-05,True,cbf_obstacle_2,0.25021170022254585,0.00198682189565664,0.2521985221182025
6.2700000000000005,0.003441222001129063,8,3.703063212433114e-05,True,cbf_obstacle_2,0.24882690109032796,0.001987598980866947,0.2508145000711949
6.28,0.003759598999749869,8,3.6977300222615535e-05,True,cbf_obstacle_2,0.2474497026242191,0.001988491868568382,0.24943819449278748
6.29,0.003630380000686273,8,3.6918032550477004e-05,True,cbf_obstacle_2,0.24607900624470117,0.00198950686604573,0.2480685131107469
6.3,0.0035725210000236984,8,3.687110029276016e-05,True,cbf_obstacle_2,0.24473251682335842,0.0019905849463031254,0.24672310176966156
6.3100000000000005,0.0030085869984759483,7,3.681909969432224e-05,True,cbf_obstacle_2,0.24338372167783467,0.0019917914395565822,0.24537551311739125
6.32,0.0030481169997074176,7,3.677020206565044e-05,True,cbf_obstacle_2,0.24205117831669323,0.0019930921321989416,0.24404427044889218
6.33,0.0031970050004019868,8,3.672829056939166e-05,True,cbf_obstacle_2,0.2407406266090997,0.0019944876880542152,0.24273511429715391
6.34,0.0031784849998075515,7,3.6685839221809076e-05,True,cbf_obstacle_2,0.23944054453798544,0.0019959916598279435,0.24143653619781338
6.3500000000000005,0.002951747999759391,7,3.664216171737206e-05,True,cbf_obstacle_2,0.2381621595415825,0.001997603355250636,0.24015976289683316
6.36,0.003251254998758668,7,3.660205435724673e-05,True,cbf_obstacle_2,0.23689011909605506,0.001999325389352406,0.23888944448540747
6.37,0.0030012669994903263,7,3.656719569662247e-05,True,cbf_obstacle_2,0.2356372690953579,0.002001136293165343,0.23763840538852324
6.38,0.0031716150006104726,7,3.653205690727678e-05,True,cbf_obstacle_2,0.23440130138613333,0.002003058826741475,0.2364043602128748
6.390000000000001,0.0030118169997876976,7,3.649562893872629e-05,True,cbf_obstacle_2,0.2331793070123757,0.002005100579204044,0.23518440759157974
6.4,0.0031615150001016445,7,3.6461764613195894e-05,True,cbf_obstacle_2,0.23197116907625123,0.002007239620633156,0.23397840869688438
6.41,0.0032825039997987915,8,3.6441016607814854e-05,True,cbf_obstacle_2,0.23080459782382842,0.002009460231143923,0.23281405805497235
6.42,0.003294183999969391,8,3.641335515431514e-05,True,cbf_obstacle_2,0.22963958109366206,0.0020118204438122965,0.23165140153747435
6.43,0.0032468249992234632,8,3.6379978565019176e-05,True,cbf_obstacle_2,0.22848164730332002,0.002014306398040503,0.23049595370136053
6.44,0.0035501310012477916,9,3.6362584017730296e-05,True,cbf_obstacle_2,0.22736613200098477,0.002016863771422533,0.2293829957724073
6.45,0.0034745619996101595,9,3.634274457674463e-05,True,cbf_obstacle_2,0.22624972110926592,0.002019555818918004,0.2282692769281839
6.46,0.004098965000594035,11,3.6326176987168564e-05,True,cbf_obstacle_2,0.22516552063767054,0.00202235221901244,0.227187872856683
6.47,0.0033465739979874343,8,3.6319181279607796e-05,True,cbf_obstacle_2,0.2241036632910837,0.0020252388846656393,0.22612890217574932
6.48,0.0034807119991455693,8,3.63074435387324e-05,True,cbf_obstacle_2,0.2230547117070571,0.002028264626448056,0.22508297633350516
6.49,0.0035020519972022157,8,3.6420300266527686e-05,True,cbf_obstacle_2,0.22209078311627492,0.002031645863497643,0.22412242897977255
6.5,0.003451632001088001,8,3.642123528511715e-05,True,cbf_obstacle_2,0.2211030646270101,0.002034919558417915,0.22313798418542802
6.51,0.00334204399769078,8,3.6407415782328725e-05,True,cbf_obstacle_2,0.2201281060298827,0.002038349812146802,0.2221664558420295
6.5200000000000005,0.0033072440019168425,8,3.640477905665607e-05,True,cbf_obstacle_2,0.21914061347980657,0.002041902277916059,0.22118251575772263
6.53,0.003372012997715501,8,3.6406417124262326e-05,True,cbf_obstacle_2,0.21820406218570845,0.0020455610895325576,0.220249623275241
6.54,0.003313593999337172,8,3.640528220038436e-05,True,cbf_obstacle_2,0.21728191464921073,0.002049362743876904,0.21933127739308764
6.55,0.0033859530012705363,8,3.641506438048633e-05,True,cbf_obstacle_2,0.21637548981878388,0.002053281876411594,0.21842877169519548
6.5600000000000005,0.0033354639999743085,8,3.642347373076691e-05,True,cbf_obstacle_2,0.21548927945553606,0.0020573271969152613,0.21754660665245132
6.57,0.0034435929992469028,8,3.643752083116428e-05,True,cbf_obstacle_2,0.21460607635357,0.002061513805552439,0.21666759015912246
6.58,0.0033821739998529665,8,3.64577670659799e-05,True,cbf_obstacle_2,0.21375545405639448,0.0020658422298028534,0.21582129628619734
6.59,0.0034855420017265715,8,3.6477976781104605e-05,True,cbf_obstacle_2,0.2129104287552457,0.0020703040021982895,0.214980732757444
6.6000000000000005,0.0033657129970379174,8,3.650282314879771e-05,True,cbf_obstacle_2,0.21208647823906263,0.00207491224427948,0.2141613904833421
6.61,0.003533300998242339,8,3.653244427461464e-05,True,cbf_obstacle_2,0.2112605843006296,0.0020796675138345807,0.2133402518144642
6.62,0.003307923998363549,8,3.656766821034138e-05,True,cbf_obstacle_2,0.21045789980220736,0.0020845600078308888,0.21254245981003825
6.63,0.0037078300010762177,8,3.6605668810698764e-05,True,cbf_obstacle_2,0.2096824820513895,0.0020896311868268,0.21177211323821632
6.640000000000001,0.0036174410015519243,9,3.66432157372777e-05,True,cbf_obstacle_2,0.2089345926029683,0.0020948675422019026,0.21102946014517018
6.65,0.0033531629997014534,8,3.669069066130422e-05,True,cbf_obstacle_2,0.20812191950592193,0.0021002692462364267,0.21022218875215837
6.66,0.003658829999039881,9,3.6739829653932186e-05,True,cbf_obstacle_2,0.2073885209242461,0.0021058801822326444,0.20949440110647874
6.67,0.003362864001246635,8,3.679942278834872e-05,True,cbf_obstacle_2,0.20663972409305587,0.002111690632866009,0.20875141472592187
6.68,0.0035261410012026317,8,3.6846208061565256e-05,True,cbf_obstacle_2,0.2059519696755004,0.002117847009300183,0.20806981668480057
6.69,0.0033804329978011083,8,3.6894212363409616e-05,True,cbf_obstacle_2,0.2054058628637913,0.0021246508017152264,0.20753051366550654
6.7,0.0035152109994669445,8,3.696677251109246e-05,True,cbf_obstacle_2,0.20467093112389376,0.002131149026244264,0.206802080150138
6.71,0.003461801999947056,8,3.7042905593009804e-05,True,cbf_obstacle_2,0.20387583747756818,0.0021377520508863756,0.20601358952845455
6.72,0.003600411000661552,8,3.712667263175494e-05,True,cbf_obstacle_2,0.20279076844838018,0.002144948736225251,0.20493571718460543
6.73,0.003116965999652166,7,3.720907820137036e-05,True,cbf_obstacle_2,0.20159590188831936,0.002152519544919579,0.20374842143323893
6.74,0.0033430939984100405,8,3.729066006641032e-05,True,cbf_obstacle_2,0.2004069105955558,0.0021604976584468807,0.20256740825400268
6.75,0.0034675919996516313,8,3.739045350614257e-05,True,cbf_obstacle_2,0.19917269416020494,0.002168861114652206,0.20134155527485714
6.76,0.003075445998547366,7,3.74881336997427e-05,True,cbf_obstacle_2,0.19789411172698448,0.0021776713086201467,0.20007178303560463
6.7700000000000005,0.0030599359997722786,7,3.759316162205476e-05,True,cbf_obstacle_2,0.19657087738471876,0.002186965921505945,0.1987578433062247
6.78,0.003140646000247216,7,3.770810865486767e-05,True,cbf_obstacle_2,0.19521491174959396,0.00219676763426686,0.1974116793838608
6.79,0.0032574150027357973,7,3.782114778662815e-05,True,cbf_obstacle_2,0.19380492845394556,0.0022071458597888107,0.19601207431373438
6.8,0.003027426999324234,7,3.794329306798863e-05,True,cbf_obstacle_2,0.1923246483401542,0.002218096168360176,0.1945427445085144
6.8100000000000005,0.0031791849978617392,8,3.807214187490559e-05,True,cbf_obstacle_2,0.19086091376359812,0.002229678274045522,0.19309059203764364
6.82,0.0031159159989329055,7,3.820024972788763e-05,True,cbf_obstacle_2,0.18931206664818123,0.002241944610406199,0.19155401125858743
6.83,0.0031582060000800993,7,3.834352424979476e-05,True,cbf_obstacle_2,0.18773619599782376,0.002254962991362815,0.1899911589891866
6.84,0.003263914997660322,8,3.848933837041421e-05,True,cbf_obstacle_2,0.1861302510714966,0.0022687652096310953,0.1883990162811277
6.8500000000000005,0.0031691860021965113,8,3.865015529354093e-05,True,cbf_obstacle_2,0.18444778010500898,0.0022835041865835815,0.18673128429159255
6.86,0.003354552998644067,8,3.8803873265653164e-05,True,cbf_obstacle_2,0.182763742670456,0.002299207397208037,0.18506295006766404
6.87,0.0034448919977876358,8,3.897298872964695e-05,True,cbf_obstacle_2,0.181057704063803,0.002316008215000593,0.18337371227880359
6.88,0.003190634997736197,8,3.9144090589214586e-05,True,cbf_obstacle_2,0.17932066491456342,0.002334014924562191,0.18165467983912562
6.890000000000001,0.0032713540022086818,8,3.9325243109487396e-05,True,cbf_obstacle_2,0.17757814234749814,0.0023534506589513566,0.17993159300644948
6.9,0.003324462999444222,8,3.952316986000136e-05,True,cbf_obstacle_2,0.17582352409521562,0.002374369320233009,0.17819789341544864
6.91,0.0034766219978337176,8,3.9713450857362977e-05,True,cbf_obstacle_2,0.17411348410281022,0.0023970635737851115,0.17651054767659533
6.92,0.0033080440007324796,8,3.9909458582232816e-05,True,cbf_obstacle_2,0.17245308219636823,0.0024217313917030032,0.17487481358807125
6.93,0.0032384250007453375,8,4.011632150712082e-05,True,cbf_obstacle_2,0.1708871405032248,0.0024486699977251327,0.17333581050094993
6.94,0.003204775002814131,7,4.0336988085697004e-05,True,cbf_obstacle_2,0.16949975639890344,0.0024780305404283123,0.17197778693933174
6.95,0.00316352599838865,7,4.05646246352644e-05,True,cbf_obstacle_2,0.16839991276670987,0.002509715804566422,0.17090962857127628
6.96,0.002974476999952458,7,4.080092711189237e-05,True,cbf_obstacle_2,0.16796986839629893,0.002541811210927904,0.17051167960722682
6.97,0.0025743820006027818,6,4.1039696043025176e-05,True,cbf_obstacle_2,0.16932154463881635,0.0025637721609707686,0.1718853167997871
6.98,0.0020772269999724813,5,4.127372511552826e-05,True,cbf_obstacle_2,0.17220885728629615,0.002574683752174127,0.17478354103847027
6.99,0.0020549079999909736,5,4.152651295916696e-05,True,cbf_obstacle_2,0.1750701172251481,0.0025871795933780257,0.17765729681852613
7.0,0.0021624859982694034,6,4.1785573727157925e-05,True,cbf_obstacle_2,0.17792867704600582,0.0026015778910031405,0.18053025493700897
7.01,0.00206300799982273,6,4.205257893785718e-05,True,cbf_obstacle_2,0.18076957907923125,0.0026180499492201087,0.18338762902845135
7.0200000000000005,0.0023098050005501136,6,4.233811209759428e-05,True,cbf_obstacle_2,0.18360117741635062,0.0026367068645172242,0.18623788428086785
7.03,0.0017801899994083215,5,4.261629605509839e-05,True,cbf_obstacle_2,0.1864101508582256,0.002657520562816513,0.1890676714210421
7.04,0.0020050889979756903,6,4.291796477195304e-05,True,cbf_obstacle_2,0.18917156857524248,0.002680425355227467,0.19185199393046995
7.05,0.0020916270004818216,6,4.3221939327744464e-05,True,cbf_obstacle_2,0.19193031587861867,0.0027043766511006075,0.19463469252971927
7.0600000000000005,0.0017579609993845224,5,4.353711108696142e-05,True,cbf_obstacle_2,0.1946916285196038,0.002728119545559921,0.19741974806516374
7.07,0.0019657679986266885,6,4.3860601451510724e-05,True,cbf_obstacle_2,0.19740036714676137,0.0027513798344696457,0.20015174698123103
7.08,0.0022849960005260073,7,4.4199178972308736e-05,True,cbf_obstacle_2,0.20009145614424761,0.0027731405076662726,0.2028645966519139
7.09,0.002177596001274651,7,4.4546183781924266e-05,True,cbf_obstacle_2,0.20276311137801495,0.002792772558453537,0.20555588393646848
7.1000000000000005,0.001554212998598814,4,4.489958828468501e-05,True,cbf_obstacle_2,0.20539062462519075,0.002810308640518377,0.20820093326570913
7.11,0.0019613389995356556,5,4.524272174934662e-05,True,cbf_obstacle_2,0.20781501132879254,0.002827146512345299,0.21064215784113785
7.12,0.003389672998309834,8,4.5595471413398606e-05,True,cbf_obstacle_2,0.20782099174016125,0.0028586059816641915,0.21067959772182543
7.13,0.002949796999018872,7,4.594731368345276e-05,True,cbf_obstacle_2,0.20671050657151402,0.00288817219058772,0.20959867876210173
7.140000000000001,0.0032685939986549783,8,4.6303058959273045e-05,True,cbf_obstacle_2,0.2053087272894279,0.002911910238781068,0.20822063752820896
7.15,0.003348714002640918,8,4.665748195358682e-05,True,cbf_obstacle_2,0.20384552894407776,0.0029311139312974176,0.20677664287537517
7.16,0.003474852001090767,9,4.700260729918629e-05,True,cbf_obstacle_2,0.20242672032926964,0.002947098839491331,0.20537381916876096
7.17,0.0037976280000293627,10,4.736252031770755e-05,True,cbf_obstacle_2,0.20113811087123243,0.002960787549417764,0.20409889842065018
7.18,0.0032267149981635157,8,4.7708726772110305e-05,True,cbf_obstacle_2,0.19999567614929378,0.0029729332622647855,0.20296860941155856
7.19,0.003328083999804221,8,4.807030636643623e-05,True,cbf_obstacle_2,0.19904056941800563,0.0029839836594580164,0.20202455307746364
7.2,0.003536881999025354,8,4.841831915285198e-05,True,cbf_obstacle_2,0.19825511712093455,0.002994400139846631,0.2012495172607812
7.21,0.0030433160027314443,8,4.878194886757394e-05,True,cbf_obstacle_2,0.197655697765222,0.003004445471138121,0.2006601432363601
7.22,0.0026233120006509125,6,4.9137167842695675e-05,True,cbf_obstacle_2,0.19722779925629474,0.003014425832093311,0.20024222508838804
7.23,0.002744389999861596,6,4.950094470338568e-05,True,cbf_obstacle_2,0.19695086247317675,0.003024594097419735,0.19997545657059648
7.24,0.003285383998445468,8,4.9866048585448246e-05,True,cbf_obstacle_2,0.19685175934954746,0.003035183811510822,0.1998869431610583
7.25,0.0031480149991693906,7,5.02382250352054e-05,True,cbf_obstacle_2,0.19690769996542679,0.0030464429519998833,0.19995414291742666
7.26,0.0027035410021198913,6,5.060369027597297e-05,True,cbf_obstacle_2,0.19711665843557502,0.003058752159369777,0.20017541059494479
7.2700000000000005,0.002998227999341907,7,5.097799562539724e-05,True,cbf_obstacle_2,0.1974622484660031,0.003072513052855002,0.2005347615188581
7.28,0.0035305810015415773,9,5.134803398625261e-05,True,cbf_obstacle_2,0.19791767878831726,0.0030883985444744183,0.2010060773327917
7.29,0.003588471001421567,9,5.1735565766775245e-05,True,cbf_obstacle_2,0.19850180063584566,0.0031072045539350624,0.20160900518978073
7.3,0.0047133590014709625,13,5.213422218563926e-05,True,cbf_obstacle_2,0.19921373764545705,0.003130512821416618,0.20234425046687368
7.3100000000000005,0.004043265998916468,9,5.253588617055711e-05,True,cbf_obstacle_2,0.2000120307432624,0.003161339554536778,0.2031733702977992
7.32,0.0029394480006885715,7,5.297139684629396e-05,True,cbf_obstacle_2,0.20092621317822115,0.0032064407083335937,0.20413265388655474
7.33,0.0026669309991120826,6,5.356892498612593e-05,True,cbf_obstacle_2,0.20192043959305458,0.003289149576508492,0.20520958916956308
7.34,0.0056138789987016935,8,5.6023831469265064e-05,True,cbf_obstacle_2,0.20341841969011185,0.0033391035474645936,0.20675752323757643
7.3500000000000005,0.005041075000917772,11,5.732500544823008e-05,True,cbf_obstacle_2,0.20583599826703808,0.0032104265882671717,0.20904642485530525
7.36,0.004740068001410691,8,5.79798435364694e-05,True,cbf_obstacle_2,0.20824895644130786,0.0031508982335878145,0.21139985467489567
7.37,0.003850958000839455,8,5.857997279701179e-05,True,cbf_obstacle_2,0.21053007133345183,0.003114264919537855,0.2136443362529897
7.38,0.00613948299724143,8,5.917902784517931e-05,True,cbf_obstacle_2,0.21276263960161787,0.003087904101149,0.21585054370276688
7.390000000000001,0.003611170999647584,8,5.9778604790334156e-05,True,cbf_obstacle_2,0.21502474941514016,0.0030674264670086026,0.21809217588214877
7.4,0.0034200119989691302,8,6.0378283355272985e-05,True,cbf_obstacle_2,0.21727973932778377,0.003050604944901245,0.22033034427268502
7.41,0.0032671439985278994,8,6.098503406166771e-05,True,cbf_obstacle_2,0.21952010928981952,0.003036400599610295,0.22255650988942982
7.42,0.0035221410034864675,8,6.159634005556685e-05,True,cbf_obstacle_2,0.22173255956215068,0.0030240152167945893,0.22475657477894528
7.43,0.003370753998751752,8,6.222963242128485e-05,True,cbf_obstacle_2,0.22390518082265679,0.0030130688131303845,0.22691824963578716
7.44,0.0033011239975166973,8,6.28734512224758e-05,True,cbf_obstacle_2,0.22605538640437156,0.003003191679643059,0.2290585780840146
7.45,0.003427953000937123,8,6.353737293786138e-05,True,cbf_obstacle_2,0.2281639417199314,0.0029941511604074304,0.23115809288033884
7.46,0.0034397020026517566,8,6.419282399316485e-05,True,cbf_obstacle_2,0.23025357791993922,0.0029858560227031946,0.2332394339426424
7.47,0.0032923039980232716,8,6.487654814301671e-05,True,cbf_obstacle_2,0.2323279370927125,0.0029781364162908214,0.23530607350900332
7.48,0.003368693000084022,8,6.557260615431388e-05,True,cbf_obstacle_2,0.23434458464646452,0.0029709158037183963,0.2373155004501829
7.49,0.003750568997929804,9,6.62725242368432e-05,True,cbf_obstacle_2,0.23633617798717083,0.002964077606364543,0.23930025559353538
7.5,0.0035935209998569917,9,6.699792828507279e-05,True,cbf_obstacle_2,0.2383015767214907,0.0029575837794794703,0.24125916050097015
7.51,0.003573111000150675,9,6.773845912741167e-05,True,cbf_obstacle_2,0.24023448987178855,0.0029513855516285162,0.24318587542341707
7.5200000000000005,0.00503009499880136,11,6.849142866825785e-05,True,cbf_obstacle_2,0.24214624469460436,0.0029454684796953057,0.24509171317429967
7.53,0.003804217998549575,9,6.925085019740583e-05,True,cbf_obstacle_2,0.24401069218194243,0.002939761829652272,0.2469504540115947
7.54,0.003810697999142576,8,7.003800169573093e-05,True,cbf_obstacle_2,0.2458481109512462,0.0029342258329448936,0.2487823367841911
7.55,0.0033661939996818546,8,7.08296267911381e-05,True,cbf_obstacle_2,0.24766322242687314,0.0029288786798607825,0.2505921011067339
7.5600000000000005,0.003791939001530409,8,7.165419289065309e-05,True,cbf_obstacle_2,0.24942784004496785,0.002923668594222836,0.2523515086391907
7.57,0.0035110220014757942,8,7.248456630573716e-05,True,cbf_obstacle_2,0.2511682231734336,0.002918590644988613,0.25408681381842224
7.58,0.00342177300262847,8,7.336001162076649e-05,True,cbf_obstacle_2,0.252884219005764,0.0029135843957487574,0.25579780340151276
7.59,0.004452601002412848,8,7.422168834754982e-05,True,cbf_obstacle_2,0.25456383742151006,0.002908726775227013,0.2574725641967371
7.6000000000000005,0.0033791230016504414,8,7.51199485998675e-05,True,cbf_obstacle_2,0.2562317878244439,0.0029039574164004423,0.2591357452408443
7.61,0.0037019000010332093,8,7.60251821253986e-05,True,cbf_obstacle_2,0.2578528777032622,0.002899264656519629,0.26075214235978184
7.62,0.003406792999157915,8,7.694428959072153e-05,True,cbf_obstacle_2,0.25944586632644545,0.0028946475538399945,0.26234051388028545
7.63,0.00345746200036956,8,7.790221327961774e-05,True,cbf_obstacle_2,0.26101316978410594,0.002890083166607909,0.2639032529507138
7.640000000000001,0.00364117099888972,8,7.88692273708619e-05,True,cbf_obstacle_2,0.2625609146559942,0.0028855943876234334,0.2654465090436176
7.65,0.0035080419984296896,8,7.986519527923629e-05,True,cbf_obstacle_2,0.2640657801747981,0.002881130938790141,0.26694691111358826
7.66,0.0035701410015462898,8,7.979655806103448e-05,True,cbf_obstacle_2,0.2651776016152116,0.002877850235721242,0.2680554518509328
7.67,0.003746440001123119,8,8.076358789914102e-05,True,cbf_obstacle_2,0.2666607011942286,0.0028735780145334624,0.26953427920876205
7.68,0.0035337709996383637,8,8.175037086060943e-05,True,cbf_obstacle_2,0.26811482725270236,0.0028693409339321206,0.27098416818663446
7.69,0.003460782001639018,8,8.275587566244089e-05,True,cbf_obstacle_2,0.2695310360761384,0.002865133731692805,0.27239616980783116
7.7,0.003258004999224795,8,8.378400086197151e-05,True,cbf_obstacle_2,0.27093141823126315,0.002860960142397486,0.27379237837366066
7.71,0.003285294002125738,10,8.48527436190813e-05,True,cbf_obstacle_2,0.27230850242004856,0.002856796976796927,0.2751652993968455
7.72,0.0031642759968235623,9,8.592450109787833e-05,True,cbf_obstacle_2,0.27364452183938476,0.0028526693390696876,0.27649719117845445
7.73,0.002633700998558197,8,8.702677439981102e-05,True,cbf_obstacle_2,0.2749648471682211,0.0028485647893889236,0.27781341195761006
7.74,0.0025146419975499157,8,8.816527440486235e-05,True,cbf_obstacle_2,0.2762518851320775,0.0028444553156700947,0.27909634044774756
7.75,0.0022212660005607177,7,8.930516282468584e-05,True,cbf_obstacle_2,0.27751576091523045,0.002840391272770184,0.28035615218800064
7.76,0.0021919960017839912,7,9.049548479444781e-05,True,cbf_obstacle_2,0.2787502405739326,0.002836312831146704,0.2815865534050793
7.7700000000000005,0.0023248049983521923,7,9.172851989888584e-05,True,cbf_obstacle_2,0.2799592161547889,0.0028322215716686484,0.28279143772645754
7.78,0.00222994599971571,7,9.29595169235402e-05,True,cbf_obstacle_2,0.28113903738975127,0.0028281722049267577,0.283967209594678
7.79,0.0019475490007607732,6,9.422729501846046e-05,True,cbf_obstacle_2,0.2823066382470203,0.002824129247902092,0.2851307674949224
7.8,0.002048898000793997,6,9.551639271465796e-05,True,cbf_obstacle_2,0.2834364283020423,0.002820092009789627,0.2862565203118319
7.8100000000000005,0.0019345389991940465,6,9.684366159472068e-05,True,cbf_obstacle_2,0.284554569516722,0.00281605883183017,0.28737062834855215
7.82,0.0019358989993634168,6,9.819426978521957e-05,True,cbf_obstacle_2,0.28563664208245365,0.0028120279445405477,0.2884486700269942
7.83,0.0019418990013946313,6,9.958642719028551e-05,True,cbf_obstacle_2,0.28670538830118797,0.0028079949509166625,0.28951338325210463
7.84,0.0019451789994491264,6,0.00010101104824464463,True,cbf_obstacle_2,0.2877396370616776,0.0028039577966618187,0.2905435948583394
7.8500000000000005,0.001680342000327073,5,0.0001024698948294029,True,cbf_obstacle_2,0.28875029643779476,0.002799918802196972,0.29155021523999175
7.86,0.0016635419997328427,5,0.00010396804200886618,True,cbf_obstacle_2,0.28974709015526323,0.002795879598816009,0.29254296975407923
7.87,0.0016616920001979452,5,0.00010550148504788129,True,cbf_obstacle_2,0.29071073840623674,0.002791830437803141,0.29350256884403986
7.88,0.0016670520017214585,5,0.00010707631893019503,True,cbf_obstacle_2,0.29166309265180224,0.002787778452582539,0.2944508711043848
7.890000000000001,0.001687971998762805,5,0.00010868685670557045,True,cbf_obstacle_2,0.2925771878634619,0.002783714371009153,0.29536090223447103
7.9,0.0016680910011928063,5,0.00011034186717903357,True,cbf_obstacle_2,0.2934729910107095,0.0027796442164705437,0.29625263522718004
7.91,0.0016581719974055886,5,0.00011205149320934365,True,cbf_obstacle_2,0.2943564805765732,0.00277556132594235,0.2971320419025156
7.92,0.0016681320012139622,5,0.00011379564345254659,True,cbf_obstacle_2,0.29520783075039203,0.0027714728622571113,0.2979793036126491
7.930000000000001,0.001418544998159632,4,0.00011559519700873194,True,cbf_obstacle_2,0.2960358307310073,0.0027673636639450314,0.29880319439495234
7.94,0.00142460400093114,4,0.00011745022011802771,True,cbf_obstacle_2,0.29686504245498924,0.002763251848464606,0.29962829430345383
7.95,0.0014059240020287689,4,0.00011935720455633162,True,cbf_obstacle_2,0.29767343561239,0.0027591285260609826,0.300432564138451
7.96,0.001678931999776978,5,0.00012135126364715609,True,cbf_obstacle_2,0.2984515251244262,0.0027549466321586846,0.3012064717565849
7.97,0.0015849629999138415,4,0.00012336943364871044,True,cbf_obstacle_2,0.29921828245708876,0.0027507931399531373,0.3019690755970419
7.98,0.001500753998698201,4,0.00012545536915027373,True,cbf_obstacle_2,0.2999639954159514,0.002746620412395527,0.30271061582834696
7.99,0.0014507239975500852,4,0.00012759410706622825,True,cbf_obstacle_2,0.3006893568823524,0.0027424384094306862,0.30343179529178305
8.0,0.0014588039994123392,4,0.00012980505172534713,True,cbf_obstacle_2,0.30139448012847275,0.0027382353104694374,0.3041327154389422
8.01,0.0014278650014603045,4,0.00013207319385726945,True,cbf_obstacle_2,0.3020771328785421,0.0027340211089446702,0.30481115398748676
8.02,0.0014300949987955391,4,0.00013441101070182953,True,cbf_obstacle_2,0.3027430333638987,0.002729795908615569,0.30547282927251423
8.03,0.0014176740005495958,4,0.0001368215904354587,True,cbf_obstacle_2,0.30338745399649003,0.002725553158639546,0.30611300715512957
8.040000000000001,0.0014271849977376405,4,0.00013931715411296693,True,cbf_obstacle_2,0.30401507463965294,0.002721294908191389,0.30673636954784433
8.05,0.0014292750020103995,4,0.00014189125641052075,True,cbf_obstacle_2,0.3046233563124716,0.0027170256033424195,0.30734038191581403
8.06,0.0014515340008074418,4,0.00014454160359525834,True,cbf_obstacle_2,0.30521012958490257,0.0027127453678003673,0.30792287495270293
8.07,0.0014131149982858915,4,0.00014728607454807577,True,cbf_obstacle_2,0.30578191261918297,0.0027084569218356726,0.30849036954101866
8.08,0.0014302939998742659,4,0.00015012103947660321,True,cbf_obstacle_2,0.30633488087244626,0.0027041615244476746,0.30903904239689395
8.09,0.001458234000892844,4,0.00015305823766038424,True,cbf_obstacle_2,0.3068675526894594,0.0026998515083565527,0.309567404197816
8.1,0.001423543999408139,4,0.00015609050538414122,True,cbf_obstacle_2,0.3073850384176328,0.0026955473630747464,0.3100805857807076
8.11,0.0014368140000442509,4,0.00015923005406336777,True,cbf_obstacle_2,0.3078825187620475,0.0026912375129818414,0.3105737562750293
8.120000000000001,0.001430634998541791,4,0.00016248917819832045,True,cbf_obstacle_2,0.3083658188555396,0.0026869312851365654,0.3110527501406762
8.13,0.0014695829995616805,4,0.00016586082442444016,True,cbf_obstacle_2,0.30883188279709906,0.002682633261383437,0.3115145160584825
8.14,0.0014327440003398806,4,0.00016935404677928447,True,cbf_obstacle_2,0.30927869687174625,0.0026783408235228102,0.31195703769526906
8.15,0.0016931310019572265,5,0.00017306205801933823,True,cbf_obstacle_2,0.30970707891296834,0.0026740043140057895,0.3123810832269741
8.16,0.001684651000687154,5,0.00017682240556412122,True,cbf_obstacle_2,0.31012162430246054,0.002669739495351831,0.31279136379781236
8.17,0.0016621819995634723,5,0.00018073808602941976,True,cbf_obstacle_2,0.310520531601115,0.002665486330709577,0.31318601793182455
8.18,0.0016821509998408146,5,0.00018479426074514087,True,cbf_obstacle_2,0.3109043562496741,0.0026612614387977163,0.3135656176884718
8.19,0.0016578219983784948,5,0.00018902378207175238,True,cbf_obstacle_2,0.3112722074105925,0.0026570469379803424,0.3139292543485729
8.2,0.001650411999435164,5,0.0001934056981419441,True,cbf_obstacle_2,0.31162538109387733,0.002652865897482785,0.3142782469913601
8.21,0.0016635020001558587,5,0.00019798106989297022,True,cbf_obstacle_2,0.3119623781972477,0.0026486946571860417,0.31461107285443374
8.22,0.0016873519998625852,5,0.0001989587520861702,True,cbf_obstacle_7,0.31228504463007845,0.0026445391169991786,0.31492958374707763
8.23,0.001730411000608001,5,0.00019816030056724054,True,cbf_obstacle_7,0.31259410256213244,0.002640411959573582,0.31523451452170603
8.24,0.002023667999310419,5,0.0001973647941523604,True,cbf_obstacle_7,0.31288771665246295,0.0026362918673052973,0.31552400851976825
8.25,0.0017407209998054896,5,0.00019657096725655965,True,cbf_obstacle_7,0.31316695247950715,0.0026321737287483115,0.31579912620825545
8.26,0.001689302000158932,5,0.00019577386802721586,True,cbf_obstacle_7,0.31343451498035957,0.002628084931734388,0.31606259991209396
8.27,0.0019581479973567184,6,0.0001949819616000048,True,cbf_obstacle_7,0.3136860285943862,0.0026239831257568,0.316310011720143
8.28,0.001944358999026008,6,0.0001941896003671839,True,cbf_obstacle_7,0.31392542427935355,0.002619876314877953,0.3165453005942315
8.290000000000001,0.0019348890018591192,6,0.00019339919104469083,True,cbf_obstacle_7,0.3141507346956881,0.0026157692842220396,0.31676650397991013
8.3,0.0019222500013711397,6,0.00019260782947189137,True,cbf_obstacle_7,0.3143629603052052,0.002611639942190384,0.3169746002473956
8.31,0.001955258998350473,6,0.00019181404400384072,True,cbf_obstacle_7,0.31456443001147555,0.002607517698567094,0.31717194771004265
8.32,0.0019379590012249537,6,0.00019102352173941406,True,cbf_obstacle_7,0.31475228553299894,0.0026033545751699533,0.3173556401081689
8.33,0.0019484189979266375,6,0.00019023345258903368,True,cbf_obstacle_7,0.31492810377571817,0.0025991606512443853,0.31752726442696255
8.34,0.0019451990010566078,6,0.00018944279674570907,True,cbf_obstacle_7,0.3150896087743917,0.002594850981697006,0.31768445975608867
8.35,0.0019119190001219977,6,0.00018865371684895216,True,cbf_obstacle_7,0.3152413097510278,0.0025905893795279376,0.31783189913055576
8.36,0.0019797490022028796,6,0.00018786420924038483,True,cbf_obstacle_7,0.3153814146820773,0.002586273781259055,0.31796768846333634
8.370000000000001,0.0019250789991929196,6,0.00018707486979568921,True,cbf_obstacle_7,0.31551079266968435,0.0025819067729884035,0.31809269944267277
8.38,0.001915648997965036,6,0.0001862851175962743,True,cbf_obstacle_7,0.31562814828204827,0.002577488192130329,0.3182056364741786
8.39,0.0018969490010931622,6,0.00018549783227174432,True,cbf_obstacle_7,0.31573486726464656,0.002573003097899443,0.318307870362546
8.4,0.0019332290030433796,6,0.00018470899232145288,True,cbf_obstacle_7,0.31583122711420847,0.0025684528432804187,0.3183996799574889
8.41,0.001903169002616778,6,0.00018392268562150704,True,cbf_obstacle_7,0.31591744416796375,0.002563822762568048,0.3184812669305318
8.42,0.0019217389999539591,6,0.00018313770863057077,True,cbf_obstacle_7,0.31599154549075675,0.0025590911429040535,0.3185506366336608
8.43,0.0019495190026646014,6,0.00018234871792208174,True,cbf_obstacle_7,0.31605723484175696,0.0025543293672847757,0.31861156420904174
8.44,0.0019504689989844337,6,0.00018156447646686114,True,cbf_obstacle_7,0.31611096991716015,0.00254945651199922,0.31866042642915937
8.45,0.001915298998937942,6,0.0001807835190467677,True,cbf_obstacle_7,0.316155396576187,0.002544435944690716,0.31869983252087775
8.46,0.0019058190009673126,6,0.00017999989376864256,True,cbf_obstacle_7,0.3161908865526776,0.002539356942200919,0.3187302434948785
8.47,0.0019242189991928171,6,0.00017921898359145316,True,cbf_obstacle_7,0.31621639208513325,0.0025341681121604995,0.31875056019729375
8.48,0.0019099790006293915,6,0.00017844021208789085,True,cbf_obstacle_7,0.31623263175463256,0.0025288188137873604,0.3187614505684199
8.49,0.0019164500008628238,6,0.0001776623298763852,True,cbf_obstacle_7,0.31623896416232733,0.0025233815922986887,0.31876234575462603
8.5,0.0019513590013957582,6,0.000176888503560943,True,cbf_obstacle_7,0.3162355581300288,0.0025176617130484346,0.31875321984307725
8.51,0.0019278589970781468,6,0.000176112572942963,True,cbf_obstacle_7,0.31622448488132104,0.0025119621787908076,0.31873644706011184
8.52,0.0019275189988547936,6,0.00017534264913197928,True,cbf_obstacle_7,0.3162041966205112,0.0025060797095987626,0.31871027633010995
8.53,0.0019408189982641488,6,0.00017457411801649614,True,cbf_obstacle_7,0.3161736827018449,0.0025000327809174623,0.3186737154827624
8.540000000000001,0.0021962459977658,7,0.00017380664741195595,True,cbf_obstacle_7,0.3161360049678434,0.002493840390701881,0.31862984535854527
8.55,0.0022134959981485736,7,0.00017303842619102727,True,cbf_obstacle_7,0.3160891973541621,0.0024875519030839927,0.31857674925724605
8.56,0.0021642770007019863,7,0.0001722754930466308,True,cbf_obstacle_7,0.31603355448998216,0.002481031944224132,0.31851458643420627
8.57,0.0021760770032415166,7,0.0001715170337459604,True,cbf_obstacle_7,0.3159689680291551,0.002474290515478937,0.318443258544634
8.58,0.0021549659977608826,7,0.00017075684440104322,True,cbf_obstacle_7,0.31589547023981634,0.002467526571969797,0.31836299681178615
8.59,0.0019694190013979096,5,0.0001699999516289047,True,cbf_obstacle_7,0.31581516126380216,0.0024604500708523603,0.31827561133465454
8.6,0.001865278998593567,4,0.00016924699982392988,True,cbf_obstacle_7,0.3157248295636045,0.0024532767904144374,0.31817810635401894
8.61,0.0016941610010690056,4,0.00016849174928687538,True,cbf_obstacle_7,0.31562666842513126,0.0024459725850522105,0.31807264101018345
8.620000000000001,0.0016923619987210259,4,0.00016774347216630403,True,cbf_obstacle_7,0.31551956662180264,0.0024382804327436444,0.31795784705454627
8.63,0.0016867320009623654,4,0.00016699523719153342,True,cbf_obstacle_7,0.3154040066625743,0.002430626307635819,0.3178346329702101
8.64,0.001686142000835389,4,0.00016624881889920617,True,cbf_obstacle_7,0.31527910689091554,0.0024228467803287116,0.31770195367124426
8.65,0.0017001209998852573,4,0.00016550278663308993,True,cbf_obstacle_7,0.31514640467307287,0.0024149958942242134,0.3175614005672971
8.66,0.0016890020015125629,4,0.0001647590533435106,True,cbf_obstacle_7,0.3150047176021515,0.0024070769749312084,0.3174117945770827
8.67,0.0016972420016827527,4,0.00016401920661418545,True,cbf_obstacle_7,0.31485400954503967,0.002399039617785076,0.31725304916282476
8.68,0.0016754219977883622,4,0.00016327995385537197,True,cbf_obstacle_7,0.3146946169533996,0.0023910032478727757,0.3170856202012724
8.69,0.0017219910005223937,4,0.0001625407986142191,True,cbf_obstacle_7,0.3145261113315689,0.0023829814474602166,0.3169090927790291
8.700000000000001,0.0016876219997357111,4,0.0001618060618074485,True,cbf_obstacle_7,0.31434904833384897,0.002374800673056147,0.3167238490069051
8.71,0.0016793719987617806,4,0.00016107119420953608,True,cbf_obstacle_7,0.3141626315597713,0.0023668572681376948,0.316529488827909
8.72,0.0016820710006868467,4,0.00016033723721192716,True,cbf_obstacle_7,0.31396700463444377,0.0023591440242751115,0.3163261486587189
8.73,0.0016824720005388372,4,0.00015960858900256059,True,cbf_obstacle_7,0.31376152212287783,0.0023513752281133335,0.3161128973509912
8.74,0.0015381929988507181,4,0.00015888034646180382,True,cbf_obstacle_7,0.31354740459358355,0.0023438774657373257,0.3158912820593209
8.75,0.0019840389977616724,4,0.00015815549286329889,True,cbf_obstacle_7,0.3133240406042037,0.002336466421711865,0.3156605070259156
8.76,0.0018642789982550312,4,0.00015743294617334702,True,cbf_obstacle_7,0.3130905888647615,0.002329123454423603,0.3154197123191851
8.77,0.00185101899842266,4,0.00015671339689177222,True,cbf_obstacle_7,0.312847402031582,0.0023220532729045598,0.3151694553044866
8.78,0.0019590880001487676,4,0.00015599658905901537,True,cbf_obstacle_7,0.3125955395663431,0.002315120539790511,0.3149106601061336
8.790000000000001,0.0019720679993042722,4,0.0001552825048309059,True,cbf_obstacle_7,0.312333128951198,0.002308476254254384,0.3146416052054524
8.8,0.0022673650018987246,5,0.00015457279766235843,True,cbf_obstacle_7,0.3120602123199263,0.002301873613501603,0.3143620859334279
8.81,0.002308384999196278,5,0.00015386343728075735,True,cbf_obstacle_7,0.3117786674055968,0.002295546336284313,0.3140742137418811
8.82,0.0021372260016505606,5,0.00015315849111711966,True,cbf_obstacle_7,0.31148744309575394,0.0022894941705004675,0.3137769372662544
8.83,0.0022099460002209526,5,0.00015245582167845717,True,cbf_obstacle_7,0.31118554852222713,0.0022835535493502777,0.3134691020715774
8.84,0.0022262359998421744,5,0.00015175505450157334,True,cbf_obstacle_7,0.3108746641002184,0.002277732822800895,0.3131523969230193
8.85,0.002316725000127917,5,0.0001510590335445372,True,cbf_obstacle_7,0.3105526416458897,0.0022722404669436543,0.3128248821128333
8.86,0.002461743999447208,5,0.0001503621375410491,True,cbf_obstacle_7,0.3102221912540241,0.0022668963740277597,0.3124890876280519
8.870000000000001,0.00250121299905004,6,0.00014966979063174568,True,cbf_obstacle_7,0.3098814495770646,0.0022616422263699483,0.3121430918034345
8.88,0.0023726139988866635,6,0.0001489778225461924,True,cbf_obstacle_7,0.3095299484039872,0.0022566774597196915,0.31178662586370687
8.89,0.0024690430000191554,6,0.00014828800925524577,True,cbf_obstacle_7,0.30917004065319076,0.002251850978673351,0.3114218916318641
8.9,0.002466082998580532,6,0.0001476001097577423,True,cbf_obstacle_7,0.30879940627976243,0.0022472622609407077,0.3110466685407031
8.91,0.002524993000406539,6,0.00014691394172361427,True,cbf_obstacle_7,0.30841947578995077,0.002242849036279993,0.31066232482623074
8.92,0.0029587780009023845,7,0.00014622743735591415,True,cbf_obstacle_7,0.30802960865985746,0.00223856135314444,0.3102681700130019
8.93,0.002648491001309594,7,0.00014554378901560083,True,cbf_obstacle_7,0.3076308797246591,0.002234513277471312,0.3098653930021304
8.94,0.0026791410018631723,7,0.0001448599344902185,True,cbf_obstacle_7,0.3072219527285655,0.0022306043224821943,0.3094525570510477
8.950000000000001,0.0029620180030178744,8,0.00014417775731645488,True,cbf_obstacle_7,0.30680481895450284,0.0022269185954215433,0.3090317375499244
8.96,0.00245876299959491,6,0.00014349561545259903,True,cbf_obstacle_7,0.3063783253841793,0.0022233425368873966,0.3086016679210667
8.97,0.0026433210005052388,6,0.00014281267549935694,True,cbf_obstacle_7,0.30594256434017597,0.0022200113717828008,0.30816257571195876
8.98,0.0026891709967458155,6,0.00014213378640454133,True,cbf_obstacle_7,0.30549820804340283,0.002216800243518959,0.3077150082869218
8.99,0.0031365860013465863,6,0.00014145121747657918,True,cbf_obstacle_7,0.30504445212314735,0.002213744196906796,0.30725819632005413
9.0,0.0024000330013222992,6,0.00014077472742561603,True,cbf_obstacle_7,0.30458239099503154,0.002210931925480075,0.3067933229205116
9.01,0.002513941999495728,6,0.00014009625582924595,True,cbf_obstacle_7,0.30411221955142936,0.0022082253466347394,0.3063204448980641
9.02,0.0032371950001106597,6,0.00013941734338990958,True,cbf_obstacle_7,0.3036349435345776,0.00220572308823851,0.3058406666228161
9.03,0.002781230003165547,6,0.0001387414877563331,True,cbf_obstacle_7,0.30314972464336865,0.00220335221958886,0.3053530768629575
9.040000000000001,0.0025798720016609877,6,0.00013806806008583028,True,cbf_obstacle_7,0.30265691511983633,0.0022011485502970315,0.30485806367013335
9.05,0.003387222997844219,6,0.0001373945303381266,True,cbf_obstacle_7,0.3021568425406091,0.002199122939931829,0.30435596548054095
9.06,0.0024421840025752317,6,0.0001367248450332148,True,cbf_obstacle_7,0.30165080744423467,0.0021972146612465847,0.30384802210548123
9.07,0.003000316999532515,6,0.00013605607012651122,True,cbf_obstacle_7,0.3011370966060658,0.0021954553247583424,0.30333255193082415
9.08,0.0028684790013357997,6,0.00013539188821513892,True,cbf_obstacle_7,0.300618483223452,0.0021938367199853272,0.3028123199434374
9.09,0.002424072998110205,6,0.0001347280851188501,True,cbf_obstacle_7,0.3000931456848938,0.002192354954169381,0.3022855006390632
9.1,0.003274135000538081,6,0.00013407077430715314,True,cbf_obstacle_7,0.2995623667364478,0.0021910480225832366,0.30175341475903106
9.11,0.002562861998740118,5,0.00013341794241700927,True,cbf_obstacle_7,0.2990263005107229,0.0021898357102685287,0.3012161362209914
9.120000000000001,0.002114117000019178,5,0.00013276863052776727,True,cbf_obstacle_7,0.2984865466243539,0.0021887406058259096,0.30067528723017983
9.13,0.0021786469988001045,5,0.0001321259941562125,True,cbf_obstacle_7,0.2979419985867799,0.0021877803724991867,0.30012977895927906
9.14,0.0026435009967826772,5,0.0001314880135174848,True,cbf_obstacle_7,0.2973939794272748,0.0021869137025503356,0.2995808931298251
9.15,0.002236005999293411,5,0.00013085791300491978,True,cbf_obstacle_7,0.29684275040207886,0.00218617997324236,0.29902893037532124
9.16,0.002101067002513446,5,0.00013023398399178432,True,cbf_obstacle_7,0.2962875216656492,0.002185531410389151,0.29847305307603833
9.17,0.0021524469993892126,5,0.00012961977086504983,True,cbf_obstacle_7,0.2957304686536224,0.0021849908215945692,0.29791545947521697
9.18,0.0027234410008531995,5,0.00012901305225129778,True,cbf_obstacle_7,0.29517040805261835,0.002184548646539368,0.29735495669915774
9.19,0.0027333600010024384,5,0.00012841565544455258,True,cbf_obstacle_7,0.2946094240563633,0.002184188571107793,0.2967936126274711
9.200000000000001,0.0036708999978145584,11,0.00012782986006937974,True,cbf_obstacle_7,0.29404627187343535,0.002183896265602053,0.2962301681390374
9.21,0.003182725002261577,9,0.00012725373666103157,True,cbf_obstacle_7,0.29348169077177355,0.0021837080185776415,0.2956653987903512
9.22,0.002742909997323295,8,0.0001266867018506132,True,cbf_obstacle_7,0.2929169708071109,0.0021835818146044134,0.2951005526217153
9.23,0.0025201620010193437,8,0.00012613530192519956,True,cbf_obstacle_7,0.2923521133624836,0.0021835334463907764,0.2945356468088744
9.24,0.0024471529977745377,8,0.00012559354707743914,True,cbf_obstacle_7,0.29178694926572946,0.002183526191517603,0.2939704754572471
9.25,0.0021849760014447384,7,0.00012506913629128924,True,cbf_obstacle_7,0.29122307391467306,0.0021836242169389875,0.293406698131612
9.26,0.0021672069997293875,7,0.00012455618389298206,True,cbf_obstacle_7,0.2906592333327768,0.002183758401664833,0.29284299173444167
9.27,0.002163686000130838,7,0.00012406325020829917,True,cbf_obstacle_7,0.2900961953812702,0.0021839478732809843,0.29228014325455115
9.28,0.0021991559988236986,7,0.0001235806554262739,True,cbf_obstacle_7,0.2895346799497805,0.002184198402437883,0.2917188783522184
9.290000000000001,0.002161046999390237,7,0.00012311945106677907,True,cbf_obstacle_7,0.2889756092163695,0.0021844904185731625,0.29116009963494266
9.3,0.0021479770002770238,7,0.00012267670775523154,True,cbf_obstacle_7,0.2884178716382455,0.00218484733785534,0.29060271897610085
9.31,0.0021667959990736563,7,0.00012225606289881924,True,cbf_obstacle_7,0.28786369353091995,0.0021852492578739277,0.2900489427887939
9.32,0.0022707650023221504,7,0.00012185663128311264,True,cbf_obstacle_7,0.2873111644855352,0.002185687219225418,0.2894968517047606
9.33,0.002122696998412721,7,0.00012147724983309349,True,cbf_obstacle_7,0.28676343163026263,0.002186170524896171,0.2889496021551588
9.34,0.002142556997569045,7,0.00012111058458433993,True,cbf_obstacle_7,0.28621584821206575,0.0021866663870787856,0.2884025145991445
9.35,0.0021936260018264875,7,0.00012075807925571169,True,cbf_obstacle_7,0.2856710483645324,0.0021871449837081547,0.28785819334824053
9.36,0.0022968350021983497,7,0.00012041286844301224,True,cbf_obstacle_7,0.2851270677978217,0.0021876117698068744,0.2873146795676286
9.370000000000001,0.002252095000585541,7,0.00012008566791179426,True,cbf_obstacle_7,0.2845864380710244,0.0021880789565904986,0.2867745170276149
9.38,0.0022367060009855777,7,0.00011976928880078064,True,cbf_obstacle_7,0.28404753781760855,0.0021885325385113245,0.28623607035611986
9.39,0.00220366600115085,7,0.00011946605860655574,True,cbf_obstacle_7,0.28351164396557044,0.002188977183511705,0.2857006211490821
9.4,0.0022356049994414207,7,0.00011917607025041521,True,cbf_obstacle_7,0.2829759680984247,0.002189402615250487,0.28516537071367515
9.41,0.002243484999780776,7,0.00011890247271944404,True,cbf_obstacle_7,0.2824410502269255,0.0021898030966116043,0.2846308533235371
9.42,0.0021834760009369347,7,0.0001186391017527419,True,cbf_obstacle_7,0.2819121782126691,0.0021901977476664366,0.28410237596033555
9.43,0.002190025999880163,7,0.00011838453105861985,True,cbf_obstacle_7,0.28138660207298166,0.0021905808480762587,0.28357718292105794
9.44,0.002135987000656314,7,0.000118146565629966,True,cbf_obstacle_7,0.280864090913808,0.002190954848023013,0.283055045761831
9.450000000000001,0.0021554660015681293,7,0.00011791756056630381,True,cbf_obstacle_7,0.28034399424975526,0.0021912922875386696,0.28253528653729393
9.46,0.002306695001607295,7,0.00011770345815138861,True,cbf_obstacle_7,0.2798275132055623,0.0021916307364475062,0.28201914394200983
9.47,0.002459103001456242,7,0.0001175039221299537,True,cbf_obstacle_7,0.2793136657752973,0.0021919401265721675,0.28150560590186946
9.48,0.0023847839984227903,7,0.00011731492909454466,True,cbf_obstacle_7,0.27880255973149504,0.002192231591007035,0.28099479132250205
9.49,0.002299234001839068,7,0.00011713924661321123,True,cbf_obstacle_7,0.2782945672540081,0.0021925015997599955,0.28048706885376806
9.5,0.002227496002888074,7,0.00011697599032915035,True,cbf_obstacle_7,0.27778997918755066,0.0021927605969767595,0.2799827397845274
9.51,0.0027179400021850597,7,0.00011682347494523099,True,cbf_obstacle_7,0.27728853127243497,0.0021929903969233576,0.2794815216693583
9.52,0.0024300340010086074,7,0.00011669041696121818,True,cbf_obstacle_7,0.27679024578065586,0.0021932100310781966,0.27898345581173406
9.53,0.0023805349992471747,7,0.00011656575756516241,True,cbf_obstacle_7,0.2762953903358492,0.0021934032140373534,0.27848879354988654
9.540000000000001,0.0024356840003747493,7,0.00011645497346319394,True,cbf_obstacle_7,0.275803211914975,0.002193572389322016,0.277996784304297
9.55,0.0022223559972189832,7,0.00011635176198044814,True,cbf_obstacle_7,0.27531457972606166,0.0021937192364099205,0.2775082989624716
9.56,0.0021678259981854353,7,0.00011626428529506669,True,cbf_obstacle_7,0.27482886845532917,0.0021938527825346756,0.27702272123786387
9.57,0.0021511559971258976,7,0.00011619269474809346,True,cbf_obstacle_7,0.2743466397984818,0.0021939633465085616,0.27654060314499035
9.58,0.002170266001485288,7,0.00011613320128181503,True,cbf_obstacle_7,0.27386650391154066,0.0021940583531528924,0.27606056226469355
9.59,0.0021702560006815474,7,0.00011608744727497483,True,cbf_obstacle_7,0.27339100529252186,0.002194126639244883,0.27558513193176676
9.6,0.0021501660012290813,7,0.00011604646674884256,True,cbf_obstacle_7,0.27291804780233603,0.002194169157996619,0.27511221696033267
9.61,0.0021484370008693077,7,0.00011602546278768194,True,cbf_obstacle_7,0.2724483889580898,0.0021941973865908194,0.27464258634468064
9.620000000000001,0.002167456001188839,7,0.00011601996183955438,True,cbf_obstacle_7,0.2719816850824674,0.002194210526580987,0.27417589560904837
9.63,0.002198075999331195,7,0.0001160158450219835,True,cbf_obstacle_7,0.27151780300528916,0.0021941913938134066,0.27371199439910254
9.64,0.002151286000298569,7,0.00011603625703551085,True,cbf_obstacle_7,0.2710567578925031,0.0021941646958131993,0.2732509225883163
9.65,0.002160745996661717,7,0.00011606262055042019,True,cbf_obstacle_7,0.27059994835195994,0.002194105908590124,0.2727940542605501
9.66,0.0021786059987789486,7,0.00011610830611183398,True,cbf_obstacle_7,0.27014525405621037,0.0021940385554937835,0.27233929261170414
9.67,0.002170046001992887,7,0.00011615724465387917,True,cbf_obstacle_7,0.26969375305400145,0.002193940425188041,0.2718876934791895
9.68,0.0021336170029826462,7,0.00011622317512804611,True,cbf_obstacle_7,0.2692444600867616,0.002193830174562087,0.2714382902613237
9.69,0.0021424560000014026,7,0.0001163048953742099,True,cbf_obstacle_7,0.26879879943347684,0.0021936960276216534,0.2709924954610985
9.700000000000001,0.0021582469998975284,7,0.00011639930954687738,True,cbf_obstacle_7,0.26835604541022523,0.002193544951002613,0.27054959036122783
9.71,0.0021427560022857506,7,0.00011650189236124889,True,cbf_obstacle_7,0.2679160789324064,0.0021933736845724033,0.2701094526169788
9.72,0.002175386001908919,7,0.00011662052011078561,True,cbf_obstacle_7,0.2674781790207646,0.002193179388036322,0.2696713584088009
9.73,0.002133936999598518,7,0.00011675304103467982,True,cbf_obstacle_7,0.2670443220938589,0.0021929691489716357,0.2692372912428306
9.74,0.002148236999346409,7,0.00011689956189133918,True,cbf_obstacle_7,0.26661236886045137,0.0021927399189409394,0.2688051087793923
9.75,0.0021519570000236854,7,0.0001170590430614564,True,cbf_obstacle_7,0.2661834317965232,0.0021924942060242664,0.26837592600254745
9.76,0.00213729700044496,7,0.00011722970476206462,True,cbf_obstacle_7,0.26575681090047193,0.00219222573188161,0.26794903663235353
9.77,0.0021423469988803845,7,0.0001174122698315884,True,cbf_obstacle_7,0.2653328826760252,0.002191938568758221,0.2675248212447834
9.78,0.0021993759983161,7,0.00011760894550935999,True,cbf_obstacle_7,0.26491156620596,0.0021916270008481478,0.26710319320680814
9.790000000000001,0.002162196000426775,7,0.00011782436952045838,True,cbf_obstacle_7,0.2644938296077889,0.0021913081447128007,0.2666851377525017
9.8,0.0022258459976001177,7,0.00011804679142697269,True,cbf_obstacle_7,0.2640773966928095,0.002190964685699209,0.2662683613785087
9.81,0.002150646996597061,7,0.0001182794236796493,True,cbf_obstacle_7,0.26366402693871227,0.002190603272636309,0.2658546302113486
9.82,0.0021452069995575584,7,0.00011853412159757576,True,cbf_obstacle_7,0.2632523488043986,0.002190222672834948,0.26544257147723355
9.83,0.0021511070008273236,7,0.0001187970328605896,True,cbf_obstacle_7,0.26284294580042894,0.0021898250957195485,0.26503277089614846
9.84,0.0021595459984382614,7,0.00011908121371278363,True,cbf_obstacle_7,0.26243728252592435,0.0021894080472781414,0.2646266905732025
9.85,0.002157876999262953,7,0.00011937482396385049,True,cbf_obstacle_7,0.26203349724506153,0.002188977676217922,0.2642224749212794
9.86,0.0021917259982728865,7,0.00011968156293361287,True,cbf_obstacle_7,0.2616315936531477,0.0021885233026811956,0.2638201169558289
9.870000000000001,0.002146707000065362,7,0.00012000524889311734,True,cbf_obstacle_7,0.2612321225403062,0.002188054741216219,0.2634201772815224
9.88,0.002182525997341145,7,0.00012033851925119868,True,cbf_obstacle_7,0.26083451793534573,0.002187568495440204,0.26302208643078595
9.89,0.002180756000598194,7,0.00012069775637008062,True,cbf_obstacle_7,0.26043960997351756,0.002187064992033186,0.26262667496555075
9.9,0.0022053360007703304,7,0.00012106527294302588,True,cbf_obstacle_7,0.2600466164289866,0.0021865437211274993,0.26223316015011405
9.91,0.0021776860012323596,7,0.00012143810583265663,True,cbf_obstacle_7,0.2596557806388888,0.002186002461883527,0.26184178310077233
9.92,0.002167456001188839,7,0.0001218452096462333,True,cbf_obstacle_7,0.25926733301845584,0.002185444941686714,0.26145277796014255
9.93,0.0022209259986993857,7,0.0001222436462742539,True,cbf_obstacle_7,0.2588805639285097,0.0021848731385124493,0.2610654370670222
9.94,0.0022194060002220795,7,0.00012268510546006514,True,cbf_obstacle_7,0.25849628926283663,0.0021842853723741604,0.26068057463521077
9.950000000000001,0.0021546570023929235,7,0.00012312200045897295,True,cbf_obstacle_7,0.2581140805052444,0.002183675747566124,0.26029775625281054
9.96,0.002145607002603356,7,0.00012184759306105818,True,cbf_obstacle_6,0.25773234345904944,0.002183049588750485,0.2599153930477999
9.97,0.002176106001570588,7,0.00012032434991539071,True,cbf_obstacle_6,0.2573538032257341,0.00218240696088232,0.25953621018661643
9.98,0.0019100089994026348,6,0.00011884954465472917,True,cbf_obstacle_6,0.25697661228259056,0.002181751117424832,0.2591583634000154
9.99,0.0019254200014984235,6,0.00011740755818180539,True,cbf_obstacle_6,0.25660116777934017,0.0021810767226105757,0.25878224450195075
10.0,0.0019265289993199985,6,0.00011598803675511114,True,cbf_obstacle_6,0.2562281633874877,0.0021803831191237934,0.2584085465066115
10.01,0.001932529001351213,6,0.00011461538476440804,True,cbf_obstacle_6,0.255857145314527,0.002179675761577446,0.2580368210761045
10.02,0.001919839000038337,6,0.00011328021295036687,True,cbf_obstacle_6,0.2554869954509608,0.0021789488523031417,0.25766594430326395
10.03,0.0019698879987117834,6,0.00011195453078313797,True,cbf_obstacle_6,0.2551194080016555,0.002178207535295135,0.25729761553695063
10.040000000000001,0.0019094989984296262,6,0.00011068789029985981,True,cbf_obstacle_6,0.2547526903190354,0.0021774525612203647,0.2569301428802558
10.05,0.0019163489996572025,6,0.00010942805621636919,True,cbf_obstacle_6,0.2543881517951181,0.002176671135884382,0.25656482293100247
10.06,0.0019101389989373274,6,0.00010819947777259212,True,cbf_obstacle_6,0.2540252384294631,0.0021758832312974365,0.25620112166076053
10.07,0.0019688579996000044,6,0.00010701178741649633,True,cbf_obstacle_6,0.2536637060221795,0.0021750748819977087,0.2558387809041772
10.08,0.0019147390012221877,6,0.00010583791837413727,True,cbf_obstacle_6,0.25330431786251184,0.002174249527493267,0.25547856739000513
10.09,0.0019243589995312504,6,0.000104696508553331,True,cbf_obstacle_6,0.25294557106211146,0.0021734108448817177,0.25511898190699317
10.1,0.0019039589969906956,6,0.00010358558052101299,True,cbf_obstacle_6,0.25258847511146054,0.002172555551474597,0.25476103066293515
10.11,0.0019136890005029272,6,0.0001024903309399857,True,cbf_obstacle_6,0.25223300095604767,0.0021716820764016314,0.2544046830324493
10.120000000000001,0.0019229789977543987,6,0.00010142709037284058,True,cbf_obstacle_6,0.2518789148007329,0.00217079200458023,0.25404970680531314
10.13,0.0019277489991509356,6,0.00010037886911688169,True,cbf_obstacle_6,0.2515272029214492,0.002169886070256915,0.2536970889917061
10.14,0.001917018998938147,6,9.93531624491591e-05,True,cbf_obstacle_6,0.25117594235787377,0.002168965711705541,0.2533449080695793
10.15,0.00191037900003721,6,9.836280181080466e-05,True,cbf_obstacle_6,0.25082564774859994,0.0021680283521170935,0.25299367610071705
10.16,0.0019110889988951385,6,9.73967136097386e-05,True,cbf_obstacle_6,0.2504768623141131,0.002167081706130572,0.25264394402024365
10.17,0.002463903001626022,6,9.643298360496617e-05,True,cbf_obstacle_6,0.2501303395425997,0.0021661073204589302,0.25229644686305863
10.18,0.0020899070004816167,6,9.54979319184486e-05,True,cbf_obstacle_6,0.24978373693292133,0.0021651227193760767,0.2519488596522974
10.19,0.0019759089991566725,6,9.458286634328114e-05,True,cbf_obstacle_6,0.24943973270804937,0.0021641195024143934,0.2516038522104638
10.200000000000001,0.0019980990000476595,6,9.368575309743471e-05,True,cbf_obstacle_6,0.2490968516748679,0.00216309846757145,0.25125995014243935
10.21,0.0020084679999854416,6,9.281779626073381e-05,True,cbf_obstacle_6,0.24875373317409738,0.0021620752063942067,0.2509158083804916
10.22,0.0019225199976062868,6,9.196328823537353e-05,True,cbf_obstacle_6,0.2484125619122936,0.0021610242559336607,0.2505735861682273
10.23,0.0019128089988953434,6,9.111770582400161e-05,True,cbf_obstacle_6,0.2480733314609612,0.002159955925477295,0.25023328738643846
10.24,0.0019251289995736443,6,9.028935983114439e-05,True,cbf_obstacle_6,0.24773429504036024,0.002158870211047697,0.24989316525140792
10.25,0.0019282089997432195,6,8.949692875969903e-05,True,cbf_obstacle_6,0.24739621997782654,0.002157781021906472,0.24955400099973302
10.26,0.0016624820018478204,5,8.87026119334236e-05,True,cbf_obstacle_6,0.24705996344663586,0.002156662278003534,0.2492166257246394
10.27,0.0016856510010256898,5,8.793417597450105e-05,True,cbf_obstacle_6,0.24672409973580953,0.00215553742718653,0.24887963716299605
10.28,0.0016677819985488895,5,8.717746567020717e-05,True,cbf_obstacle_6,0.2463890929582516,0.0021543921721913963,0.248543485130443
10.290000000000001,0.0016756709992478136,5,8.643352727616144e-05,True,cbf_obstacle_6,0.2460567497355136,0.0021532288605203573,0.24820997859603397
10.3,0.0016537720002816059,5,8.57177832000967e-05,True,cbf_obstacle_6,0.24572375445308606,0.002152052948307286,0.24787580740139334
10.31,0.001651552000112133,5,8.500548188623488e-05,True,cbf_obstacle_6,0.24539276151391692,0.0021508575568510257,0.24754361907076794
10.32,0.0016626119977445342,5,8.431664083862356e-05,True,cbf_obstacle_6,0.24506117207772343,0.002149658604823004,0.24721083068254643
10.33,0.0020089179997739848,5,8.362592662090364e-05,True,cbf_obstacle_6,0.24473205310679727,0.0021484257660468074,0.2468804788728441
10.34,0.0017990610031120013,5,8.29623305574215e-05,True,cbf_obstacle_6,0.2444037759078206,0.002147182731861932,0.24655095863968252
10.35,0.0017196010012412444,5,8.23085276161718e-05,True,cbf_obstacle_6,0.24407567507620534,0.0021459264155565734,0.24622160149176192
10.36,0.0017633409988775384,5,8.166690370946163e-05,True,cbf_obstacle_6,0.24374898875690673,0.002144650347647627,0.24589363910455436
10.370000000000001,0.0017317720012215432,5,8.103511438924127e-05,True,cbf_obstacle_6,0.2434238570998278,0.0021433531037396217,0.24556721020356742
10.38,0.0019139190007990692,5,8.042630375708522e-05,True,cbf_obstacle_6,0.24309772547520514,0.0021420561430618005,0.24523978161826693
10.39,0.0019685490005940665,5,7.981512884630473e-05,True,cbf_obstacle_6,0.24277419983473364,0.002140724745233811,0.24491492457996744
10.4,0.0020109180004510563,5,7.92313095340216e-05,True,cbf_obstacle_6,0.2424502851517646,0.0021393927396658346,0.24458967789143043
10.41,0.0018303899996681139,5,7.865496957984615e-05,True,cbf_obstacle_6,0.24212625160950343,0.002138045248866815,0.24426429685837026
10.42,0.0017829710013756994,5,7.807967380776566e-05,True,cbf_obstacle_6,0.24180504550568102,0.0021366649136504985,0.24394171041933152
10.43,0.001738000999466749,5,7.75286412596438e-05,True,cbf_obstacle_6,0.24148388474223856,0.002135285311757061,0.2436191700539956
10.44,0.001807859996915795,5,7.699033137854167e-05,True,cbf_obstacle_6,0.2411625351634289,0.0021338873854034137,0.2432964225488323
10.450000000000001,0.0018401199995423667,5,7.644513259720889e-05,True,cbf_obstacle_6,0.24084300953171892,0.0021324499144486316,0.24297545944616755
10.46,0.0018172900017816573,5,7.592750476878747e-05,True,cbf_obstacle_6,0.24052423793314742,0.0021310238744746916,0.24265526180762212
10.47,0.0018191300005128141,5,7.541724146017687e-05,True,cbf_obstacle_6,0.2402053589449425,0.002129576736271995,0.24233493568121448
10.48,0.0018087310018017888,5,7.492244111504624e-05,True,cbf_obstacle_6,0.23988712486676445,0.0021281220580180874,0.24201524692478255
10.49,0.0019108890010102186,5,7.44142303985445e-05,True,cbf_obstacle_6,0.239570456516351,0.0021266079130890657,0.24169706442944008
10.5,0.0019533289996616077,5,7.393866036817069e-05,True,cbf_obstacle_6,0.2392537780227246,0.002125119129880421,0.24137889715260502
10.51,0.0019121599980280735,5,7.34694893429538e-05,True,cbf_obstacle_6,0.23893739429696667,0.0021236119282957815,0.24106100622526244
10.52,0.0019192790023225825,5,7.30100508829607e-05,True,cbf_obstacle_6,0.23862209765885303,0.002122089379460857,0.24074418703831388
10.53,0.0017942609993042424,5,7.254328060698643e-05,True,cbf_obstacle_6,0.23830751158545502,0.0021205108394365102,0.24042802242489153
10.540000000000001,0.001797290999093093,5,7.210134755623052e-05,True,cbf_obstacle_6,0.23799449007830575,0.002118949575903009,0.24011343965420875
10.55,0.0017595110002730507,5,7.16656366851246e-05,True,cbf_obstacle_6,0.23767931493853006,0.0021173713430490335,0.2397966862815791
10.56,0.0017160120005428325,5,7.123810296562859e-05,True,cbf_obstacle_6,0.2373672379333827,0.0021157679879633177,0.23948300592134603
10.57,0.001696741001069313,5,7.082246427503672e-05,True,cbf_obstacle_6,0.23705398749984044,0.0021141646375657575,0.2391681521374062
10.58,0.001715761001833016,5,7.041959530865172e-05,True,cbf_obstacle_6,0.23674224824727966,0.0021125531835575555,0.2388548014308372
10.59,0.0016977009981928859,5,7.001762713369775e-05,True,cbf_obstacle_6,0.23643041632495912,0.002110907395889045,0.23854132372084816
10.6,0.0016945720017247368,5,6.962458087706423e-05,True,cbf_obstacle_6,0.23611948045627257,0.002109246691382726,0.2382287271476553
10.61,0.0014278240014391486,4,6.923155080724042e-05,True,cbf_obstacle_6,0.23580927575367272,0.002107555650414202,0.23791683140408693
10.620000000000001,0.001410274999216199,4,6.884421445919626e-05,True,cbf_obstacle_6,0.23550006501108428,0.002105826203425142,0.23760589121450942
10.63,0.0014224250007828232,4,6.848177760668045e-05,True,cbf_obstacle_6,0.23519010843994465,0.002104137716145774,0.23729424615609043
10.64,0.0014288050006143749,4,6.811304944474546e-05,True,cbf_obstacle_6,0.23488177100881072,0.002102398404473968,0.23698416941328468
10.65,0.0014156249999359716,4,6.776583778398413e-05,True,cbf_obstacle_6,0.23457264480419354,0.0021006876330685225,0.23667333243726207
10.66,0.0014207640015229117,4,6.742081551484218e-05,True,cbf_obstacle_6,0.23426476058612486,0.0020989285200536108,0.23636368910617847
10.67,0.001421404002030613,4,6.707034613880362e-05,True,cbf_obstacle_6,0.23395702635079801,0.002097120491462132,0.23605414684226014
10.68,0.0014103350004006643,4,6.673459527178514e-05,True,cbf_obstacle_6,0.23365011230444255,0.002095322418091734,0.23574543472253429
10.69,0.0014219139993656427,4,6.640530581797279e-05,True,cbf_obstacle_6,0.23334302976210206,0.0020935123202955462,0.23543654208239762
10.700000000000001,0.0014249139967432711,4,6.609475927547544e-05,True,cbf_obstacle_6,0.2330358376926506,0.002091731388978552,0.23512756908162916
10.71,0.0014094750004005618,4,6.57762379261159e-05,True,cbf_obstacle_6,0.23273033645307084,0.002089871539587419,0.23482020799265826
10.72,0.0016720120001991745,4,6.547498718688241e-05,True,cbf_obstacle_6,0.23242487102591644,0.002088032939017516,0.23451290396493396
10.73,0.0015984130004653707,4,6.517224243603442e-05,True,cbf_obstacle_6,0.23211844953942318,0.0020861512318424615,0.23420460077126565
10.74,0.0015777930020703934,4,6.48789698375514e-05,True,cbf_obstacle_6,0.2318137640274017,0.002084272372664835,0.23389803640006654
10.75,0.0015272739983629435,4,6.458762283928455e-05,True,cbf_obstacle_6,0.23150914883160253,0.0020823563716782286,0.23359150520328076
10.76,0.001600423001946183,4,6.430460945213096e-05,True,cbf_obstacle_6,0.2312052798026028,0.0020804313509024306,0.23328571115350524
10.77,0.0016027720012061764,4,6.403148565866561e-05,True,cbf_obstacle_6,0.23090082668750708,0.0020785114308570734,0.23297933811836416
10.78,0.0018252200025017373,4,6.37599771146002e-05,True,cbf_obstacle_6,0.23059733557341675,0.002076547881930469,0.2326738834553472
10.790000000000001,0.001972647998627508,4,6.353337701654749e-05,True,cbf_obstacle_6,0.23028149456156066,0.002074810567501302,0.23235630512906197
10.8,0.001525652998680016,4,6.342689189488228e-05,True,cbf_obstacle_6,0.22993081560701378,0.002073786641371216,0.232004602248385
10.81,0.0019826889983960427,6,6.3398875186266e-05,True,cbf_obstacle_6,0.22955139435053737,0.002073233906818449,0.23162462825735583
10.82,0.0019783490024565253,5,6.346242026973418e-05,True,cbf_obstacle_6,0.229152598476366,0.0020732621701480647,0.23122586064651404
10.83,0.0019348000023455825,5,6.355413433979575e-05,True,cbf_obstacle_6,0.22874772263972076,0.00207345742795459,0.23082118006767535
10.84,0.0019535290011845063,5,6.366348839695248e-05,True,cbf_obstacle_6,0.22833589957835596,0.002073761824172099,0.23040966140252805
10.85,0.0018764589985948987,5,6.381212676682133e-05,True,cbf_obstacle_6,0.2279158186001112,0.0020742817582970413,0.22999010035840825
10.86,0.002473673001077259,5,6.398588118035516e-05,True,cbf_obstacle_6,0.22748962995426683,0.0020749285614019503,0.2295645585156688
10.870000000000001,0.0022378159992513247,5,6.418648955336349e-05,True,cbf_obstacle_6,0.22705829738747518,0.002075729564750784,0.22913402695222596
10.88,0.002254045000881888,5,6.441256844827697e-05,True,cbf_obstacle_6,0.2266208606343813,0.002076641545523573,0.22869750217990487
10.89,0.0025821720009844285,5,6.466137324428979e-05,True,cbf_obstacle_6,0.22617889164629565,0.002077639286937041,0.2282565309332327
10.9,0.0022871949986438267,5,6.494233557798436e-05,True,cbf_obstacle_6,0.22573265293051487,0.0020787757598106616,0.22781142869032553
10.91,0.0021296160011843313,5,6.525317902420598e-05,True,cbf_obstacle_6,0.22528382811341077,0.0020800152657693394,0.22736384337918011
10.92,0.002234104998933617,5,6.557726230359403e-05,True,cbf_obstacle_6,0.2248305262263838,0.0020812679491777936,0.2269117941755616
10.93,0.00227262499902281,5,6.593596259916968e-05,True,cbf_obstacle_6,0.22437719462703656,0.0020826362982783423,0.2264598309253149
10.94,0.0025184129990520887,5,6.629937254443163e-05,True,cbf_obstacle_6,0.22391719725910536,0.0020839723642858644,0.22600116962339123
10.950000000000001,0.0024227530011557974,5,6.670458750259031e-05,True,cbf_obstacle_6,0.2234570466929545,0.002085428982701998,0.2255424756756565
10.96,0.0023856440020608716,6,6.711113912143433e-05,True,cbf_obstacle_6,0.2229955990629994,0.002086835973334871,0.22508243503633427
10.97,0.002461322997987736,6,6.75520560392503e-05,True,cbf_obstacle_6,0.2225304668273969,0.0020883084114119454,0.22461877523880885
10.98,0.002540441997552989,6,6.801862163566437e-05,True,cbf_obstacle_6,0.22206590891481476,0.0020898183618754764,0.22415572727669023
10.99,0.0027979400001640897,6,6.850929532038232e-05,True,cbf_obstacle_6,0.22159891704272472,0.0020913379425798882,0.22369025498530462
11.0,0.0025422420003451407,6,6.901235164840074e-05,True,cbf_obstacle_6,0.2211309598746926,0.002092841534939642,0.22322380140963224
11.01,0.0023697840006207116,6,6.954473268714484e-05,True,cbf_obstacle_6,0.22066274887667864,0.002094363062646772,0.2227571119393254
11.02,0.002484123000613181,6,7.008691886528032e-05,True,cbf_obstacle_6,0.22019348989150397,0.002095843016480467,0.22228933290798444
11.03,0.0032768650016805623,6,7.065133137024431e-05,True,cbf_obstacle_6,0.21972138501096466,0.002097321413616056,0.2218187064245807
11.040000000000001,0.002459713999996893,6,7.123372873718038e-05,True,cbf_obstacle_6,0.2192505420035681,0.0020987882735347494,0.22134933027710285
11.05,0.002356193999730749,6,7.184203442836806e-05,True,cbf_obstacle_6,0.21878066330865692,0.0021002499414725317,0.22088091325012946
11.06,0.0024019429984036833,6,7.246652527080556e-05,True,cbf_obstacle_6,0.21830892715693595,0.0021016953523951814,0.22041062250933113
11.07,0.0024875429990061093,6,7.311723526201444e-05,True,cbf_obstacle_6,0.21783810405608028,0.0021031380471010675,0.21994124210318136
11.08,0.0026219510000373702,6,7.377952844913661e-05,True,cbf_obstacle_6,0.21736743709781162,0.0021045406831006995,0.21947197778091232
11.09,0.0025314619997516274,6,7.444108283961555e-05,True,cbf_obstacle_6,0.21689727994180688,0.002105892238541572,0.21900317218034845
11.1,0.0023825130010663997,6,7.5143071756294e-05,True,cbf_obstacle_6,0.2164269810035372,0.002107269401410423,0.21853425040494762
11.11,0.002518331999453949,6,7.584542385937615e-05,True,cbf_obstacle_6,0.21595739277977347,0.002108612251779392,0.21806600503155285
11.120000000000001,0.0028905379986099433,6,7.656965083919229e-05,True,cbf_obstacle_6,0.21548927444733193,0.002109943965231558,0.2175992184125635
11.13,0.002572892000898719,6,7.729984851678274e-05,True,cbf_obstacle_6,0.21502164848527888,0.002111259971130399,0.21713290845640928
11.14,0.0023871330013207626,6,7.805501045155959e-05,True,cbf_obstacle_6,0.21455544052424613,0.002112616357167943,0.21666805688141408
11.15,0.0024434529987047426,6,7.8811888095753e-05,True,cbf_obstacle_6,0.21408922124249463,0.0021141268569814385,0.21620334809947608
11.16,0.0025182719982694834,6,7.958912166777863e-05,True,cbf_obstacle_6,0.21362498243976383,0.002115866390800937,0.21574084883056477
11.17,0.0026434510000399314,6,8.036049834083238e-05,True,cbf_obstacle_6,0.2131619335354667,0.002117622668265241,0.21527955620373193
11.18,0.0025063630018848926,6,8.115565906966198e-05,True,cbf_obstacle_6,0.21269369882198427,0.002119610746147333,0.2148133095681316
11.19,0.0023686450003879145,6,8.196528171844852e-05,True,cbf_obstacle_6,0.21223382386534476,0.002122065845150839,0.2143558897104956
11.200000000000001,0.0030076369985181373,6,8.275991553272858e-05,True,cbf_obstacle_6,0.21177294612303718,0.0021245260653746604,0.21389747218841185
11.21,0.0026290710011380725,6,8.356898798865531e-05,True,cbf_obstacle_6,0.21131383155452257,0.002127015486587161,0.21344084704110974
11.22,0.0023616550024598837,6,8.43958156734742e-05,True,cbf_obstacle_6,0.21085441441638714,0.0021295365678374273,0.21298395098422457
11.23,0.0032679440009815153,6,8.522171042587732e-05,True,cbf_obstacle_6,0.21039682891667538,0.002132088755170724,0.21252891767184612
11.24,0.002768450001894962,6,8.604853562614654e-05,True,cbf_obstacle_6,0.20994203153913277,0.0021346584184555603,0.21207668995758833
11.25,0.002369163998082513,6,8.683062691414579e-05,True,cbf_obstacle_6,0.20948227375545345,0.0021372479759043223,0.21161952173135776
11.26,0.0026458809988980647,6,8.739473260655525e-05,True,cbf_obstacle_6,0.20900765437204544,0.002139784158863449,0.2111474385309089
11.27,0.0030093770001258235,6,8.770947371943569e-05,True,cbf_obstacle_6,0.2085143548859632,0.00214229036755894,0.21065664525352215
11.28,0.0026149209988943767,6,8.784231191299443e-05,True,cbf_obstacle_6,0.20800129508423124,0.0021448159082613455,0.21014611099249259
11.290000000000001,0.002551682999182958,6,8.776855373443808e-05,True,cbf_obstacle_6,0.20747102225042385,0.00214734637237302,0.20961836862279687
11.3,0.002859668999008136,6,8.752167967197052e-05,True,cbf_obstacle_6,0.20692333513452016,0.0021498915836013236,0.20907322671812148
11.31,0.0027465200000733603,6,8.71369943781532e-05,True,cbf_obstacle_6,0.20635930950726217,0.002152494325775346,0.20851180383303752
11.32,0.0026482219982426614,6,8.661603364214102e-05,True,cbf_obstacle_6,0.20577980816321198,0.002155124667926677,0.20793493283113865
11.33,0.0031683749984949827,7,8.600189457848664e-05,True,cbf_obstacle_6,0.20518300146988064,0.002157949696325206,0.20734095116620585
11.34,0.003289424999820767,7,8.52719582964906e-05,True,cbf_obstacle_6,0.20457230671802035,0.002161267460197173,0.20673357417821753
11.35,0.0026566410015220754,7,8.446655353259351e-05,True,cbf_obstacle_6,0.2039440257493733,0.0021646276351397304,0.206108653384513
11.36,0.0032982840020849835,8,8.357530356651092e-05,True,cbf_obstacle_6,0.2033007962200499,0.002167988634273507,0.2054687848543234
11.370000000000001,0.002780920000077458,6,8.264012368702973e-05,True,cbf_obstacle_6,0.20264073834848692,0.002171375776960755,0.20481211412544767
11.38,0.0026518210033827927,6,8.166776507297275e-05,True,cbf_obstacle_6,0.20196840819249498,0.002174666168015271,0.20414307436051024
11.39,0.0026328109997848514,6,8.065411733492334e-05,True,cbf_obstacle_6,0.20127824738136466,0.002177693981891489,0.20345594136325615
11.4,0.00259219199870131,6,7.960330767603214e-05,True,cbf_obstacle_6,0.20057453810785936,0.002180668578630056,0.20275520668648941
11.41,0.0025181829987559468,6,7.853725707190787e-05,True,cbf_obstacle_6,0.199854077771822,0.0021836210373469642,0.20203769880916894
11.42,0.003395724001165945,6,7.748281974624834e-05,True,cbf_obstacle_6,0.1991219558069035,0.0021865684079044397,0.20130852421480794
11.43,0.0029638580017490312,6,7.641632215481969e-05,True,cbf_obstacle_6,0.1983729447260453,0.0021894715657137537,0.20056241629175905
11.44,0.0028745790004904848,6,7.535615848740934e-05,True,cbf_obstacle_6,0.19761020783737399,0.002192302061794432,0.19980250989916842
11.450000000000001,0.0023848140008340124,6,7.43224618399512e-05,True,cbf_obstacle_6,0.1968317782460997,0.0021946067349440965,0.1990263849810438
11.46,0.002806009000778431,6,7.329632820843594e-05,True,cbf_obstacle_6,0.1960421053488252,0.0021967696689734794,0.1982388750177987
11.47,0.0026033610010927077,6,7.23017980817104e-05,True,cbf_obstacle_6,0.19523716644054254,0.0021989013080488387,0.19743606774859138
11.48,0.0025833319996309,6,7.133034771309604e-05,True,cbf_obstacle_6,0.19442325231699198,0.0022009670043128997,0.1966242193213049
11.49,0.002644421998411417,6,7.038355583025512e-05,True,cbf_obstacle_6,0.19359518687285954,0.0022029911858311444,0.19579817805869068
11.5,0.00308809700072743,6,6.947784485385449e-05,True,cbf_obstacle_6,0.19274894636635673,0.0022050136045276975,0.19495395997088444
11.51,0.0028998389971093275,7,6.8605116655256e-05,True,cbf_obstacle_6,0.19189630107222014,0.002206997357023229,0.19410329842924337
11.52,0.0035404919981374405,9,6.775906583881023e-05,True,cbf_obstacle_6,0.19102670578908879,0.002208185465529889,0.19323489125461868
11.53,0.003754028999537695,7,6.695757997781803e-05,True,cbf_obstacle_6,0.19014538143951512,0.0022090975155690615,0.19235447895508417
11.540000000000001,0.0032953139998426195,7,6.619330573939082e-05,True,cbf_obstacle_6,0.18925651694905532,0.0022100123093575642,0.19146652925841287
11.55,0.002902098000049591,6,6.545579582187657e-05,True,cbf_obstacle_6,0.18834930869690672,0.002212123912795556,0.19056143260970226
11.56,0.0026419109999551438,6,6.475948959340136e-05,True,cbf_obstacle_6,0.18743535758884636,0.002214411949643631,0.18964976953849
11.57,0.002623481999762589,6,6.410290413025625e-05,True,cbf_obstacle_6,0.1865058990501578,0.002216756731111432,0.18872265578126923
11.58,0.002756369998678565,6,6.348012368381784e-05,True,cbf_obstacle_6,0.1855625681874697,0.002219096381585592,0.1877816645690553
11.59,0.0027138000004924834,5,6.289316714903318e-05,True,cbf_obstacle_6,0.1846095325226349,0.002221468231744466,0.18683100075437936
11.6,0.002410713001154363,5,6.233830569486276e-05,True,cbf_obstacle_6,0.18364447436645137,0.0022238746963511033,0.18586834906280247
11.61,0.0023145849991124123,5,6.181716535060586e-05,True,cbf_obstacle_6,0.1826674142535036,0.0022263507524231153,0.18489376500592672
11.620000000000001,0.0022376359993359074,5,6.133190755973328e-05,True,cbf_obstacle_6,0.18167217016865445,0.0022281453640482884,0.18390031553270272
11.63,0.0027089899995189626,6,6.087335405888694e-05,True,cbf_obstacle_6,0.1806697747244821,0.0022287475968413334,0.18289852232132342
11.64,0.002956428001198219,6,6.0448928398595904e-05,True,cbf_obstacle_6,0.1796524040640932,0.0022291787841902024,0.1818815828482834
11.65,0.002681180998479249,5,6.005895415151993e-05,True,cbf_obstacle_6,0.17861958827873783,0.002229574093474396,0.18084916237221224
11.66,0.0025453430025663693,5,5.9694810921578044e-05,True,cbf_obstacle_6,0.17757339799869892,0.002229909343035439,0.17980330734173436
11.67,0.0029853980013285764,6,5.9355231065182264e-05,True,cbf_obstacle_6,0.17651694868941686,0.0022304700796838255,0.1787474187691007
11.68,0.003295554000942502,8,5.9048733577092864e-05,True,cbf_obstacle_6,0.1754394013756862,0.002231207914922459,0.17767060929060866
11.69,0.003051146999496268,8,5.876257187390518e-05,True,cbf_obstacle_6,0.17435245109491743,0.0022317190135680374,0.17658417010848546
11.700000000000001,0.0029480180019163527,7,5.850302532712983e-05,True,cbf_obstacle_6,0.17324638091694897,0.00223216585424293,0.1754785467711919
11.71,0.0031789049971848726,7,5.8271448313940914e-05,True,cbf_obstacle_6,0.1721284672024386,0.0022325038451625526,0.17436097104760115
11.72,0.002923637999629136,7,5.806355463812483e-05,True,cbf_obstacle_6,0.17099031716976343,0.0022327150141987938,0.17322303218396223
11.73,0.0028110690000175964,7,5.787700832248334e-05,True,cbf_obstacle_6,0.1698404605797224,0.0022327570712061913,0.1720732176509286
11.74,0.00306212700161268,7,5.771748577583144e-05,True,cbf_obstacle_6,0.16867323016053817,0.002232608728773366,0.17090583888931155
11.75,0.00395262700112653,7,5.7580095179397784e-05,True,cbf_obstacle_6,0.1674840746052186,0.0022322935054465047,0.16971636811066512
11.76,0.0035459819991956465,6,5.746467010044607e-05,True,cbf_obstacle_6,0.16628693125649913,0.0022317063708582234,0.16851863762735736
11.77,0.00398537699948065,6,5.7373826073978205e-05,True,cbf_obstacle_6,0.1650676504844511,0.0022308326481898003,0.1672984831326409
11.78,0.0034820719993149396,6,5.730730986687211e-05,True,cbf_obstacle_6,0.16382623318427975,0.0022295486454071366,0.1660557818296869
11.790000000000001,0.0031750959969940595,6,5.726072548404735e-05,True,cbf_obstacle_6,0.16257069585153108,0.0022274381742056013,0.16479813402573668
11.8,0.0032437549998576287,6,5.724362150341818e-05,True,cbf_obstacle_6,0.16130151925134284,0.0022250126272869053,0.16352653187862976
11.81,0.0026673510001273826,6,5.724798343498738e-05,True,cbf_obstacle_6,0.16000779306961732,0.0022221571156836382,0.16222995018530095
11.82,0.0027245499986747745,6,5.727586099881486e-05,True,cbf_obstacle_6,0.1587002645943549,0.0022190556724191513,0.16091932026677405
11.83,0.003073526000662241,7,5.7331725098142645e-05,True,cbf_obstacle_6,0.1573718224842268,0.002216088474463777,0.15958791095869057
11.84,0.003354473999934271,7,5.74184167410612e-05,True,cbf_obstacle_6,0.15601796360814593,0.0022136978388319372,0.15823166144697787
11.85,0.003494632001093123,7,5.7524096126901564e-05,True,cbf_obstacle_6,0.1546480934218889,0.0022113193831143525,0.15685941280500326
11.86,0.0039016080008877907,8,5.7655314435190656e-05,True,cbf_obstacle_6,0.1532557908981326,0.002209585282957787,0.15546537618109038
11.870000000000001,0.0030222570021578576,7,5.7808991470342146e-05,True,cbf_obstacle_6,0.15184193121133163,0.002209170126664437,0.15405110133799607
11.88,0.002596942002128344,6,5.7985719921921754e-05,True,cbf_obstacle_6,0.1504043579379504,0.0022100153405609207,0.15261437327851132
11.89,0.0034053529998345766,6,5.817937346988609e-05,True,cbf_obstacle_6,0.14894842461029625,0.0022126253432092477,0.1511610499535055
11.9,0.002351544997509336,4,5.839393010999587e-05,True,cbf_obstacle_6,0.1474600227067489,0.002217155551175051,0.14967717825792395
11.91,0.002840219000063371,5,5.862399244434572e-05,True,cbf_obstacle_6,0.14595220263204903,0.0022236881045104634,0.14817589073655948
11.92,0.0033233430003747344,7,5.8866841856256556e-05,True,cbf_obstacle_6,0.14442517394770335,0.00223252103332345,0.1466576949810268
11.93,0.002730330001213588,6,5.912940675947289e-05,True,cbf_obstacle_6,0.14286804387176233,0.0022438820292758517,0.1451119259010382
11.94,0.0023294750026252586,5,5.940113769707493e-05,True,cbf_obstacle_6,0.14129664119283505,0.0022579004666871396,0.1435545416595222
11.950000000000001,0.0022972950027906336,4,5.969094086010981e-05,True,cbf_obstacle_6,0.13969246469333213,0.002275027366693611,0.14196749206002574
11.96,0.002573002002463909,5,5.9992302818667634e-05,True,cbf_obstacle_6,0.13806913187605482,0.0022955418278802534,0.14036467370393507
11.97,0.0025651220021245535,6,6.030706605535954e-05,True,cbf_obstacle_6,0.13642058465831838,0.002319866580590688,0.13874045123890907
11.98,0.002680270998098422,6,6.063522459391266e-05,True,cbf_obstacle_6,0.13475830784485326,0.0023480861133435174,0.1371063939581968
11.99,0.0035869409985025413,7,6.098158382989848e-05,True,cbf_obstacle_6,0.13307185075508857,0.0023803958492677026,0.13545224660435626
12.0,0.003183195996825816,8,6.134220237247537e-05,True,cbf_obstacle_6,0.13137007011438634,0.0024161354112646996,0.13378620552565104
12.01,0.0033623140006966423,9,6.17155919175916e-05,True,cbf_obstacle_6,0.12966417709993106,0.0024539948890113313,0.13211817198894238
12.02,0.004148824998992495,10,6.209932283899125e-05,True,cbf_obstacle_6,0.1279473112276552,0.0024927769695175673,0.1304400881971728
12.030000000000001,0.0033863729986478575,9,6.24835763782741e-05,True,cbf_obstacle_6,0.12623928015814687,0.002531043256994077,0.12877032341514094
12.040000000000001,0.0032484139992448036,8,6.286376298408045e-05,True,cbf_obstacle_6,0.12453054356779557,0.0025682258918742944,0.12709876945966986
12.05,0.003390884001419181,7,6.323478651421163e-05,True,cbf_obstacle_6,0.12282990311263797,0.0026037880279150922,0.12543369114055306
12.06,0.0032364839971705806,7,6.3591872006589e-05,True,cbf_obstacle_6,0.12113556306298051,0.0026374219807160574,0.12377298504369656
12.07,0.0026808900001924485,6,6.393526948934543e-05,True,cbf_obstacle_6,0.11946011081050653,0.0026688222565765113,0.12212893306708304
12.08,0.0032529849995626137,7,6.426498049653994e-05,True,cbf_obstacle_6,0.11779307993286382,0.0026980864717777784,0.1204911664046416
12.09,0.002715719998377608,7,6.458218478663509e-05,True,cbf_obstacle_6,0.11614081225330761,0.0027252111183946608,0.11886602337170227
12.1,0.00363744000060251,8,6.48918298195672e-05,True,cbf_obstacle_6,0.11451037413363069,0.0027502891976202187,0.1172606633312509
12.11,0.00373206899894285,9,6.519778469552559e-05,True,cbf_obstacle_6,0.112889413980297,0.002773639838126981,0.11566305381842398
12.120000000000001,0.004237064000335522,10,6.55073474682482e-05,True,cbf_obstacle_6,0.11128262924360131,0.0027954289242951014,0.11407805816789642
12.13,0.0029942469991510734,6,6.58153356433794e-05,True,cbf_obstacle_6,0.10969440398383255,0.002815830661819891,0.11251023464565245
12.14,0.0026651820007828064,6,6.61251640136193e-05,True,cbf_obstacle_6,0.10811748656209408,0.0028350822393381652,0.11095256880143224
12.15,0.0024100939990603365,6,6.644250886624385e-05,True,cbf_obstacle_6,0.1065507881481413,0.0028533432537387275,0.10940413140188003
12.16,0.002751150001131464,6,6.676653320116617e-05,True,cbf_obstacle_6,0.10499744785550882,0.0028706552423482324,0.10786810309785706
12.17,0.0026709099984145723,7,6.709970668441654e-05,True,cbf_obstacle_6,0.10345680433527593,0.0028872227048958783,0.1063440270401718
12.18,0.0025633820005168673,5,6.744482053525991e-05,True,cbf_obstacle_6,0.10191493363726237,0.0029031374865122646,0.10481807112377463
12.19,0.003120815999864135,5,6.780094613273392e-05,True,cbf_obstacle_6,0.10039005037728917,0.0029184427129201706,0.10330849309020934
12.200000000000001,0.0023679639998590574,5,6.817708181302944e-05,True,cbf_obstacle_6,0.09886937127031319,0.0029331861545733467,0.10180255742488653
12.21,0.0025902609995682724,6,6.857286485390738e-05,True,cbf_obstacle_6,0.09734479531637005,0.002947533371274767,0.10029232868764482
12.22,0.0027971390009042807,6,6.898554855031089e-05,True,cbf_obstacle_6,0.09583757201715655,0.0029613334555382187,0.09879890547269476
12.23,0.0028353490015433636,7,6.942645503981804e-05,True,cbf_obstacle_6,0.09432487682506115,0.0029747820953869666,0.09729965892044812
12.24,0.0030958860006649047,8,6.989048665766986e-05,True,cbf_obstacle_6,0.09281619804941577,0.0029878635004900378,0.0958040615499058
12.25,0.0028453499980969355,7,7.038908638985113e-05,True,cbf_obstacle_6,0.09130405688315286,0.003000591608683177,0.09430464849183604
12.26,0.0029237380003905855,7,7.092145524363787e-05,True,cbf_obstacle_6,0.08979266870811399,0.00301297209744285,0.09280564080555684
12.27,0.003434962000028463,7,7.149476658336175e-05,True,cbf_obstacle_6,0.08828276276568947,0.0030249988983204524,0.09130776166400992
12.280000000000001,0.003017596998688532,7,7.211678114327441e-05,True,cbf_obstacle_6,0.08676134068924986,0.0030367717024442436,0.08979811239169411
12.290000000000001,0.00327592400208232,7,7.2787783581293e-05,True,cbf_obstacle_6,0.08524237037014987,0.0030481391651707252,0.0882905095353206
12.3,0.003410291999898618,7,7.352101067682293e-05,True,cbf_obstacle_6,0.08371622511059748,0.003059198372906953,0.08677542348350444
12.31,0.0029823369986843318,7,7.43280898484887e-05,True,cbf_obstacle_6,0.08217943421363828,0.003069856916627101,0.08524929113026539
12.32,0.0030960860021878034,8,7.521168751247257e-05,True,cbf_obstacle_6,0.08064059310670973,0.003080127615587157,0.08372072072229689
12.33,0.0032905439984460827,8,7.619415945055185e-05,True,cbf_obstacle_6,0.07909024082537051,0.0030899247685863686,0.08218016559395688
12.34,0.0032337240008928347,8,7.728985252574783e-05,True,cbf_obstacle_6,0.07752889984559651,0.0030991927344055817,0.08062809258000209
12.35,0.0035964310009148903,7,7.850901506809384e-05,True,cbf_obstacle_6,0.07596206363528663,0.003107896553457543,0.07906996018874417
12.36,0.0030405360012082383,7,7.988757216684478e-05,True,cbf_obstacle_6,0.07438418538225594,0.00311586803550419,0.07750005341776013
12.370000000000001,0.0030690169987792615,7,8.144536941933451e-05,True,cbf_obstacle_6,0.07279569978395059,0.003122934614424981,0.07591863439837557
12.38,0.003776568999455776,7,8.322569901517422e-05,True,cbf_obstacle_6,0.0711959419873029,0.0031289349296105056,0.0743248769169134
12.39,0.003316954000183614,7,8.527015988701522e-05,True,cbf_obstacle_6,0.06959155660138101,0.003133482966271255,0.07272503956765226
12.4,0.0036716499998874497,8,8.762533759229768e-05,True,cbf_obstacle_6,0.06798028567861268,0.003136199406760278,0.07111648508537297
12.41,0.0035250020009698346,9,9.036011726013937e-05,True,cbf_obstacle_6,0.06636802014153179,0.0031363608909641964,0.06950438103249598
12.42,0.005007816002034815,13,9.354560693993115e-05,True,cbf_obstacle_6,0.06475455922071917,0.0031330340116418206,0.06788759323236099
12.43,0.002906837999034906,7,9.724344973049645e-05,True,cbf_obstacle_6,0.06314499984712323,0.0031248309108457763,0.06626983075796901
12.44,0.00319494499854045,7,0.00010145167954941198,True,cbf_obstacle_6,0.061553198832936966,0.0031098472605919606,0.06466304609352892
12.450000000000001,0.003496932000416564,7,0.00010604467549901937,True,cbf_obstacle_6,0.05998190655298306,0.0030864390630336983,0.06306834561601675
12.46,0.0029935269994894043,7,0.00011075065133982014,True,cbf_obstacle_6,0.05843485177160586,0.003054948356298413,0.061489800127904275
12.47,0.0027832200030388776,5,0.00011531772699587928,True,cbf_obstacle_6,0.05690822033267053,0.0030188152836938416,0.05992703561636437
12.48,0.0025984810017689597,5,0.00011971951093094502,True,cbf_obstacle_6,0.055400648297589825,0.0029819428357008367,0.05838259113329066
12.49,0.0035195509990444407,8,0.0001240592168416572,True,cbf_obstacle_6,0.053916143166425824,0.0029464653938870403,0.05686260856031287
12.5,0.0031277749985747505,6,0.0001284670598280332,True,cbf_obstacle_6,0.05245239187056323,0.0029130121025393806,0.055365403973102606
12.51,0.0036658999997598585,6,0.000133041735513612,True,cbf_obstacle_6,0.0510072959089741,0.0028822263785688133,0.053889522287542915
12.52,0.003155096001137281,7,0.00013783843157355623,True,cbf_obstacle_6,0.04959044972834669,0.002855626091386083,0.052446075819732776
12.530000000000001,0.0035189010013709776,7,0.0001429355152489576,True,cbf_obstacle_6,0.04819326413889358,0.0028296853957395797,0.051022949534633155
12.540000000000001,0.0031686160000390373,7,0.0001483745662221815,True,cbf_obstacle_6,0.04682264523445149,0.0028052590462059367,0.04962790428065743
12.55,0.0030871759990986902,7,0.00015419567976741357,True,cbf_obstacle_6,0.04548416753922895,0.0027817629664211863,0.04826593050565014
12.56,0.0033193739982380066,7,0.00016048215338796247,True,cbf_obstacle_6,0.04417241860622686,0.002758822943735862,0.04693124154996272
12.57,0.003377422999619739,7,0.0001672670567161637,True,cbf_obstacle_6,0.042897521680636416,0.0027365989973658516,0.045634120678002266
12.58,0.003192464999301592,7,0.00017464161425212758,True,cbf_obstacle_6,0.04165982273705084,0.0027149150127937843,0.04437473774984463
12.59,0.0033235039991268422,7,0.00018269165821473902,True,cbf_obstacle_6,0.040460262331641815,0.002693735619273895,0.04315399795091571
12.6,0.0034910020003735553,7,0.00019150796540738885,True,cbf_obstacle_6,0.0393064122028731,0.0026729713790532646,0.04197938358192636
12.61,0.0035034219981753267,8,0.00020121378950066775,True,cbf_obstacle_6,0.038203330193241285,0.002652718778157361,0.04085604897139865
12.620000000000001,0.002846578998287441,5,0.00021194711869924974,True,cbf_obstacle_6,0.03716059267109302,0.002632960840565687,0.03979355351165871
12.63,0.0028310589987086132,5,0.0002239197975136924,True,cbf_obstacle_6,0.03619467382842257,0.002613861297425,0.038808535125847574
12.64,0.0027227099999436177,5,0.000237345548482491,True,cbf_obstacle_6,0.035354585893736766,0.0025960201068375753,0.037950606000574344
12.65,0.002822378999553621,6,0.0002524865805106078,True,cbf_obstacle_6,0.034656253498386906,0.0025795950846490712,0.037235848583035976
12.66,0.0033922430011443794,8,0.0002696309313711794,True,cbf_obstacle_6,0.03401589873064872,0.002563312107703298,0.036579210838352014
12.67,0.003080965998378815,7,0.0002890721407598632,True,cbf_obstacle_6,0.033438858419875095,0.0025471674695450087,0.035986025889420105
12.68,0.0030625370018242393,7,0.00031138519708434685,True,cbf_obstacle_6,0.03292195052531135,0.0025309665404165582,0.03545291706572791
12.69,0.0035674409991770517,7,0.0003372365481322799,True,cbf_obstacle_6,0.032465520171424664,0.0025146781405358033,0.03498019831196047
12.700000000000001,0.0032974940004351083,7,0.00036730891621131927,True,cbf_obstacle_6,0.03207428450647289,0.0024983552621097513,0.034572639768582644
12.71,0.0031021069989947136,7,0.00040270610126598514,True,cbf_obstacle_6,0.03174713130431335,0.002481868769332404,0.03422900007364575
12.72,0.0026955299981636927,5,0.0004448604638462152,True,cbf_obstacle_6,0.031483433886221525,0.0024648984321322875,0.03394833231835381
12.73,0.002354064999963157,5,0.000441104118122454,True,cbf_obstacle_0,0.031283159354405406,0.0024442665520301777,0.033727425906435585
12.74,0.002630041002703365,6,0.0004363258801712011,True,cbf_obstacle_0,0.03114576050121845,0.002419991110998335,0.03356575161221678
12.75,0.002618951999465935,5,0.0004316811818090155,True,cbf_obstacle_0,0.031073335589353435,0.0023948179254740776,0.033468153514827514
12.76,0.0027548899997782428,5,0.0004271521490105956,True,cbf_obstacle_0,0.031064220239108153,0.002369009504706043,0.0334332297438142
12.77,0.002469332997861784,6,0.00042273030855649596,True,cbf_obstacle_0,0.031118969977636017,0.0023432375249826127,0.03346220750261863
12.780000000000001,0.0019417389994487166,4,0.00041843679557085345,True,cbf_obstacle_0,0.031243534822865213,0.00231905321317313,0.03356258803603834
12.790000000000001,0.002183235999837052,4,0.00041436781424002145,True,cbf_obstacle_0,0.03148431385633711,0.0023044669484769765,0.03378878080481409
12.8,0.0017619610007386655,4,0.00041046265128726056,True,cbf_obstacle_0,0.031791859580963235,0.0022977110107039725,0.03408957059166721
12.81,0.0014197740019881167,3,0.00040656718393827784,True,cbf_obstacle_0,0.03210481195696915,0.002292319264160497,0.03439713122112965
12.82,0.0013261650019558147,3,0.0004026797482845623,True,cbf_obstacle_0,0.0324156180768841,0.002287116282309171,0.03470273435919327
12.83,0.0013839350031048525,3,0.0003987977659139774,True,cbf_obstacle_0,0.03272597395145166,0.002282204309009689,0.03500817826046135
12.84,0.001299425999604864,3,0.00039493052813217855,True,cbf_obstacle_0,0.03303519307794207,0.002277482695032618,0.035312675772974686
12.85,0.0015605830012646038,4,0.00039107324064860394,True,cbf_obstacle_0,0.03334318809843576,0.0022729494668477773,0.03561613756528354
12.86,0.0018009800005529542,4,0.00038723506163934607,True,cbf_obstacle_0,0.03365247014225955,0.002268892856532973,0.03592136299879252
12.870000000000001,0.0016405620008299593,4,0.0003834167112295034,True,cbf_obstacle_0,0.033960501929841944,0.002264991528602542,0.03622549345844449
12.88,0.0017176920009660535,4,0.00037962518415592117,True,cbf_obstacle_0,0.034266973992700164,0.0022611884867762303,0.03652816247947639
12.89,0.0017568010007380508,4,0.00037583756197183404,True,cbf_obstacle_0,0.034569303195356504,0.0022572010469758164,0.036826504242332324
12.9,0.001776590997906169,4,0.0003720656766301872,True,cbf_obstacle_0,0.03486979744418453,0.0022533026572026044,0.037123100101387134
12.91,0.0016818219992273953,4,0.00036831130442070703,True,cbf_obstacle_0,0.035168555988056224,0.0022495031590859527,0.03741805914714218
12.92,0.0017144810008176137,4,0.00036457758799710027,True,cbf_obstacle_0,0.03546612659484953,0.002245780380251154,0.037711906975100684
12.93,0.0019097589974990115,4,0.00036085981123507027,True,cbf_obstacle_0,0.03576153192141889,0.002242138649100973,0.038003670570519864
12.94,0.0017955209987121634,4,0.0003571614966990516,True,cbf_obstacle_0,0.03605461654216162,0.0022384957519786695,0.038293112294140286
12.950000000000001,0.0017199820031237323,4,0.000353476966372987,True,cbf_obstacle_0,0.036347016914054606,0.0022349769419598977,0.038581993856014504
12.96,0.0017310820003331173,4,0.00034981250907238637,True,cbf_obstacle_0,0.03663110895917818,0.002230870168828284,0.03886197912800646
12.97,0.0018206300010206178,4,0.00034602040788628274,True,cbf_obstacle_0,0.036793030647372514,0.002212271197060468,0.03900530184443298
12.98,0.0023913740005809814,5,0.00034221455507633947,True,cbf_obstacle_0,0.03693473920589282,0.002185522123143543,0.039120261329036364
12.99,0.002534941999329021,6,0.00033844384191525356,True,cbf_obstacle_0,0.03709615686631102,0.002151767810757374,0.0392479246770684
13.0,0.0018272699999215547,4,0.00033473239172424063,True,cbf_obstacle_0,0.03728974954925188,0.0021113738185355967,0.03940112336778748
13.01,0.001743221000651829,4,0.0003310975250495618,True,cbf_obstacle_0,0.03751423278545717,0.0020665965892536333,0.03958082937471081
13.02,0.001766290999512421,4,0.0003275348129149619,True,cbf_obstacle_0,0.03775918746464502,0.0020227439827796767,0.0397819314474247
13.030000000000001,0.001979999000468524,5,0.00032403264031942436,True,cbf_obstacle_0,0.03801260591218686,0.0019838591841794396,0.0399964650963663
13.040000000000001,0.0021647369976562914,5,0.0003205737863379854,True,cbf_obstacle_0,0.038267349247236945,0.0019505925452377173,0.04021794179247466
13.05,0.002126316998328548,5,0.0003171473604533792,True,cbf_obstacle_0,0.03852143509446804,0.001921916902568583,0.04044335199703662
13.06,0.001966809002624359,5,0.00031374736791917046,True,cbf_obstacle_0,0.038774783149785136,0.0018967642237358454,0.04067154737352098
13.07,0.0019913889991585165,5,0.00031037522499864634,True,cbf_obstacle_0,0.03902606915305785,0.001874178107037066,0.04090024726009491
13.08,0.0019882589986082166,5,0.00030702480996086523,True,cbf_obstacle_0,0.0392758022632477,0.0018535589308725925,0.04112936119412029
13.09,0.001949879002495436,5,0.0003037004313305586,True,cbf_obstacle_0,0.03952365090746455,0.0018344365222701497,0.0413580874297347
13.1,0.0020037879985466134,5,0.00030039959883455813,True,cbf_obstacle_0,0.03977023436346153,0.0018164958819351974,0.04158673024539673
13.11,0.0020079980022273958,5,0.0002971230421488641,True,cbf_obstacle_0,0.0400147419998039,0.001799494112915747,0.041814236112719644
13.120000000000001,0.0022289760017883964,5,0.0002938724974020507,True,cbf_obstacle_0,0.04025749811177875,0.0017832269212236071,0.04204072503300236
13.13,0.002086956999846734,5,0.00029064606460216247,True,cbf_obstacle_0,0.040499377084267894,0.0017675787292815918,0.04226695581354949
13.14,0.0020193780001136474,5,0.0002874477683137977,True,cbf_obstacle_0,0.04073951034350396,0.0017524149883748358,0.042491925331878795
13.15,0.001981958997930633,5,0.0002842746279421715,True,cbf_obstacle_0,0.04097849650070567,0.0017376435818093417,0.04271614008251501
13.16,0.0019888779970642645,5,0.0002811307503789301,True,cbf_obstacle_0,0.04121557346386474,0.0017232039797781627,0.0429387774436429
13.17,0.0021974760020384565,5,0.0002780127540431346,True,cbf_obstacle_0,0.041451986807458124,0.0017090165325026275,0.04316100333996075
13.18,0.002050438000878785,5,0.0002749257021155138,True,cbf_obstacle_0,0.041686708631381596,0.0016950324260135196,0.04338174105739512
13.19,0.0021553070000663865,5,0.00027186723558293713,True,cbf_obstacle_0,0.041920894493149195,0.0016812139930095572,0.04360210848615875
13.200000000000001,0.0018846200000552926,5,0.00026883888134345,True,cbf_obstacle_0,0.042154093450613904,0.0016674974524936617,0.04382159090310757
13.21,0.0018645500022103079,5,0.00026584219325984093,True,cbf_obstacle_0,0.042385822722108606,0.0016538552857697842,0.04403967800787839
13.22,0.0018228799999633338,5,0.0002628768132969389,True,cbf_obstacle_0,0.04261668108329302,0.0016402490550549874,0.04425693013834801
13.23,0.001822459998948034,5,0.0002599412955789637,True,cbf_obstacle_0,0.04284732328287501,0.0016266388978185477,0.044473962180693556
13.24,0.0018213599978480488,5,0.000257039634099121,True,cbf_obstacle_0,0.04307659742000388,0.001612992780802028,0.04468959020080591
13.25,0.001496332999522565,4,0.0002541689407768652,True,cbf_obstacle_0,0.04330589820644783,0.0015992748803169078,0.04490517308676474
13.26,0.001614453001820948,4,0.00025133230803844886,True,cbf_obstacle_0,0.04353423424699825,0.001585445340127415,0.04511967958712567
13.27,0.0016897419991437346,4,0.00024853040395923093,True,cbf_obstacle_0,0.04376146872578621,0.0015714707313232434,0.04533293945710945
13.280000000000001,0.0015485730000364129,4,0.00024575912625580953,True,cbf_obstacle_0,0.04398859602008729,0.0015573319668671021,0.04554592798695439
13.290000000000001,0.0015066939995449502,4,0.0002430219192565211,True,cbf_obstacle_0,0.04421515763246397,0.001543010521985687,0.045758168154449656
13.3,0.0015760230016894639,4,0.00024031986848964404,True,cbf_obstacle_0,0.04444157719247752,0.0015285366075518338,0.045970113800029355
13.31,0.001534913000796223,4,0.0002376512590831284,True,cbf_obstacle_0,0.04466725319760008,0.001513995094431373,0.04618124829203145
13.32,0.0015514529986830894,4,0.00023501604703408258,True,cbf_obstacle_0,0.04489318782480278,0.0014995763313184383,0.04639276415612122
13.33,0.0015237240004353225,4,0.00023241654617510432,True,cbf_obstacle_0,0.04511836459863956,0.001485592154845312,0.046603956753484874
13.34,0.0014848940008960199,4,0.00022985029823683473,True,cbf_obstacle_0,0.045343247907895005,0.0014724219756469042,0.04681566988354191
13.35,0.0014860139999655075,4,0.0002273188423417699,True,cbf_obstacle_0,0.04556740470598964,0.0014603679300156662,0.047027772636005306
13.36,0.00148947399793542,4,0.0002248209835892731,True,cbf_obstacle_0,0.04579203564593158,0.001449533930455736,0.04724156957638732
13.370000000000001,0.0015431030005856883,4,0.00022235885802270733,True,cbf_obstacle_0,0.04601587749574008,0.0014398311098243138,0.04745570860556439
13.38,0.0014820940014033113,4,0.00021993034242170917,True,cbf_obstacle_0,0.04623996323492554,0.0014310759107542322,0.04767103914567977
13.39,0.0015076139970915392,4,0.0002175335230406028,True,cbf_obstacle_0,0.046464278441267916,0.001423073323738339,0.047887351765006254
13.4,0.0015334229974541813,4,0.00021517365270686678,True,cbf_obstacle_0,0.04668741020123557,0.001415652930360834,0.0481030631315964
13.41,0.0012309269986872096,3,0.0002128445492596137,True,cbf_obstacle_0,0.04691114346594235,0.0014086959480808419,0.048319839414023194
13.42,0.001224457002535928,3,0.00021055001145764418,True,cbf_obstacle_0,0.047134145159067865,0.0014021104313734491,0.048536255590441314
13.43,0.0012721070015686564,3,0.0002082879361028911,True,cbf_obstacle_0,0.04735780683120414,0.0013958399938699816,0.048753646825074125
13.44,0.00119273800009978,3,0.00020606004973496017,True,cbf_obstacle_0,0.04758033980538012,0.0013898388191141474,0.04897017862449427
13.450000000000001,0.001207457000418799,3,0.00020386262296694796,True,cbf_obstacle_0,0.04780407171389889,0.0013840835527707445,0.049188155266669635
13.46,0.0011972169995715376,3,0.00020169795498572313,True,cbf_obstacle_0,0.048026722478357,0.0013785499092293727,0.04940527238758637
13.47,0.0009305799976573326,2,0.00019956745342324111,True,cbf_obstacle_0,0.048248852258319964,0.0013732202396418405,0.04962207249796181
13.48,0.0011915069990209304,3,0.00019746614227392212,True,cbf_obstacle_0,0.04847121285543582,0.0013680826984729885,0.049839295553908806
13.49,0.0011738579996745102,3,0.0001953978604476228,True,cbf_obstacle_0,0.04869339167361181,0.001363120107996601,0.05005651178160841
13.5,0.0012009870006295387,3,0.00019335778732403053,True,cbf_obstacle_0,0.04891530963903773,0.0013583222108824265,0.050273631849920154
13.51,0.0011778180014516693,3,0.00019135019291172117,True,cbf_obstacle_0,0.04913740020451614,0.0013536729137270523,0.05049107311824319
13.52,0.0018617700006871019,3,0.00018937233839118328,True,cbf_obstacle_0,0.04935911836966347,0.0013491611551035192,0.05070827952476699
13.530000000000001,0.0021502370000234805,4,0.00018742470454538585,True,cbf_obstacle_0,0.04958128571675411,0.0013447745447981317,0.05092606026155224
13.540000000000001,0.002041387000645045,4,0.00018550709277317945,True,cbf_obstacle_0,0.04980185561756477,0.0013405009537294675,0.051142356571294234
13.55,0.0017197909983224235,4,0.00018361682703020576,True,cbf_obstacle_0,0.05002270735221502,0.0013363330479327544,0.05135904040014778
13.56,0.0015247629999066703,4,0.00018175556750605476,True,cbf_obstacle_0,0.050243820340019604,0.0013322617272713516,0.05157608206729095
13.57,0.0015063440005178563,4,0.00017992328284071463,True,cbf_obstacle_0,0.05046430037853428,0.0013282782584445364,0.051792578636978816
13.58,0.0015081729980011005,4,0.00017811939359548,True,cbf_obstacle_0,0.050684303668370366,0.0013243765149666172,0.052008680183336986
13.59,0.0014761040001758374,4,0.00017634129832037188,True,cbf_obstacle_0,0.050903873415093975,0.001320552646002788,0.052224426061096764
13.6,0.0019815790001302958,4,0.00017459066386073946,True,cbf_obstacle_0,0.05112340620460041,0.00131680144902188,0.05244020765362229
13.61,0.001591842999914661,4,0.0001728650228532344,True,cbf_obstacle_0,0.051342721753574155,0.0013131202149964005,0.05265584196857056
13.620000000000001,0.001512684000772424,4,0.00017116971369061929,True,cbf_obstacle_0,0.051561474240728246,0.0013095036614602172,0.05287097790218846
13.63,0.0014770239977224264,4,0.00016949776954518908,True,cbf_obstacle_0,0.05177992960621216,0.001305952863501137,0.0530858824697133
13.64,0.0017610009999771137,4,0.00016785085452966642,True,cbf_obstacle_0,0.05199752538074443,0.0013024645626361268,0.05329998994338056
13.65,0.0014745039989065845,4,0.00016623075008496968,True,cbf_obstacle_0,0.05221496040144725,0.0012990378900449764,0.053513998291492226
13.66,0.0017705410027701873,4,0.00016463447573630136,True,cbf_obstacle_0,0.05243189607886492,0.0012956732255702446,0.05372756930443517
13.67,0.0037497900011658203,5,0.0001630613027516145,True,cbf_obstacle_0,0.052648291072886086,0.0012923703342798193,0.053940661407165906
13.68,0.0025308830008725636,5,0.00016151405798329327,True,cbf_obstacle_0,0.05286430853634138,0.0012891273300430844,0.054153435866384464
13.69,0.0021118369986652397,5,0.00015998800911608962,True,cbf_obstacle_0,0.05307971819213188,0.0012859460925125814,0.05436566428464446
13.700000000000001,0.0021461260002979543,5,0.0001584878101551987,True,cbf_obstacle_0,0.05329422229159398,0.0012828242648867626,0.05457704655648074
13.71,0.0018024510027316865,5,0.00015700824969334948,True,cbf_obstacle_0,0.053508175398335335,0.0012797647994192874,0.054787940197754625
13.72,0.0017821300025389064,5,0.00015555244224241954,True,cbf_obstacle_0,0.053722266504106116,0.001276766053961146,0.05499903255806726
13.73,0.0018736290003289469,5,0.00015411854324236252,True,cbf_obstacle_0,0.05393478470462355,0.0012738283077342641,0.05520861301235782
13.74,0.0017506009971839376,5,0.0001527059992863372,True,cbf_obstacle_0,0.054147382153385694,0.0012709529019467507,0.055418335055332446
13.75,0.0017523220012662932,5,0.000151315237663225,True,cbf_obstacle_0,0.054358288069335826,0.0012681382945992443,0.05562642636393507
13.76,0.0017033609983627684,5,0.00014994474859142057,True,cbf_obstacle_0,0.05456937336948895,0.0012653867133138952,0.055834760082802845
13.77,0.0019807780008704867,5,0.00014859535052885037,True,cbf_obstacle_0,0.0547797175175729,0.0012626963184694028,0.056042413836042304
13.780000000000001,0.0018005109996011015,5,0.0001472683512662304,True,cbf_obstacle_0,0.05498852999289264,0.0012600654557860444,0.05624859544867868
13.790000000000001,0.0021147869993001223,5,0.000145957455991802,True,cbf_obstacle_0,0.05519690838760704,0.001257499262603125,0.05645440765021016
13.8,0.001807849999750033,5,0.0001446689973330778,True,cbf_obstacle_0,0.05540507902248398,0.0012549923886686833,0.05666007141115267
13.81,0.0017712310000206344,5,0.00014339853249224765,True,cbf_obstacle_0,0.055611870244918,0.0012525470913678088,0.05686441733628581
13.82,0.0017623909989197273,5,0.00014214843984740322,True,cbf_obstacle_0,0.05581750155161789,0.0012501617424087665,0.057067663294026655
13.83,0.0020079380010429304,6,0.000140914968762524,True,cbf_obstacle_0,0.0560224071195145,0.0012478395505566315,0.05727024667007113
13.84,0.001990228000067873,6,0.00013970246837833808,True,cbf_obstacle_0,0.05622687619696959,0.0012455778610045319,0.05747245405797412
13.85,0.0019774290012719575,6,0.00013850640123208233,True,cbf_obstacle_0,0.05642990806086127,0.0012433811880875943,0.057673289248948864
13.86,0.001974778999283444,6,0.00013732922710832027,True,cbf_obstacle_0,0.056631864362290035,0.0012412532145118344,0.05787311757680187
13.870000000000001,0.0019229290010116529,6,0.0001361678279515298,True,cbf_obstacle_0,0.05683334266471576,0.0012392166383124717,0.05807255930302823
13.88,0.0019335590004629921,6,0.00013502602453447157,True,cbf_obstacle_0,0.05703346293964409,0.0012372788824306998,0.05827074182207479
13.89,0.0019619490012701135,6,0.00013390166701280834,True,cbf_obstacle_0,0.05723248365743161,0.0012353918146850679,0.058467875472116675
13.9,0.0019275289996585343,6,0.0001327906949139604,True,cbf_obstacle_0,0.057430690179456276,0.0012335565309307876,0.058664246710387065
13.91,0.001947329001268372,6,0.00013169775372610243,True,cbf_obstacle_0,0.05762872955746262,0.0012317682386303829,0.058860497796093
13.92,0.00204914699861547,6,0.00013062147334932245,True,cbf_obstacle_0,0.05782452323838368,0.0012300255945862277,0.05905454883296991
13.93,0.0019984489990747534,6,0.00012956054764250505,True,cbf_obstacle_0,0.058019040278443436,0.001228327678549586,0.05924736795699302
13.94,0.0019838079970213585,6,0.00012851516208970543,True,cbf_obstacle_0,0.05821364957125326,0.0012266743807275416,0.0594403239519808
13.950000000000001,0.0019950780006183777,6,0.00012748540792610966,True,cbf_obstacle_0,0.05840626744754396,0.0012250622712689228,0.05963132971881288
13.96,0.0020363469993753824,6,0.000126470708667073,True,cbf_obstacle_0,0.058598143046492954,0.001223491369057199,0.059821634415550155
13.97,0.0020787169996765442,6,0.00012547010262097327,True,cbf_obstacle_0,0.0587880070632352,0.0012219604615530365,0.06000996752478824
13.98,0.0024312940004165284,6,0.00012448433413052643,True,cbf_obstacle_0,0.058976926231809064,0.0012204678217351504,0.06019739405354421
13.99,0.00231059499856201,7,0.00012351285787350758,True,cbf_obstacle_0,0.05916554963294094,0.0012190126820894322,0.06038456231503037
14.0,0.0023023050016490743,7,0.00012255644421387338,True,cbf_obstacle_0,0.05935254090072085,0.0012175925277249481,0.0605701334284458
14.01,0.0023905739981273655,7,0.00012161284232111574,True,cbf_obstacle_0,0.059537446709838945,0.0012162076505544406,0.060753654360393386
14.02,0.0022370260012394283,7,0.00012068428785844826,True,cbf_obstacle_0,0.05972253143388454,0.0012148558931712537,0.060937387327055795
14.030000000000001,0.0025852319995465223,7,0.0001197674562213348,True,cbf_obstacle_0,0.05990590923403861,0.001213537926954318,0.06111944716099293
14.040000000000001,0.0025781720032682642,7,0.00011886437924407689,True,cbf_obstacle_0,0.060087780549553736,0.001212251012247618,0.06130003156180135
14.05,0.0023210850013128947,7,0.00011797380338326308,True,cbf_obstacle_0,0.06026837647993739,0.001210994978719485,0.061479371458656874
14.06,0.002335154000320472,7,0.00011709706550581608,True,cbf_obstacle_0,0.06044941548431253,0.001209768371174925,0.06165918385548745
14.07,0.002318225000635721,7,0.00011623274366607053,True,cbf_obstacle_0,0.060626143658617,0.0012085695033989866,0.06183471316201599
14.08,0.002945146999991266,7,0.00011538055067547917,True,cbf_obstacle_0,0.06080344557010802,0.001207399331743201,0.06201084490185122
14.09,0.0024484839996148366,7,0.00011453982975756505,True,cbf_obstacle_0,0.06097909998654964,0.0012062571840002615,0.062185357170549904
14.1,0.0028148300007160287,8,0.00011371330913661354,True,cbf_obstacle_0,0.06115315057068288,0.0012051389875307762,0.06235828955821365
14.11,0.0026416109976707958,8,0.00011289670653074138,True,cbf_obstacle_0,0.06132580583210516,0.001204047863891438,0.0625298536959966
14.120000000000001,0.0026759709980979096,8,0.00011209307335569713,True,cbf_obstacle_0,0.06149648736058388,0.0012029802936684949,0.06269946765425237
14.13,0.0026780709995364305,8,0.00011129825011419944,True,cbf_obstacle_0,0.061667805507661946,0.0012019135286717348,0.06286971903633368
14.14,0.0025003129994729534,8,0.00011051629721292588,True,cbf_obstacle_0,0.0618353145754847,0.0012007910733427309,0.06303610564882743
14.15,0.0028227690017956775,8,0.00010974512822210444,True,cbf_obstacle_0,0.06200373318854792,0.00119966362027423,0.06320339680882214
14.16,0.002488693000486819,8,0.00010898541488936833,True,cbf_obstacle_0,0.06216912392615353,0.0011985418527818102,0.06336766577893534
14.17,0.0025161320008919574,8,0.00010823722035147726,True,cbf_obstacle_0,0.06233227863970148,0.0011974303463815623,0.06352970898608304
14.18,0.0028009300003759563,9,0.00010749840765622229,True,cbf_obstacle_0,0.06249760111827354,0.0011963350316424588,0.06369393614991599
14.19,0.0027255799977865536,9,0.00010676897111500452,True,cbf_obstacle_0,0.06265853972903788,0.0011952544899602418,0.06385379421899813
14.200000000000001,0.0027131899987580255,9,0.00010605199654879077,True,cbf_obstacle_0,0.06281913986077989,0.0011941880563229126,0.0640133279171028
14.21,0.002690590998099651,9,0.00010534283327064131,True,cbf_obstacle_0,0.06297796512207021,0.0011931387610398237,0.06417110388311004
14.22,0.00295288800043636,10,0.00010464373470746649,True,cbf_obstacle_0,0.06313622383944084,0.0011921061929760144,0.06432833003241685
14.23,0.002738220002356684,9,0.0001039578673583813,True,cbf_obstacle_0,0.06329024726984624,0.001191084861799562,0.0644813321316458
14.24,0.0020538779972412158,6,0.00010327755410160025,True,cbf_obstacle_0,0.06344710723652355,0.0011900847701914322,0.06463719200671499
14.25,0.0029495979979401454,10,0.00010260853041852216,True,cbf_obstacle_0,0.06359936582669418,0.0011890985129090661,0.06478846433960324
14.26,0.001998047999222763,6,0.00010194758669404558,True,cbf_obstacle_0,0.06375125997225616,0.0011881292161613085,0.06493938918841746
14.27,0.0019540689972927794,6,0.00010129459086112569,True,cbf_obstacle_0,0.06390186899210704,0.0011871755904056347,0.06508904458251268
14.280000000000001,0.002428974003123585,6,0.00010065321253054788,True,cbf_obstacle_0,0.06405142299942564,0.0011862341924413582,0.065237657191867
14.290000000000001,0.0022806060005677864,6,0.00010002028992444137,True,cbf_obstacle_0,0.06419799809022647,0.0011853074715232233,0.06538330556174969
14.3,0.0022550649991899263,6,9.939429802562072e-05,True,cbf_obstacle_0,0.064344166248746,0.0011843980134508716,0.06552856426219687
14.31,0.0022727449977537617,6,9.877888293742879e-05,True,cbf_obstacle_0,0.06448993916454182,0.0011835011306520397,0.06567344029519386
14.32,0.0022475149999081623,6,9.817260592417942e-05,True,cbf_obstacle_0,0.06463279801947988,0.0011826170821162597,0.06581541510159614
14.33,0.0022365959994203877,6,9.757192780355042e-05,True,cbf_obstacle_0,0.064774033017561,0.0011817499666621995,0.06595578298422321
14.34,0.0020690580022346694,5,9.698179400172147e-05,True,cbf_obstacle_0,0.06491405469623583,0.0011808946504599028,0.06609494934669573
14.35,0.0020457979990169406,5,9.639870410161483e-05,True,cbf_obstacle_0,0.06505347272826581,0.0011800544140200934,0.0662335271422859
14.36,0.002031867999903625,5,9.582440526627149e-05,True,cbf_obstacle_0,0.0651915488796939,0.0011792263210845028,0.0663707752007784
14.370000000000001,0.0019820890011033043,5,9.52571620324149e-05,True,cbf_obstacle_0,0.0653267889001267,0.001178412355096678,0.06650520125522338
14.38,0.0020090179968974553,5,9.469623488598915e-05,True,cbf_obstacle_0,0.06546083086712524,0.0011776131026713316,0.06663844396979658
14.39,0.0020185079993098043,5,9.414296825469015e-05,True,cbf_obstacle_0,0.06559454036290926,0.001176826980626699,0.06677136734353596
14.4,0.0020006080012535676,5,9.359925080264925e-05,True,cbf_obstacle_0,0.06572680812909143,0.0011760520713782084,0.06690286020046964
14.41,0.001968028998817317,5,9.306089556746465e-05,True,cbf_obstacle_0,0.06585710250151161,0.0011752904462758345,0.06703239294778744
14.42,0.0020019589974253904,5,9.253015014086194e-05,True,cbf_obstacle_0,0.06598602357622196,0.0011745418609853862,0.06716056543720735
14.43,0.002054176999081392,5,9.200802263444226e-05,True,cbf_obstacle_0,0.06611280595326378,0.0011738041398776844,0.06728661009314146
14.44,0.002028888000495499,5,9.14929134043091e-05,True,cbf_obstacle_0,0.0662387857041219,0.0011730784791495305,0.06741186418327143
14.450000000000001,0.0020488080008362886,5,9.098382229299692e-05,True,cbf_obstacle_0,0.0663642961411314,0.001172366363970577,0.06753666250510199
14.46,0.0020140779997745994,5,9.048048099399852e-05,True,cbf_obstacle_0,0.06648675258670174,0.001171666948750095,0.06765841953545183
14.47,0.0020119879991398193,5,8.998567802811532e-05,True,cbf_obstacle_0,0.06660940312804446,0.001170977603011812,0.06778038073105627
14.48,0.0020184579989290796,5,8.949793347371414e-05,True,cbf_obstacle_0,0.06672963640756513,0.0011702995569448512,0.06789993596450998
14.49,0.0020393169979797676,5,8.901575308701767e-05,True,cbf_obstacle_0,0.06684910442607529,0.0011696338147552678,0.06801873824083056
14.5,0.0020147980030742474,5,8.854071461716732e-05,True,cbf_obstacle_0,0.06696641112286976,0.0011689790178626247,0.06813539014073239
14.51,0.0020430869990377687,5,8.806791309503952e-05,True,cbf_obstacle_0,0.06708270507992259,0.0011683396522573436,0.06825104473217994
14.52,0.0017939599965757225,4,8.760546522340942e-05,True,cbf_obstacle_0,0.06719929765960106,0.0011677081538129619,0.06836700581341403
14.530000000000001,0.0017499810019216966,4,8.714737451348716e-05,True,cbf_obstacle_0,0.0673124600990351,0.0011670889935137035,0.0684795490925488
14.540000000000001,0.0023334549987339415,7,0.028291809894051223,True,cbf_obstacle_0,4.957019845380049e-07,0.0006597640116932481,0.0006602597136777861
14.55,0.0009049010004673619,1,0.02818577931894018,True,cbf_obstacle_0,5.04489334759403e-07,0.0006592109361432257,0.000659715425477985
14.56,0.0009497190003457945,1,0.028077012032781963,True,cbf_obstacle_0,5.133630888587536e-07,0.0006586777214765976,0.0006591910845654564
14.57,0.0007727509982942138,1,0.02796918215953465,True,cbf_obstacle_0,5.222505960982677e-07,0.00065815156562427,0.0006586738162203682
14.58,0.0009152900020126253,1,0.027863764549087067,True,cbf_obstacle_0,5.310665329108699e-07,0.0006576278774106061,0.000658158943943517
14.59,0.0007887719984864816,1,0.027756230711629935,True,cbf_obstacle_0,5.399768258250706e-07,0.0006571224768479038,0.000657662453673729
14.6,0.0008948010035965126,1,0.02765054209649878,True,cbf_obstacle_0,5.48833202252448e-07,0.0006566212909678008,0.0006571701241700533
14.61,0.0008036319995881058,1,0.027546101083907606,True,cbf_obstacle_0,5.576872323867039e-07,0.0006561265515117159,0.0006566842387441025
14.620000000000001,0.0008122110011754557,1,0.027441730557769113,True,cbf_obstacle_0,5.665607567666123e-07,0.000655642009011094,0.0006562085697678605
14.63,0.0008529609985998832,1,0.0273400639198726,True,cbf_obstacle_0,5.753120113082959e-07,0.0006551581230928214,0.0006557334351041297
14.64,0.0007642819982720539,1,0.02723889780244296,True,cbf_obstacle_0,5.840980470256971e-07,0.0006546833294822135,0.0006552674275292392
14.65,0.0008766800019657239,1,0.02713760401474058,True,cbf_obstacle_0,5.928679845750872e-07,0.0006542197037228367,0.0006548125717074117
14.66,0.0007519620012317318,1,0.027039259182925005,True,cbf_obstacle_0,6.01547031411947e-07,0.000653755649824473,0.0006543571968558849
14.67,0.0008797109985607676,1,0.026943167030910792,True,cbf_obstacle_0,6.101513339549288e-07,0.0006532936296569153,0.0006539037809908702
14.68,0.0007767620008962695,1,0.026847051795773395,True,cbf_obstacle_0,6.187700019430846e-07,0.0006528419051031181,0.0006534606751050612
14.69,0.000881029998708982,1,0.026753126522002187,True,cbf_obstacle_0,6.27267730035937e-07,0.0006523921392591198,0.0006530194069891557
14.700000000000001,0.000790280999353854,1,0.026661071885440313,True,cbf_obstacle_0,6.357271479182952e-07,0.0006519454386763816,0.0006525811658242999
14.71,0.000817350999568589,1,0.026571204154646113,True,cbf_obstacle_0,6.440799124654317e-07,0.0006515001901004374,0.0006521442700129029
14.72,0.0008231610008806456,1,0.026482715505449027,True,cbf_obstacle_0,6.523652015779278e-07,0.000651059829167182,0.00065171219436876
14.73,0.0007530010007030796,1,0.02639618430442594,True,cbf_obstacle_0,6.605223711030689e-07,0.0006506216620920334,0.0006512821844631365
14.74,0.0008499709983880166,1,0.02631110670660137,True,cbf_obstacle_0,6.686780315930675e-07,0.0006501876651796831,0.0006508563432112762
14.75,0.0007527009984187316,1,0.026228244137073378,True,cbf_obstacle_0,6.766654596674403e-07,0.000649754378743715,0.0006504310442033824
14.76,0.0008496709997416474,1,0.02614775640096595,True,cbf_obstacle_0,6.8454290652489e-07,0.0006493217311756634,0.0006500062740821883
14.77,0.0007549019974248949,1,0.026069025315553895,True,cbf_obstacle_0,6.923314208839367e-07,0.0006488911878262212,0.0006495835192471052
14.780000000000001,0.0008567109980504028,1,0.02599173210817872,True,cbf_obstacle_0,6.999971291684464e-07,0.0006484642247565127,0.0006491642218856812
14.790000000000001,0.0007436419982695952,1,0.025917227724497637,True,cbf_obstacle_0,7.075388682213291e-07,0.0006480348511169237,0.000648742389985145
14.8,0.0008232209984271321,1,0.025844150784130892,True,cbf_obstacle_0,7.149981530303095e-07,0.0006476094408646374,0.0006483244390176677
14.81,0.000764502001402434,1,0.02577354711917101,True,cbf_obstacle_0,7.222963054489467e-07,0.0006471829064956967,0.0006479052028011456
14.82,0.0007724210008746013,1,0.025704400506982892,True,cbf_obstacle_0,7.294827061071163e-07,0.0006467589982948362,0.0006474884810009434
14.83,0.0008241810028266627,1,0.02563737543408236,True,cbf_obstacle_0,7.365853606523124e-07,0.0006463353520794366,0.0006470719374400889
14.84,0.0007507219997933134,1,0.025573083592645533,True,cbf_obstacle_0,7.434750096887818e-07,0.0006459093838909507,0.0006466528589006395
14.85,0.0008234419983637054,1,0.025509435037701776,True,cbf_obstacle_0,7.503098120154097e-07,0.0006454890451309136,0.0006462393549429291
14.86,0.0007491020005545579,1,0.025448277672906503,True,cbf_obstacle_0,7.569449911001867e-07,0.0006450664967316607,0.0006458234417227609
14.870000000000001,0.0007337819988606498,1,0.025389365664813496,True,cbf_obstacle_0,7.634786041212557e-07,0.0006446433963819313,0.0006454068749860525
14.88,0.0007036220013105776,1,0.025331711097733793,True,cbf_obstacle_0,7.698618910495219e-07,0.0006442223812525212,0.0006449922431435706
14.89,0.0006901829983689822,1,0.02527773606244056,True,cbf_obstacle_0,7.760322517330455e-07,0.0006437950840934838,0.0006445711163452168
14.9,0.0006824930023867637,1,0.025223838960897048,True,cbf_obstacle_0,7.821469643283325e-07,0.0006433751084865731,0.0006441572554509014
14.91,0.0007054420020722318,1,0.025172328954016873,True,cbf_obstacle_0,7.881497351736987e-07,0.0006429527593991894,0.0006437409091343631
14.92,0.0006757629998901393,1,0.025122952923818546,True,cbf_obstacle_0,7.938830248238913e-07,0.0006425293974955167,0.0006433232805203406
14.93,0.0006818220026616473,1,0.025074959630020672,True,cbf_obstacle_0,7.996107040374438e-07,0.000642107832387234,0.0006429074430912714
14.94,0.0006740530006936751,1,0.025027945476387932,True,cbf_obstacle_0,8.051431757814705e-07,0.000641689418154828,0.0006424945613306095
14.950000000000001,0.0006733029986207839,1,0.02498462361396434,True,cbf_obstacle_0,8.104982622267202e-07,0.0006412628298843842,0.0006420733281466109
14.96,0.0006905230002303142,1,0.0249417558072117,True,cbf_obstacle_0,8.157366191959416e-07,0.000640841782037357,0.0006416575186565529
14.97,0.0006613429977733176,1,0.024901204278003297,True,cbf_obstacle_0,8.207795508547327e-07,0.0006404177504564477,0.0006412385300073025
14.98,0.0006854919993202202,1,0.024862294982871236,True,cbf_obstacle_0,8.25714663447463e-07,0.0006399940721751298,0.0006408197868385772
14.99,0.0006603329966310412,1,0.024825178129998,True,cbf_obstacle_0,8.304736170696093e-07,0.000639569488129661,0.0006403999617467306
15.0,0.0009857500008365605,1,0.024789512178383644,True,cbf_obstacle_0,8.350976591834307e-07,0.0006391457303328768,0.0006399808279920602
15.01,0.0009901789999275934,1,0.024755293978378088,True,cbf_obstacle_0,8.396100032630413e-07,0.0006387226873780863,0.0006395622973813493
15.02,0.0009300290003011469,1,0.02472270057944335,True,cbf_obstacle_0,8.439321968456226e-07,0.0006382991838851017,0.0006391431160819473
15.030000000000001,0.0008013109982130118,1,0.02469179719850285,True,cbf_obstacle_0,8.481390027441232e-07,0.0006378751884682959,0.00063872332747104
15.040000000000001,0.0009036200026457664,1,0.024662063600296647,True,cbf_obstacle_0,8.522477208094764e-07,0.0006374525869121186,0.000638304834632928
15.05,0.000809880999440793,1,0.024633936021844837,True,cbf_obstacle_0,8.56177265467478e-07,0.0006370292833030004,0.000637885460568468
15.06,0.0009904789985739626,1,0.024608388665280853,True,cbf_obstacle_0,8.598993830151514e-07,0.0006366011564443411,0.0006374610558273563
15.07,0.000831610999739496,1,0.024582867029038377,True,cbf_obstacle_0,8.635897958652723e-07,0.0006361793759412299,0.0006370429657370952
15.08,0.0008301710004161578,1,0.024559073157734482,True,cbf_obstacle_0,8.670763426124824e-07,0.0006357563185404239,0.0006366233948830363
15.09,0.0009775589969649445,1,0.024536708505673487,True,cbf_obstacle_0,8.704973300050948e-07,0.0006353328486086843,0.0006362033459386894
15.1,0.000813540998933604,1,0.024516381553629295,True,cbf_obstacle_0,8.7372105044674e-07,0.0006349071075146782,0.000635780828565125
15.11,0.0009610899978724774,1,0.024496689700187948,True,cbf_obstacle_0,8.768197339947131e-07,0.0006344841423675064,0.0006353609621015011
15.120000000000001,0.0007775609992677346,1,0.02447810974888353,True,cbf_obstacle_0,8.798095192384282e-07,0.0006340620384031637,0.0006349418479224021
15.13,0.0009686600023997016,1,0.024460836462300524,True,cbf_obstacle_0,8.827455100796956e-07,0.000633640057053565,0.0006345228025636447
15.14,0.0007673219988646451,1,0.024444525083078913,True,cbf_obstacle_0,8.854924787466894e-07,0.0006332197426569599,0.0006341052351357065
15.15,0.0010069000018120278,1,0.02443005893934088,True,cbf_obstacle_0,8.880888513020478e-07,0.0006327966046348394,0.0006336846934861415
15.16,0.0010114489996340126,1,0.02441623438528916,True,cbf_obstacle_0,8.90653542538965e-07,0.0006323764177149084,0.0006332670712574474
15.17,0.00093578000087291,1,0.024404690311439898,True,cbf_obstacle_0,8.929921886137641e-07,0.0006319519670650982,0.000632844959253712
15.18,0.000987678999081254,1,0.024393281502358425,True,cbf_obstacle_0,8.952874846759856e-07,0.0006315322792849807,0.0006324275667696568
15.19,0.0008142309998220298,1,0.024383630870952452,True,cbf_obstacle_0,8.97377332508219e-07,0.000631110032657671,0.0006320074099901793
15.200000000000001,0.0009427290024177637,1,0.024374705245355583,True,cbf_obstacle_0,8.994347512266641e-07,0.0006306902235648059,0.0006315896583160325
15.21,0.0007974120017024688,1,0.024366573498852424,True,cbf_obstacle_0,9.013543829894079e-07,0.0006302715601128121,0.0006311729144958015
15.22,0.0009470190016145352,1,0.0243603159308596,True,cbf_obstacle_0,9.031396314162236e-07,0.0006298503934992111,0.0006307535331306274
15.23,0.0008291109988931566,1,0.024354300875045504,True,cbf_obstacle_0,9.049009283124315e-07,0.0006294329474704001,0.0006303378483987125
15.24,0.0009080589989025611,1,0.024349250319313624,True,cbf_obstacle_0,9.065350863578811e-07,0.0006290162429430357,0.0006299227780293936
15.25,0.0008488210005452856,1,0.024345550190507624,True,cbf_obstacle_0,9.080504071610529e-07,0.0006285985499697003,0.0006295066003768613
15.26,0.0008061709995672572,1,0.02434322618177075,True,cbf_obstacle_0,9.093930470369535e-07,0.0006281796398574389,0.0006290890329044759
15.27,0.0009112899970205035,1,0.024340897587329543,True,cbf_obstacle_0,9.107366730792522e-07,0.0006277654537576554,0.0006286761904307347
15.280000000000001,0.0007600919998367317,1,0.02433976697024098,True,cbf_obstacle_0,9.119757105742359e-07,0.0006273509410562868,0.000628262916766861
15.290000000000001,0.0009869700006674975,1,0.02433977835840028,True,cbf_obstacle_0,9.131131771315325e-07,0.0006269362388879646,0.0006278493520650961
15.3,0.0007662919997528661,1,0.02434010204159594,True,cbf_obstacle_0,9.1415676945726e-07,0.000626524232420943,0.0006274383891904003
15.31,0.0009759099993971176,1,0.024341827173919292,True,cbf_obstacle_0,9.151255593242121e-07,0.0006261110685810777,0.0006270261941404019
15.32,0.000796840999100823,1,0.024344161761625467,True,cbf_obstacle_0,9.159750876944124e-07,0.000625699707195837,0.0006266156822835314
15.33,0.0008297510030388366,1,0.024347252350495136,True,cbf_obstacle_0,9.167568705065158e-07,0.0006252893518576053,0.0006262061087281118
15.34,0.0008669909984746482,1,0.024350938446982308,True,cbf_obstacle_0,9.175241120527865e-07,0.0006248810076176665,0.0006257985317297193
15.35,0.0007729919998382684,1,0.024355967176734036,True,cbf_obstacle_0,9.181229298613275e-07,0.000624470610865798,0.0006253887337956593
15.36,0.000986918999842601,1,0.024361143942360622,True,cbf_obstacle_0,9.186793025238542e-07,0.0006240644245945148,0.0006249831038970387
15.370000000000001,0.0007860610021452885,1,0.024367565658513085,True,cbf_obstacle_0,9.191244928694472e-07,0.0006236568992291036,0.000624576023721973
15.38,0.0009230199975718278,1,0.024374316617563254,True,cbf_obstacle_0,9.195772334099509e-07,0.000623251887989039,0.000624171465222449
15.39,0.0007915010028227698,1,0.02438180167956862,True,cbf_obstacle_0,9.198873805646674e-07,0.0006228481773323738,0.0006237680647129385
15.4,0.0009706490018288605,1,0.024389759677529415,True,cbf_obstacle_0,9.201548590600113e-07,0.0006224461104109158,0.0006233662652699758
15.41,0.0007896110000729095,1,0.024399669296726056,True,cbf_obstacle_0,9.203060996655436e-07,0.000622040179157699,0.0006229604852573645
15.42,0.0008955399971455336,1,0.024408929726136248,True,cbf_obstacle_0,9.204193844621174e-07,0.0006216402387303062,0.0006225606581147683
15.43,0.0008395109980483539,1,0.024418663278356765,True,cbf_obstacle_0,9.205691515894673e-07,0.0006212427083718344,0.0006221632775234239
15.44,0.00081632100045681,1,0.024429709679824205,True,cbf_obstacle_0,9.205378228546342e-07,0.0006208429561373059,0.0006217634939601605
15.450000000000001,0.0009483799985900987,1,0.02444087316778058,True,cbf_obstacle_0,9.205212837874587e-07,0.0006204467634523611,0.0006213672847361486
15.46,0.0007926310026959982,1,0.024452574647406997,True,cbf_obstacle_0,9.20436573822983e-07,0.000620051839377529,0.000620972275951352
15.47,0.0009164700022665784,1,0.024465002460741507,True,cbf_obstacle_0,9.20261119189335e-07,0.0006196574372480808,0.0006205776983672701
15.48,0.0007702120019530412,1,0.024478017515311007,True,cbf_obstacle_0,9.200722336860637e-07,0.000619264623232475,0.0006201846954661611
15.49,0.0009050009975908324,1,0.024492039899568302,True,cbf_obstacle_0,9.197667571097339e-07,0.0006188711706978767,0.0006197909374549865
15.5,0.0007721419970039278,1,0.024506151473022614,True,cbf_obstacle_0,9.194211522975696e-07,0.0006184802913324278,0.0006193997124847254
15.51,0.000954999999521533,1,0.024520748668918273,True,cbf_obstacle_0,9.190734470352657e-07,0.0006180913979938654,0.0006190104714409007
15.52,0.0008169510001607705,1,0.02453613365671971,True,cbf_obstacle_0,9.186258689737257e-07,0.0006177024953147014,0.0006186211211836752
15.530000000000001,0.0008332200013683178,1,0.024551973862546875,True,cbf_obstacle_0,9.181602555636648e-07,0.0006173151983827648,0.0006182333586383284
15.540000000000001,0.00078197199763963,1,0.024567870235604413,True,cbf_obstacle_0,9.176735965658854e-07,0.0006169307963088191,0.0006178484699053851
15.55,0.0007476220016542356,1,0.024584675216350865,True,cbf_obstacle_0,9.170770194500602e-07,0.0006165464977818304,0.0006174635748012805
15.56,0.0007952119995024987,1,0.02460187805561862,True,cbf_obstacle_0,9.164636901790628e-07,0.0006161629016299516,0.0006170793653201307
15.57,0.0007349920015258249,1,0.02461945904705409,True,cbf_obstacle_0,9.158482182551222e-07,0.0006157816129991668,0.0006166974612174219
15.58,0.0007497520018659998,1,0.02463754043183142,True,cbf_obstacle_0,9.151595139552512e-07,0.0006154016462619921,0.0006163168057759473
15.59,0.0007015320006757975,1,0.02465571509965386,True,cbf_obstacle_0,9.14476902696117e-07,0.0006150242038553176,0.0006159386807580138
15.6,0.0007438610009558033,1,0.02467409917834114,True,cbf_obstacle_0,9.137585330706415e-07,0.0006146493214014807,0.0006155630799345513
15.610000000000001,0.0006951420000405051,1,0.02469452297488447,True,cbf_obstacle_0,9.128737496786372e-07,0.0006142690478812649,0.0006151819216309436
15.620000000000001,0.0007507219997933134,1,0.024713712602364525,True,cbf_obstacle_0,9.120803569967898e-07,0.0006138967932761193,0.0006148088736331162
15.63,0.0007264819978445303,1,0.024733581048111127,True,cbf_obstacle_0,9.112814209775562e-07,0.000613524946752014,0.0006144362281729916
15.64,0.0008409809997829143,1,0.024754026506124703,True,cbf_obstacle_0,9.103609580055065e-07,0.000613153615226307,0.0006140639761843125
15.65,0.0007559619989478961,1,0.024774806360664765,True,cbf_obstacle_0,9.094330784133135e-07,0.0006127837867364247,0.000613693219814838
15.66,0.0007678510010009632,1,0.02479598901135789,True,cbf_obstacle_0,9.08525881080191e-07,0.0006124153741390784,0.0006133239000201586
15.67,0.0009549790011078585,1,0.024817632805137314,True,cbf_obstacle_0,9.075134069500906e-07,0.0006120478357413199,0.00061295534914827
15.68,0.0008255909997387789,1,0.024839167818154123,True,cbf_obstacle_0,9.06564251277848e-07,0.0006116838874319854,0.0006125904516832633
15.69,0.000764842003263766,1,0.02486122809285503,True,cbf_obstacle_0,9.055127843825991e-07,0.0006113205868879346,0.0006122260996723172
15.700000000000001,0.0007237620011437684,1,0.02488397566901933,True,cbf_obstacle_0,9.044506078197467e-07,0.0006109577234190927,0.0006118621740269125
15.71,0.0007201119988167193,1,0.02490669774356314,True,cbf_obstacle_0,9.033959311957725e-07,0.0006105971391440265,0.0006115005350752223
15.72,0.0007198320017778315,1,0.02493019372283347,True,cbf_obstacle_0,9.022685060523424e-07,0.0006102364635561436,0.0006111387320621959
15.73,0.0007033719994069543,1,0.024953582992434067,True,cbf_obstacle_0,9.011490591036741e-07,0.0006098789225411719,0.0006107800716002756
15.74,0.0006927520007593557,1,0.024977557920729643,True,cbf_obstacle_0,9.000000968900456e-07,0.0006095217394750133,0.0006104217395719033
15.75,0.0007233620017359499,1,0.025000896836114776,True,cbf_obstacle_0,8.988787809759773e-07,0.0006091695136721674,0.0006100683924531434
15.76,0.0007058829978632275,1,0.025025476620168477,True,cbf_obstacle_0,8.97696795919438e-07,0.0006088153607052349,0.0006097130575011542
15.77,0.0007129619989427738,1,0.02505007044104807,True,cbf_obstacle_0,8.964941552477326e-07,0.0006084638771613451,0.0006093603713165929
15.780000000000001,0.0007032729990896769,1,0.025075043994534214,True,cbf_obstacle_0,8.952725746302799e-07,0.0006081133040738905,0.0006090085766485208
15.790000000000001,0.0007156720021157525,1,0.02509988671563311,True,cbf_obstacle_0,8.94078284740587e-07,0.0006077659418969616,0.0006086600201817021
15.8,0.0006748520027031191,1,0.025125489512734876,True,cbf_obstacle_0,8.927930992201108e-07,0.00060741807749462,0.0006083108705938401
15.81,0.0006909029980306514,1,0.025151155800894654,True,cbf_obstacle_0,8.915030051947761e-07,0.0006070722682382642,0.000607963771243459
15.82,0.0006723029982822482,1,0.025176966983192498,True,cbf_obstacle_0,8.902625613008631e-07,0.0006067287646126778,0.0006076190271739787
15.83,0.0006918319995747879,1,0.025203186525534847,True,cbf_obstacle_0,8.889558497993605e-07,0.000606385620690097,0.0006072745765398963
15.84,0.0007007620006334037,1,0.02522964969316518,True,cbf_obstacle_0,8.876382424178595e-07,0.0006060447198293911,0.000606932358071809
15.85,0.0007057419970806222,1,0.025256113854171085,True,cbf_obstacle_0,8.863370592615075e-07,0.0006057057052312675,0.000606592042290529
15.860000000000001,0.0006792220010538585,1,0.025283000818114004,True,cbf_obstacle_0,8.849746337484879e-07,0.0006053677039653654,0.0006062526785991139
15.870000000000001,0.000680732999171596,1,0.02530994032426579,True,cbf_obstacle_0,8.836578353153608e-07,0.0006050318951128081,0.0006059155529481234
15.88,0.0006898319988977164,1,0.025337102816498147,True,cbf_obstacle_0,8.822892105334263e-07,0.0006046978421810316,0.000605580131391565
15.89,0.0006917729988344945,1,0.02536450142403443,True,cbf_obstacle_0,8.809610881827412e-07,0.0006043648891002563,0.0006052458501884391
15.9,0.0006844029994681478,1,0.02539224885652696,True,cbf_obstacle_0,8.795573931352172e-07,0.0006040332457811022,0.0006049128031742374
15.91,0.0006748429987055715,1,0.025420142929703286,True,cbf_obstacle_0,8.781627353626728e-07,0.0006037030226201315,0.0006045811853554942
15.92,0.0006961520011827815,1,0.025447966050334184,True,cbf_obstacle_0,8.767891098130929e-07,0.0006033759606782088,0.0006042527497880219
15.93,0.0006621120010095183,1,0.025476315788233374,True,cbf_obstacle_0,8.753721601024917e-07,0.0006030488153974067,0.0006039241875575092
15.94,0.0006619730011152569,1,0.025504624610383227,True,cbf_obstacle_0,8.740161671201875e-07,0.0006027242202499937,0.0006035982364171139
15.950000000000001,0.0006637930018769111,1,0.025533283581057407,True,cbf_obstacle_0,8.725585514044846e-07,0.0006024003655426666,0.0006032729240940711
15.96,0.000688742999045644,1,0.025562172313036147,True,cbf_obstacle_0,8.711373574209114e-07,0.0006020783611329947,0.0006029494984904157
15.97,0.0006830620004620869,1,0.02559105147994035,True,cbf_obstacle_0,8.697225866498921e-07,0.0006017586657660622,0.0006026283883527121
15.98,0.0006631430005654693,1,0.0256200561860069,True,cbf_obstacle_0,8.683064303950682e-07,0.0006014406425096195,0.0006023089489400145
15.99,0.0006754420028300956,1,0.02564937753330821,True,cbf_obstacle_0,8.66881707980068e-07,0.0006011238588424687,0.0006019907405504487
16.0,0.0007943809978314675,1,0.02567899758574347,True,cbf_obstacle_0,8.654248091894683e-07,0.0006008079395547162,0.0006016733643639057
16.01,0.000720002000889508,1,0.02570848080782822,True,cbf_obstacle_0,8.639639249878544e-07,0.0006004952573861578,0.0006013592213111456
16.02,0.0007399520000035409,1,0.02573784271924784,True,cbf_obstacle_0,8.625657095298094e-07,0.0006001853767773393,0.0006010479424868691
16.03,0.0008158710006682668,1,0.025767817610748422,True,cbf_obstacle_0,8.611206960997368e-07,0.0005998752233246164,0.0006007363440207161
16.04,0.0006896430022607092,1,0.02579830846803187,True,cbf_obstacle_0,8.596329193702137e-07,0.0005995653696052202,0.0006004250025245904
16.05,0.0006841829999757465,1,0.025827980741210788,True,cbf_obstacle_0,8.581984891414831e-07,0.0005992613357233255,0.000600119534212467
16.06,0.0007181820001278538,1,0.025858455399453098,True,cbf_obstacle_0,8.567346504027604e-07,0.0005989561233019783,0.000599812857952381
16.07,0.0006924020017322619,1,0.025889121904041044,True,cbf_obstacle_0,8.55265899628138e-07,0.0005986531318665113,0.0005995083977661395
16.080000000000002,0.0006780319999961648,1,0.025919439188104496,True,cbf_obstacle_0,8.53841242927898e-07,0.0005983535197908974,0.0005992073610338253
16.09,0.0006770420004613698,1,0.025949993855644227,True,cbf_obstacle_0,8.523634133606505e-07,0.0005980553359859521,0.0005989076993993127
16.1,0.0006636830003117211,1,0.0259804708302461,True,cbf_obstacle_0,8.509444002754446e-07,0.0005977603126252014,0.0005986112570254768
16.11,0.0007279620003828313,1,0.026011586488785453,True,cbf_obstacle_0,8.494722746492739e-07,0.000597464949001474,0.0005983144212761233
16.12,0.0007265419990289956,1,0.02604274900426062,True,cbf_obstacle_0,8.480172737231888e-07,0.0005971718174256561,0.0005980198346993793
16.13,0.0006875319995742757,1,0.026073908001269124,True,cbf_obstacle_0,8.465699477124302e-07,0.0005968818068906704,0.0005977283768383828
16.14,0.0007562419996247627,1,0.026105139689617265,True,cbf_obstacle_0,8.450858040812067e-07,0.0005965938991086367,0.000597438984912718
16.15,0.0007393630003207363,1,0.02613636087290098,True,cbf_obstacle_0,8.436855162457806e-07,0.0005963086911073472,0.000597152376623593
16.16,0.000702701996488031,1,0.026167873367364987,True,cbf_obstacle_0,8.421961966697226e-07,0.000596025473864035,0.0005968676700607047
16.17,0.0006943330008652993,1,0.026199361247255047,True,cbf_obstacle_0,8.407997614876352e-07,0.000595744780697367,0.0005965855804588547
16.18,0.00068893199932063,1,0.02623129124235307,True,cbf_obstacle_0,8.393273773139756e-07,0.0005954651921486565,0.0005963045195259704
16.19,0.0006979819991101976,1,0.02626332415503316,True,cbf_obstacle_0,8.378648334656671e-07,0.0005951882707537096,0.0005960261355871752
16.2,0.0006927120011823718,1,0.026294864661621755,True,cbf_obstacle_0,8.364502976183974e-07,0.0005949164128497336,0.0005957528631473519
16.21,0.0006822020004619844,1,0.026326980675632862,True,cbf_obstacle_0,8.3500324539679e-07,0.0005946453713039462,0.000595480374549343
16.22,0.0006953230004000943,1,0.026359041718064656,True,cbf_obstacle_0,8.336038511625024e-07,0.0005943780821814969,0.0005952116860326594
16.23,0.0006708619985147379,1,0.026391276427005894,True,cbf_obstacle_0,8.32159580136035e-07,0.0005941134634078885,0.0005949456229880246
16.240000000000002,0.0006922530010342598,1,0.026423489167117613,True,cbf_obstacle_0,8.307695282255211e-07,0.0005938527663786516,0.0005946835359068771
16.25,0.0006819920017733239,1,0.02645600572147177,True,cbf_obstacle_0,8.293289211066425e-07,0.0005935942426122088,0.0005944235715333154
16.26,0.0006945319983060472,1,0.02648811573832848,True,cbf_obstacle_0,8.279747830932779e-07,0.0005933417892452202,0.0005941697640283135
16.27,0.0006773929999326356,1,0.02652087228424467,True,cbf_obstacle_0,8.265779455694909e-07,0.000593090393545553,0.0005939169714911226
16.28,0.0006922930006112438,1,0.026553334921355053,True,cbf_obstacle_0,8.252136633622979e-07,0.0005928449380996924,0.0005936701517630546
16.29,0.0006833829975221306,1,0.02658582331225333,True,cbf_obstacle_0,8.238309982743296e-07,0.0005926039209511739,0.0005934277519494482
16.3,0.0006825829987064935,1,0.026618796353044108,True,cbf_obstacle_0,8.224511703363701e-07,0.0005923659551455837,0.0005931884063159201
16.31,0.0006855430001451168,1,0.026651521981739163,True,cbf_obstacle_0,8.211133781835483e-07,0.000592133874087906,0.0005929549874660895
16.32,0.0007063420016493183,1,0.02668425538751948,True,cbf_obstacle_0,8.197888212823122e-07,0.0005919077393450364,0.0005927275281663187
16.330000000000002,0.0006809429978602566,1,0.02671731100879761,True,cbf_obstacle_0,8.184474155039773e-07,0.0005916864135963873,0.0005925048610118912
16.34,0.0006649019996984862,1,0.026750392922745926,True,cbf_obstacle_0,8.171685846131579e-07,0.0005914714785996404,0.0005922886471842535
16.35,0.0006810320010117721,1,0.02678343963235251,True,cbf_obstacle_0,8.158694544128998e-07,0.0005912637334274689,0.0005920796028818818
16.36,0.0006874029968457762,1,0.026816553552255117,True,cbf_obstacle_0,8.14588604376987e-07,0.000591063632429359,0.0005918782210337359
16.37,0.0006831620012235362,1,0.02684980191518175,True,cbf_obstacle_0,8.133506150655863e-07,0.0005908707673258697,0.0005916841179409353
16.38,0.000701512999512488,1,0.026883126231242237,True,cbf_obstacle_0,8.121204157145191e-07,0.0005906823449723013,0.0005914944653880158
16.39,0.0006938619990251027,1,0.026916754879989787,True,cbf_obstacle_0,8.108680582496056e-07,0.0005904958814201908,0.0005913067494784403
16.4,0.0006817430003138725,1,0.02694984786908912,True,cbf_obstacle_0,8.096222681287924e-07,0.0005903141347897784,0.0005911237570579072
16.41,0.000687671999912709,1,0.026983328360474432,True,cbf_obstacle_0,8.084234917312721e-07,0.0005901345149889833,0.0005909429384807146
16.42,0.000681033001455944,1,0.027016667866570594,True,cbf_obstacle_0,8.071998208447747e-07,0.0005899587071504726,0.0005907659069713174
16.43,0.0006831430000602268,1,0.027050300738544655,True,cbf_obstacle_0,8.059564179167802e-07,0.0005897860047677431,0.0005905919611856598
16.44,0.0006959320016903803,1,0.02708405127670046,True,cbf_obstacle_0,8.047044500969243e-07,0.0005896172757928324,0.0005904219802429294
16.45,0.000695522001478821,1,0.027117783799894164,True,cbf_obstacle_0,8.034537088375702e-07,0.000589453815484947,0.0005902572691937846
16.46,0.0006904430010763463,1,0.027151455816976068,True,cbf_obstacle_0,8.022375841333246e-07,0.0005892975317618834,0.0005900997693460167
16.47,0.0007044320009299554,1,0.027185262395281497,True,cbf_obstacle_0,8.01007997428919e-07,0.0005891493633544216,0.0005899503713518505
16.48,0.0007111720005923416,1,0.02721863062842463,True,cbf_obstacle_0,7.99768259892667e-07,0.0005890173826567393,0.0005898171509166319
16.490000000000002,0.000710853000782663,1,0.027252785443979598,True,cbf_obstacle_0,7.984673281796876e-07,0.0005889181631847385,0.0005897166305129182
16.5,0.0006862119989818893,1,0.02728641789155587,True,cbf_obstacle_0,7.96993033346042e-07,0.0005889903758909883,0.0005897873689243344
16.51,0.0006828629993833601,1,0.027320385155544098,True,cbf_obstacle_0,7.954760867388908e-07,0.0005890876472547026,0.0005898831233414415
16.52,0.0006962419975025114,1,0.02735431001839036,True,cbf_obstacle_0,7.939731336003197e-07,0.0005891909987351315,0.0005899849718687318
16.53,0.0007121320013538934,1,0.027388528250880395,True,cbf_obstacle_0,7.924934257917241e-07,0.0005893001181570842,0.000590092611582876
16.54,0.0006849519995739684,1,0.027422413495139956,True,cbf_obstacle_0,7.910186825524859e-07,0.0005894163130599755,0.0005902073317425279
16.55,0.0006853929990029428,1,0.02745647874125346,True,cbf_obstacle_0,7.895871031972726e-07,0.0005895387513442939,0.0005903283384474912
16.56,0.0006789330000174232,1,0.027490160386622896,True,cbf_obstacle_0,7.881607667185136e-07,0.0005896693451268399,0.0005904575058935585
16.57,0.0006770020008843858,1,0.02752453635687457,True,cbf_obstacle_0,7.867296339765573e-07,0.0005898041236583553,0.0005905908532923319
16.580000000000002,0.0006661429979430977,1,0.02755886234814817,True,cbf_obstacle_0,7.853030347641537e-07,0.0005899466095646644,0.0005907319125994286
16.59,0.0006785119985579513,1,0.027593056063681995,True,cbf_obstacle_0,7.839623542513154e-07,0.0005900983847665339,0.0005908823471207852
16.6,0.0006815829983679578,1,0.02762721502626101,True,cbf_obstacle_0,7.826229636149546e-07,0.0005902594254989436,0.0005910420484625586
16.61,0.0006909719995746855,1,0.02766118498043667,True,cbf_obstacle_0,7.813386034240899e-07,0.0005904329292823222,0.0005912142678857463
16.62,0.000704181999026332,1,0.027695539484337194,True,cbf_obstacle_0,7.800698622158366e-07,0.000590621796404612,0.0005914018662668279
16.63,0.000661442998534767,1,0.02772975346183005,True,cbf_obstacle_0,7.789974153873297e-07,0.0005907716542873016,0.0005915506517026889
16.64,0.0006723629994667135,1,0.02776407800845416,True,cbf_obstacle_0,7.782981602102632e-07,0.0005908710706261069,0.0005916493687863172
16.65,0.0006593530015379656,1,0.027798636580293197,True,cbf_obstacle_0,7.77997146136772e-07,0.000591056271235194,0.0005918342683813308
16.66,0.0006656730001850519,1,0.027832751159042577,True,cbf_obstacle_0,7.777555901848277e-07,0.0005912379427776996,0.0005920156983678845
16.67,0.0006852119986433536,1,0.027867382506481984,True,cbf_obstacle_0,7.774961035098235e-07,0.0005914168878488782,0.000592194383952388
16.68,0.0006592429999727756,1,0.02790147862005906,True,cbf_obstacle_0,7.773075545544447e-07,0.0005915978988037348,0.0005923752063582892
16.69,0.0006602829998882953,1,0.027936043924115087,True,cbf_obstacle_0,7.770979599437844e-07,0.0005917783148073724,0.0005925554127673161
16.7,0.0006523919983010273,1,0.027970376088573463,True,cbf_obstacle_0,7.769292953384559e-07,0.0005919619824574411,0.0005927389117527796
16.71,0.0006759930001862813,1,0.028004953359101595,True,cbf_obstacle_0,7.767936236267229e-07,0.0005921472689009921,0.0005929240625246188
16.72,0.000652553000691114,1,0.02803926615273548,True,cbf_obstacle_0,7.766683683541527e-07,0.0005923361575176695,0.0005931128258860237
16.73,0.0006663230014964938,1,0.02807385814391348,True,cbf_obstacle_0,7.765761186594905e-07,0.0005925265944539941,0.0005933031705726535
16.740000000000002,0.0006594129990844522,1,0.028108431542515293,True,cbf_obstacle_0,7.764898185011255e-07,0.0005927164123807389,0.0005934929021992401
16.75,0.0006657320009253453,1,0.028142768286455677,True,cbf_obstacle_0,7.764231276233749e-07,0.0005929059516268574,0.0005936823747544808
16.76,0.0006830419988546055,1,0.028177351797233765,True,cbf_obstacle_0,7.763594133780974e-07,0.0005930989854746724,0.0005938753448880505
16.77,0.0006656430014118087,1,0.02821193593750512,True,cbf_obstacle_0,7.762886351753272e-07,0.0005932867222527154,0.0005940630108878907
16.78,0.0006636030011577532,1,0.028246530655370604,True,cbf_obstacle_0,7.762359827217306e-07,0.0005934751069632707,0.0005942513429459924
16.79,0.0006817220019001979,1,0.028280878673115756,True,cbf_obstacle_0,7.762095486739053e-07,0.0005936643763665104,0.0005944405859151843
16.8,0.0006768729981558863,1,0.028315571097764093,True,cbf_obstacle_0,7.762079817065895e-07,0.0005938533403749661,0.0005946295483566727
16.81,0.0007017520001681987,1,0.028350002805527602,True,cbf_obstacle_0,7.762293604434393e-07,0.0005940439966544126,0.0005948202260148561
16.82,0.0006590230004803743,1,0.028384697772797736,True,cbf_obstacle_0,7.762123651657704e-07,0.0005942340279804204,0.0005950102403455862
16.830000000000002,0.0006620029998885002,1,0.028419404016892143,True,cbf_obstacle_0,7.762440110918531e-07,0.0005944251686535288,0.0005952014126646207
16.84,0.0006860419998702127,1,0.02845403899607627,True,cbf_obstacle_0,7.762933850022212e-07,0.0005946168667350129,0.0005953931601200152
16.85,0.000691451998136472,1,0.02848833482197903,True,cbf_obstacle_0,7.763884620656018e-07,0.0005948120962987774,0.0005955884847608431
16.86,0.0006644630011578556,1,0.028522825334037744,True,cbf_obstacle_0,7.764778343245923e-07,0.0005950062913913796,0.0005957827692257042
16.87,0.0006738219999533612,1,0.028557328635788345,True,cbf_obstacle_0,7.765777591157769e-07,0.0005952025551946976,0.0005959791329538134
16.88,0.0006783429998904467,1,0.028591895651148107,True,cbf_obstacle_0,7.767159500056681e-07,0.0005953987719597433,0.000596175487909749
16.89,0.0006668020032520872,1,0.02862645210860014,True,cbf_obstacle_0,7.768376618381315e-07,0.0005955959977007482,0.0005963728353625862
16.9,0.0006719019984302577,1,0.028660996201422508,True,cbf_obstacle_0,7.770041568327837e-07,0.0005957945520769558,0.0005965715562337886
16.91,0.0006743819976691157,1,0.028695724324137535,True,cbf_obstacle_0,7.771769094022522e-07,0.0005959937676673742,0.0005967709445767764
16.92,0.0006597130013688002,1,0.02873033549646109,True,cbf_obstacle_0,7.77367295713451e-07,0.0005961934322991176,0.000596970799594831
16.93,0.0006706119966111146,1,0.02876490629032865,True,cbf_obstacle_0,7.775784430087398e-07,0.0005963943851011238,0.0005971719635441326
16.94,0.0006701130005239975,1,0.02879946206370693,True,cbf_obstacle_0,7.777949085068064e-07,0.0005965963811188358,0.0005973741760273427
16.95,0.0006696130003547296,1,0.028833871986832335,True,cbf_obstacle_0,7.780460646405268e-07,0.0005967993388734586,0.000597577384938099
16.96,0.0006544329989992548,1,0.028868482513540253,True,cbf_obstacle_0,7.783155845348868e-07,0.0005970026668395258,0.0005977809824240606
16.97,0.0006762029988749418,1,0.02890300149510116,True,cbf_obstacle_0,7.785813388965752e-07,0.0005972058279454293,0.0005979844092843259
16.98,0.0006640930005232804,1,0.028937477470934093,True,cbf_obstacle_0,7.788574494870237e-07,0.0005974102521114972,0.0005981891095609843
16.990000000000002,0.0006671919982181862,1,0.028971851604912953,True,cbf_obstacle_0,7.791807237237836e-07,0.0005976155621393888,0.0005983947428631125
17.0,0.0006523019983433187,1,0.029006603399894353,True,cbf_obstacle_0,7.794869345676569e-07,0.0005978189303680665,0.0005985984173026342
17.01,0.0006957929981581401,1,0.029041088030931937,True,cbf_obstacle_0,7.798275601902259e-07,0.0005980242532993519,0.0005988040808595421
17.02,0.0006837920009274967,1,0.029075749669399197,True,cbf_obstacle_0,7.801627062668806e-07,0.0005982290002151738,0.0005990091629214407
17.03,0.0006658019992755726,1,0.029110108721056824,True,cbf_obstacle_0,7.805316833063444e-07,0.000598434478790602,0.0005992150104739084
17.04,0.0006779319992347155,1,0.029144636725293528,True,cbf_obstacle_0,7.808903171590271e-07,0.0005986396093993709,0.0005994204997165299
17.05,0.0006528430021717213,1,0.029179218843692935,True,cbf_obstacle_0,7.812930806374934e-07,0.0005988447441100047,0.0005996260371906422
17.06,0.0006854029998066835,1,0.029213585287924736,True,cbf_obstacle_0,7.816719970093663e-07,0.0005990495388174162,0.0005998312108144256
17.07,0.0007036730021354742,1,0.02924806630361406,True,cbf_obstacle_0,7.820744165348065e-07,0.0005992547466888,0.0006000368211053348
17.080000000000002,0.0006965729990042746,1,0.02928260107665553,True,cbf_obstacle_0,7.824922479960234e-07,0.0005994593059655349,0.0006002417982135309
17.09,0.0007297219999600202,1,0.02931695652914468,True,cbf_obstacle_0,7.829614360337575e-07,0.0005996637073465768,0.0006004466687826105
17.1,0.0007850509973650333,1,0.0293513528789687,True,cbf_obstacle_0,7.83375283903108e-07,0.0005998670458281889,0.000600650421112092
17.11,0.0007220619991130661,1,0.029385804961981177,True,cbf_obstacle_0,7.836663974126678e-07,0.0006000421119690333,0.000600825778366446
17.12,0.0006929030023457017,1,0.029420196955931573,True,cbf_obstacle_0,7.833029300992775e-07,0.000600096278377855,0.0006008795813079543
17.13,0.0007179730018833652,1,0.029454615862892768,True,cbf_obstacle_0,7.827579511288515e-07,0.0006001193215156511,0.00060090207946678
17.14,0.0006871430014143698,1,0.02948892611452992,True,cbf_obstacle_0,7.821502749650687e-07,0.000600127343873927,0.0006009094941488921
17.150000000000002,0.0006898629981151316,1,0.029523192110310716,True,cbf_obstacle_0,7.815133114301022e-07,0.0006001270466887733,0.0006009085600002034
17.16,0.0006814929984102491,1,0.029557407057801174,True,cbf_obstacle_0,7.808254777444028e-07,0.0006001215908712156,0.0006009024163489599
17.17,0.0006866319999971893,1,0.02959177436544897,True,cbf_obstacle_0,7.801213873263243e-07,0.0006001110193289622,0.0006008911407162885
17.18,0.0006855030005681328,1,0.02962629940910733,True,cbf_obstacle_0,7.793918089038708e-07,0.00060009685039374,0.0006008762422026439
17.19,0.0007134919978852849,1,0.029660473780988447,True,cbf_obstacle_0,7.786347779407323e-07,0.0006000810050536906,0.0006008596398316313
17.2,0.000686522002069978,1,0.029694625040134787,True,cbf_obstacle_0,7.778989266849112e-07,0.000600062497586203,0.0006008403965128879
17.21,0.0006869829994684551,1,0.029728931127175874,True,cbf_obstacle_0,7.771373664897726e-07,0.0006000428355074732,0.000600819972873963
17.22,0.0006845319985586684,1,0.029763209280983825,True,cbf_obstacle_0,7.763693662988494e-07,0.0006000209139722286,0.0006007972833385274
17.23,0.0006785829973523505,1,0.02979732717366108,True,cbf_obstacle_0,7.756108126410717e-07,0.0005999985824620545,0.0006007741932746956
17.240000000000002,0.00069133199940552,1,0.029831386333762568,True,cbf_obstacle_0,7.748437765369393e-07,0.0005999753518570758,0.0006007501956336128
17.25,0.0006850530007795896,1,0.02986572617291125,True,cbf_obstacle_0,7.74075956549369e-07,0.0005999497634246744,0.0006007238393812238
17.26,0.0006770229992980603,1,0.02989983766946633,True,cbf_obstacle_0,7.732886774750644e-07,0.0005999239927050242,0.0006006972813824993
17.27,0.000676113002555212,1,0.02993400062491437,True,cbf_obstacle_0,7.725237217088794e-07,0.0005998974092952103,0.0006006699330169192
17.28,0.0006799920010962524,1,0.029967967269127174,True,cbf_obstacle_0,7.717381703433398e-07,0.0005998708432829507,0.000600642581453294
17.29,0.000677223000820959,1,0.030002028969006105,True,cbf_obstacle_0,7.709708537512012e-07,0.000599843296388897,0.0006006142672426482
17.3,0.0006686019987682812,1,0.03003621211161127,True,cbf_obstacle_0,7.701894058284746e-07,0.0005998143647459989,0.0006005845541518273
17.31,0.0006715830022585578,1,0.030069990838956243,True,cbf_obstacle_0,7.694008045207293e-07,0.0005997863271321287,0.0006005557279366494
17.32,0.000708261999534443,1,0.030104139888079667,True,cbf_obstacle_0,7.686381874762104e-07,0.0005997563013852153,0.0006005249395726915
17.330000000000002,0.0007058020019030664,1,0.03013811574922199,True,cbf_obstacle_0,7.678371137197604e-07,0.0005997272495641591,0.0006004950866778789
17.34,0.0006718229997204617,1,0.03017198450848243,True,cbf_obstacle_0,7.670890722244589e-07,0.0005996978503151004,0.0006004649393873249
17.35,0.0010498080009710975,1,0.0302058988180694,True,cbf_obstacle_0,7.663064553930653e-07,0.000599667130618989,0.000600433437074382
17.36,0.0011094780020357575,1,0.03024004205185258,True,cbf_obstacle_0,7.655075318425384e-07,0.0005996358677888877,0.0006004013753207302
17.37,0.0008567810000386089,1,0.0302736790869788,True,cbf_obstacle_0,7.647407535179098e-07,0.0005996057086509823,0.0006003704494045002
17.38,0.000741591997211799,1,0.030307682018192554,True,cbf_obstacle_0,7.639685479677046e-07,0.0005995739529584257,0.0006003379215063934
17.39,0.0007426320007652976,1,0.030341424673180014,True,cbf_obstacle_0,7.632142607192813e-07,0.0005995430759013084,0.0006003062901620276
17.400000000000002,0.0007580620003864169,1,0.03037522253748215,True,cbf_obstacle_0,7.624334646657817e-07,0.0005995122816042366,0.0006002747150689025
17.41,0.000745481997000752,1,0.030408934015996997,True,cbf_obstacle_0,7.616781147468823e-07,0.0005994800391728589,0.0006002417172876058
17.42,0.0006942729996808339,1,0.03044258478333941,True,cbf_obstacle_0,7.60895383065813e-07,0.0005994484623931108,0.0006002093577761766
17.43,0.0007208419992821291,1,0.030476520727383778,True,cbf_obstacle_0,7.601167110436289e-07,0.0005994160087628008,0.0006001761254738444
17.44,0.0007200229993031826,1,0.03051021235722666,True,cbf_obstacle_0,7.593573351408358e-07,0.0005993839291537989,0.0006001432864889398
17.45,0.0006919219995324966,1,0.030543761931515225,True,cbf_obstacle_0,7.58606904007526e-07,0.0005993516424951012,0.0006001102493991087
17.46,0.0006966820001252927,1,0.0305773803898185,True,cbf_obstacle_0,7.578481503246184e-07,0.00059931959139128,0.0006000774395416046
17.47,0.0006627430011576507,1,0.030611160198083034,True,cbf_obstacle_0,7.571070966258635e-07,0.0005992866710152821,0.0006000437781119079
17.48,0.0006786220001231413,1,0.030644641848622936,True,cbf_obstacle_0,7.563229781365373e-07,0.0005992542218454231,0.0006000105448235596
17.490000000000002,0.0006623830013268162,1,0.030678367532280724,True,cbf_obstacle_0,7.555868718990305e-07,0.0005992213253373381,0.0005999769122092371
17.5,0.0006716029965900816,1,0.03071180786539856,True,cbf_obstacle_0,7.548299944520554e-07,0.0005991885162740076,0.0005999433462684596
17.51,0.0006764229983673431,1,0.030745380652380888,True,cbf_obstacle_0,7.540704564691053e-07,0.0005991554450086065,0.0005999095154650756
17.52,0.0006727629988745321,1,0.030778851146388963,True,cbf_obstacle_0,7.533368282853932e-07,0.000599122231763775,0.0005998755685920603
17.53,0.000695523001922993,1,0.030812314287154547,True,cbf_obstacle_0,7.526058589140866e-07,0.0005990901707595274,0.0005998427766184415
17.54,0.0007784810004523024,1,0.030845644353940212,True,cbf_obstacle_0,7.51859289289223e-07,0.0005990567774267312,0.0005998086367160205
17.55,0.0006932319993211422,1,0.0308788710763979,True,cbf_obstacle_0,7.511416962104473e-07,0.0005990244415886217,0.0005997755832848321
17.56,0.0015304840017051902,1,0.030912425829744856,True,cbf_obstacle_0,7.503912987445167e-07,0.0005989900349361317,0.0005997404262348761
17.57,0.0012723059990094043,1,0.03094560881855632,True,cbf_obstacle_0,7.496530278048689e-07,0.0005989575218106855,0.0005997071748384904
17.580000000000002,0.0011678579976432957,1,0.03097898594580517,True,cbf_obstacle_0,7.489277904198652e-07,0.0005989245136756298,0.0005996734414660497
17.59,0.0011991369974566624,1,0.031012217998437803,True,cbf_obstacle_0,7.482085018164314e-07,0.0005988917573672424,0.0005996399658690589
17.6,0.0008085109984676819,1,0.031045459588005715,True,cbf_obstacle_0,7.474869355130693e-07,0.0005988583778725533,0.0005996058648080664
17.61,0.0008724110011826269,1,0.03107855159305872,True,cbf_obstacle_0,7.467653082812885e-07,0.0005988251259935423,0.0005995718913018236
17.62,0.0007464619993697852,1,0.03111171139261992,True,cbf_obstacle_0,7.460546027413636e-07,0.000598792288826475,0.0005995383434292163
17.63,0.0007201020016509574,1,0.031145004175660164,True,cbf_obstacle_0,7.453522247453909e-07,0.0005987585238798889,0.0005995038761046343
17.64,0.0007123319992388133,1,0.031178116405335417,True,cbf_obstacle_0,7.446351084496607e-07,0.0005987253223780844,0.0005994699574865341
17.650000000000002,0.0007092619998729788,1,0.031211028642765967,True,cbf_obstacle_0,7.439315587718566e-07,0.0005986927353146221,0.0005994366668733939
17.66,0.0009462890011491254,1,0.03124415394033582,True,cbf_obstacle_0,7.432105534617361e-07,0.0005986588751489064,0.0005994020857023681
17.67,0.0009493500001553912,1,0.0312773079257608,True,cbf_obstacle_0,7.425098071142422e-07,0.0005986250774846142,0.0005993675872917284
17.68,0.0007757210005365778,1,0.031310098930202236,True,cbf_obstacle_0,7.418208589966534e-07,0.0005985930084721531,0.0005993348293311497
17.69,0.000786430999141885,1,0.0313430107222568,True,cbf_obstacle_0,7.411377089900281e-07,0.0005985594566170836,0.0005993005943260736
17.7,0.0007402620030916296,1,0.03137595956937104,True,cbf_obstacle_0,7.404294970455359e-07,0.0005985267281509501,0.0005992671576479956
17.71,0.0006898419997014571,1,0.03140877377022871,True,cbf_obstacle_0,7.397549305711482e-07,0.0005984932960660138,0.0005992330509965849
17.72,0.000708412000676617,1,0.03144159145632287,True,cbf_obstacle_0,7.390832873567527e-07,0.0005984605656810081,0.0005991996489683649
17.73,0.0006970719987293705,1,0.03147426815021928,True,cbf_obstacle_0,7.383868462541075e-07,0.0005984275995185451,0.0005991659863647992
17.740000000000002,0.0006778329989174381,1,0.03150709184525005,True,cbf_obstacle_0,7.377124504978768e-07,0.0005983941751067204,0.0005991318875572183
17.75,0.0010704279993660748,1,0.031539963404032104,True,cbf_obstacle_0,7.370303601941405e-07,0.0005983610829177598,0.000599098113277954
17.76,0.0013768050012004096,1,0.031572471889850524,True,cbf_obstacle_0,7.363788012864492e-07,0.0005983281104873627,0.0005990644892886492
17.77,0.0008264600000984501,1,0.03160507984292577,True,cbf_obstacle_0,7.356831275621758e-07,0.0005982955483406631,0.0005990312314682253
17.78,0.0009908600004564505,1,0.031637775065126696,True,cbf_obstacle_0,7.350424081414552e-07,0.0005982627112105356,0.000598997753618677
17.79,0.000804731000243919,1,0.03167038439146045,True,cbf_obstacle_0,7.34356870075438e-07,0.0005982294713902737,0.0005989638282603492
17.8,0.0007416619992000051,1,0.03170292333884815,True,cbf_obstacle_0,7.336940742117002e-07,0.0005981961374320559,0.0005989298315062676
17.81,0.000730412000848446,1,0.03173528585102065,True,cbf_obstacle_0,7.330735842481394e-07,0.000598164433230542,0.0005988975068147901
17.82,0.0007673920008528512,1,0.031767828607985986,True,cbf_obstacle_0,7.324153800053833e-07,0.0005981312750241077,0.000598863690404113
17.830000000000002,0.0007645219993719365,1,0.03180013166921639,True,cbf_obstacle_0,7.31765759958685e-07,0.0005980982032115885,0.0005988299689715473
17.84,0.0007360519994108472,1,0.03183253087508547,True,cbf_obstacle_0,7.311166304943638e-07,0.0005980653340322057,0.0005987964506627
17.85,0.0008896600011212286,1,0.03186483410687683,True,cbf_obstacle_0,7.304793372280997e-07,0.0005980336559264942,0.0005987641352637223
17.86,0.0007437320018652827,1,0.031897097876818215,True,cbf_obstacle_0,7.29842990337438e-07,0.0005980009621809095,0.000598730805171247
17.87,0.0007396019973384682,1,0.03192936937229963,True,cbf_obstacle_0,7.291922162473158e-07,0.0005979679551526678,0.0005986971473689152
17.88,0.0007092230007401668,1,0.03196176917671324,True,cbf_obstacle_0,7.285691853705668e-07,0.0005979348386390083,0.0005986634078243789
17.89,0.0008005010022316128,1,0.03199388677065255,True,cbf_obstacle_0,7.279317255535676e-07,0.0005979019445876532,0.0005986298763132067
17.900000000000002,0.0007439809996867552,1,0.03202615004447691,True,cbf_obstacle_0,7.273180187703817e-07,0.0005978694857080105,0.0005985968037267808
17.91,0.000682301997585455,1,0.032058209454160824,True,cbf_obstacle_0,7.266938416983127e-07,0.0005978375650546151,0.0005985642588963135
17.92,0.0007197630002337974,1,0.032090053328793444,True,cbf_obstacle_0,7.260768970171977e-07,0.0005978053409551505,0.0005985314178521677
17.93,0.0006849819983472116,1,0.032122239478185266,True,cbf_obstacle_0,7.254606260856864e-07,0.000597772439152811,0.0005984978997788967
17.94,0.0006837930013716687,1,0.03215429143133899,True,cbf_obstacle_0,7.248575443052582e-07,0.0005977403347138417,0.000598465192258147
17.95,0.0006910529991728254,1,0.03218615708352821,True,cbf_obstacle_0,7.242489678907486e-07,0.0005977079578889622,0.0005984322068568529
17.96,0.0006844929994258564,1,0.032217948557942036,True,cbf_obstacle_0,7.236363836895231e-07,0.0005976761394324347,0.0005983997758161242
17.97,0.0008639510015200358,1,0.032249897404004746,True,cbf_obstacle_0,7.23041308951041e-07,0.0005976433218825879,0.0005983663631915389
17.98,0.0007577919968753122,1,0.03228172061091679,True,cbf_obstacle_0,7.224508796611101e-07,0.0005976110115815272,0.0005983334624611883
17.990000000000002,0.0007570710004074499,1,0.032313771636032704,True,cbf_obstacle_0,7.218241869118064e-07,0.000597578640769116,0.0005983004649560278
18.0,0.0006744130005245097,1,0.032345183008465145,True,cbf_obstacle_0,7.212624961842148e-07,0.0005975473430312714,0.0005982686055274556
18.01,0.0007274620002135634,1,0.03237704230057615,True,cbf_obstacle_0,7.20646232687861e-07,0.0005975146077643357,0.0005982352539970235
18.02,0.0006897330022184178,1,0.0324086809135389,True,cbf_obstacle_0,7.200769371577692e-07,0.0005974830186445121,0.0005982030955816699
18.03,0.0009573899988026824,1,0.03244028213271306,True,cbf_obstacle_0,7.194976653551677e-07,0.0005974504854037054,0.0005981699830690606
18.04,0.0007802210020599887,1,0.03247175566534683,True,cbf_obstacle_0,7.189397087259562e-07,0.000597419620811118,0.000598138560519844
18.05,0.0007443130016326904,1,0.03250354794153776,True,cbf_obstacle_0,7.183476874845207e-07,0.0005973862364030489,0.0005981045840905334
18.06,0.0008184510006685741,1,0.032534963372659674,True,cbf_obstacle_0,7.177697733229834e-07,0.0005973552220231604,0.0005980729917964834
18.07,0.0007494820019928738,1,0.03256648184743557,True,cbf_obstacle_0,7.171946532615362e-07,0.0005973230499534681,0.0005980402446067296
18.080000000000002,0.0007308820022444706,1,0.03259762316156865,True,cbf_obstacle_0,7.166582309220439e-07,0.0005972915432573283,0.0005980082014882504
18.09,0.000885490000655409,1,0.03262913653048923,True,cbf_obstacle_0,7.160888286322074e-07,0.0005972597483984535,0.0005979758372270857
18.1,0.0007818409976607654,1,0.032660324716935814,True,cbf_obstacle_0,7.155175127732406e-07,0.0005972282080507496,0.0005979437255635229
18.11,0.0010883779978030361,1,0.032691842526280546,True,cbf_obstacle_0,7.149787976657498e-07,0.0005971958916063171,0.0005979108704039828
18.12,0.0008535609995306004,1,0.032722944470538,True,cbf_obstacle_0,7.144173890176066e-07,0.0005971649475288233,0.0005978793649178409
18.13,0.0007837519988243002,1,0.03275431692599724,True,cbf_obstacle_0,7.138613715978218e-07,0.0005971322859154562,0.000597846147287054
18.14,0.0007636720001755748,1,0.032785423702670145,True,cbf_obstacle_0,7.133167278079369e-07,0.0005971009799854857,0.0005978142967132936
18.150000000000002,0.0007053520021145232,1,0.03281640493104697,True,cbf_obstacle_0,7.127671224054006e-07,0.0005970702216770073,0.0005977829887994126
18.16,0.0007295119976333808,1,0.03284749910489253,True,cbf_obstacle_0,7.122297229751754e-07,0.0005970384110947539,0.000597750640817729
18.17,0.0007190719989011995,1,0.03287873519510727,True,cbf_obstacle_0,7.116848495430508e-07,0.0005970067968246472,0.0005977184816741903
18.18,0.0006751830005669035,1,0.03290945589548746,True,cbf_obstacle_0,7.11162335064735e-07,0.0005969753369848131,0.0005976864993198778
18.19,0.0006709929984936025,1,0.032940549483384644,True,cbf_obstacle_0,7.106284266992722e-07,0.000596943836761311,0.0005976544651880103
18.2,0.0006623720000789035,1,0.03297144638065565,True,cbf_obstacle_0,7.1010641906326e-07,0.0005969125672940403,0.0005976226737131036
18.21,0.0006747529987478629,1,0.03300227154476541,True,cbf_obstacle_0,7.095829459904244e-07,0.0005968812067334671,0.0005975907896794575
18.22,0.0008514809996995609,1,0.033032979026678275,True,cbf_obstacle_0,7.090496649386251e-07,0.0005968500933075506,0.0005975591429724892
18.23,0.0006950819988560397,1,0.03306391505533787,True,cbf_obstacle_0,7.08546798114221e-07,0.0005968187146484137,0.000597527261446528
18.240000000000002,0.0007030619999568444,1,0.03309460747007502,True,cbf_obstacle_0,7.080370180663913e-07,0.0005967876352505122,0.0005974956722685787
18.25,0.0006884819995320868,1,0.03312529089222755,True,cbf_obstacle_0,7.074992317013327e-07,0.0005967555616411265,0.0005974630608728278
18.26,0.0006888119969516993,1,0.03315587099135179,True,cbf_obstacle_0,7.070216417784229e-07,0.0005967248804125014,0.0005974319020542798
18.27,0.0006816429995524231,1,0.033186492973413605,True,cbf_obstacle_0,7.064938594302743e-07,0.0005966939468791029,0.0005974004407385332
18.28,0.0006742020013916772,1,0.03321679067454324,True,cbf_obstacle_0,7.060108931948715e-07,0.0005966630825242773,0.0005973690934174722
18.29,0.000682293000863865,1,0.033247465944723956,True,cbf_obstacle_0,7.05506606005105e-07,0.0005966317061663946,0.0005973372127723997
18.3,0.0006614529993385077,1,0.03327786176008533,True,cbf_obstacle_0,7.050096438935318e-07,0.000596600460558238,0.0005973054702021316
18.31,0.0006767529994249344,1,0.03330834304023516,True,cbf_obstacle_0,7.045196532139219e-07,0.0005965693204070498,0.0005972738400602637
18.32,0.0006558920031238813,1,0.033338669085825896,True,cbf_obstacle_0,7.040316109727887e-07,0.0005965391688320035,0.0005972432004429763
18.330000000000002,0.0006878019994474016,1,0.03336908750328929,True,cbf_obstacle_0,7.035434246200696e-07,0.0005965077270610363,0.0005972112704856564
18.34,0.0006873730017105117,1,0.033399454755058275,True,cbf_obstacle_0,7.03055248677768e-07,0.0005964766602921698,0.0005971797155408476
18.35,0.0006786019985156599,1,0.033429486130002364,True,cbf_obstacle_0,7.025705253091207e-07,0.0005964460743925147,0.0005971486449178238
18.36,0.0006761420008842833,1,0.03345966252808413,True,cbf_obstacle_0,7.020969497036199e-07,0.0005964153723205353,0.0005971174692702389
18.37,0.0006917419996170793,1,0.033489833815915235,True,cbf_obstacle_0,7.016223728859904e-07,0.0005963845941953018,0.0005970862165681878
18.38,0.000671772999339737,1,0.03352003953698344,True,cbf_obstacle_0,7.011427099915139e-07,0.0005963527740123452,0.0005970539167223367
18.39,0.0006773229979444295,1,0.03355010028079534,True,cbf_obstacle_0,7.00670784714152e-07,0.0005963216354055317,0.0005970223061902459
18.400000000000002,0.0006725820021529216,1,0.03357997344571723,True,cbf_obstacle_0,7.002031063479768e-07,0.0005962922467242092,0.0005969924498305572
18.41,0.0006756130023859441,1,0.03361013498189655,True,cbf_obstacle_0,6.997224972328205e-07,0.0005962599201919196,0.0005969596426891524
18.42,0.0006665729997621384,1,0.033639917297644165,True,cbf_obstacle_0,6.992857196326403e-07,0.000596230394358257,0.0005969296800778897
18.43,0.0006767929990019184,1,0.03366966696517359,True,cbf_obstacle_0,6.988341438804922e-07,0.0005961993274870173,0.0005968981616308978
18.44,0.0006668429996352643,1,0.03369949978837007,True,cbf_obstacle_0,6.983629837861474e-07,0.0005961689798704559,0.0005968673428542421
18.45,0.0006801720010116696,1,0.03372928549912083,True,cbf_obstacle_0,6.97919501786874e-07,0.0005961381633783204,0.0005968360828801073
18.46,0.0006779030009056441,1,0.03375903525854632,True,cbf_obstacle_0,6.974715998478287e-07,0.0005961072241645224,0.0005968046957643702
18.47,0.0006828720033809077,1,0.03378867194310554,True,cbf_obstacle_0,6.970144333696594e-07,0.0005960768132140796,0.0005967738276474493
18.48,0.000668603002850432,1,0.033818224272318814,True,cbf_obstacle_0,6.96584584965117e-07,0.0005960464602916008,0.0005967430448765658
18.490000000000002,0.0006699320001644082,1,0.03384805900708052,True,cbf_obstacle_0,6.961329785538783e-07,0.0005960152853149949,0.0005967114182935488
18.5,0.0006636819998675492,1,0.033877490789117955,True,cbf_obstacle_0,6.956995131059737e-07,0.0005959842943928787,0.0005966799939059847
18.51,0.0006777929993404541,1,0.03390697983679484,True,cbf_obstacle_0,6.952545849056957e-07,0.0005959541751615138,0.0005966494297464194
18.52,0.0006759130010323133,1,0.03393646817843956,True,cbf_obstacle_0,6.948253199290856e-07,0.0005959235434495276,0.0005966183687694567
18.53,0.0006937229991308413,1,0.033965789454557235,True,cbf_obstacle_0,6.943898300629041e-07,0.0005958934953484033,0.0005965878851784662
18.54,0.0006585129995073657,1,0.03399508599884607,True,cbf_obstacle_0,6.939778345991368e-07,0.0005958635201232488,0.000596557497957848
18.55,0.0006758719973731786,1,0.03402427906917452,True,cbf_obstacle_0,6.9354903017197e-07,0.000595833014233743,0.000596526563263915
18.56,0.0006557230008183978,1,0.03405372937153835,True,cbf_obstacle_0,6.931193414261798e-07,0.0005958018859232426,0.0005964950052646687
18.57,0.0006735329989169259,1,0.03408294351434402,True,cbf_obstacle_0,6.926869855119172e-07,0.0005957708511241509,0.0005964635381096628
18.580000000000002,0.0006675219992757775,1,0.03411200772586523,True,cbf_obstacle_0,6.922690323240449e-07,0.0005957407492211599,0.000596433018253484
18.59,0.0006713630027661566,1,0.034141211672932374,True,cbf_obstacle_0,6.91862456782254e-07,0.0005957108306463486,0.0005964026931031309
18.6,0.0006548230012413114,1,0.03417008728021984,True,cbf_obstacle_0,6.914508163841721e-07,0.000595680309923294,0.0005963717607396781
18.61,0.0006702820028294809,1,0.03419921664612495,True,cbf_obstacle_0,6.910507173952133e-07,0.0005956496765233246,0.0005963407272407198
18.62,0.0006726920000801329,1,0.034228181909960124,True,cbf_obstacle_0,6.90641358984134e-07,0.0005956200532260201,0.0005963106945850043
18.63,0.0006884030008222908,1,0.03425698741585926,True,cbf_obstacle_0,6.902398172026498e-07,0.0005955899983601172,0.0005962802381773199
18.64,0.000670932000502944,1,0.03428592962662406,True,cbf_obstacle_0,6.898299514654256e-07,0.0005955592023638423,0.0005962490323153077
18.650000000000002,0.0006739929995092098,1,0.0343149039925042,True,cbf_obstacle_0,6.894334563920219e-07,0.0005955284219627587,0.0005962178554191507
18.66,0.0006782220007153228,1,0.03434357693520406,True,cbf_obstacle_0,6.890428226285902e-07,0.0005954979852999815,0.0005961870281226101
18.67,0.0006906630005687475,1,0.034372277189116306,True,cbf_obstacle_0,6.886424300588497e-07,0.0005954676671751332,0.0005961563096051921
18.68,0.0006731619978381786,1,0.03440098360103366,True,cbf_obstacle_0,6.882490971239695e-07,0.0005954379670032663,0.0005961262161003903
18.69,0.0006562630005646497,1,0.03442957119329188,True,cbf_obstacle_0,6.878623658380285e-07,0.0005954077723722753,0.0005960956347381134
18.7,0.0006719529992551543,1,0.03445830646426449,True,cbf_obstacle_0,6.874675358102668e-07,0.0005953772778204938,0.0005960647453563041
18.71,0.0006542330011143349,1,0.034486686987060436,True,cbf_obstacle_0,6.870882999430138e-07,0.0005953470583390833,0.0005960341466390263
18.72,0.0006720220007991884,1,0.034515234745051034,True,cbf_obstacle_0,6.867024783565713e-07,0.0005953165239849653,0.0005960032264633218
18.73,0.000656553002045257,1,0.034543740179682945,True,cbf_obstacle_0,6.863209084344221e-07,0.0005952864516123194,0.0005959727725207538
18.740000000000002,0.000684162001562072,1,0.0345720178894057,True,cbf_obstacle_0,6.85946496557242e-07,0.0005952561001607164,0.0005959420466572737
18.75,0.0007024320002528839,1,0.03460039007241962,True,cbf_obstacle_0,6.85569253345617e-07,0.0005952269353606834,0.0005959125046140289
18.76,0.0006587429998035077,1,0.03462868297366768,True,cbf_obstacle_0,6.851895695320507e-07,0.0005951957988024941,0.0005958809883720261
18.77,0.0006681319973722566,1,0.034656915206987174,True,cbf_obstacle_0,6.848285939066878e-07,0.0005951658773383401,0.0005958507059322469
18.78,0.000658392997138435,1,0.034685035509985675,True,cbf_obstacle_0,6.844677136622538e-07,0.000595135280461927,0.0005958197481755892
18.79,0.0006670729999314062,1,0.03471322176258504,True,cbf_obstacle_0,6.840954059655194e-07,0.0005951060779037268,0.0005957901733096923
18.8,0.0006681929990008939,1,0.034741404256407586,True,cbf_obstacle_0,6.837341993036236e-07,0.0005950755889205249,0.0005957593231198285
18.81,0.0006836120010120794,1,0.034769460606458434,True,cbf_obstacle_0,6.83360644343891e-07,0.0005950451703962483,0.0005957285310405923
18.82,0.0006952830008231103,1,0.0347973724925554,True,cbf_obstacle_0,6.830097432617195e-07,0.0005950148407130862,0.000595697850456348
18.830000000000002,0.00068340199868544,1,0.03482538881568645,True,cbf_obstacle_0,6.826654217492169e-07,0.0005949848420056136,0.0005956675074273627
18.84,0.0006798919966968242,1,0.034853259625914554,True,cbf_obstacle_0,6.823029923933743e-07,0.0005949552012464668,0.0005956375042388602
18.85,0.0006662930027232505,1,0.03488104380725104,True,cbf_obstacle_0,6.819519099737449e-07,0.0005949250234126352,0.000595606975322609
18.86,0.0006810230006522033,1,0.03490894971592055,True,cbf_obstacle_0,6.816050477003299e-07,0.0005948949701672201,0.0005955765752149204
18.87,0.0006758730014553294,1,0.03493684653213497,True,cbf_obstacle_0,6.812404427629229e-07,0.0005948641300192352,0.0005955453704619982
18.88,0.0006859629975224379,1,0.03496439714788925,True,cbf_obstacle_0,6.809123871027914e-07,0.0005948349857179298,0.0005955158981050326
18.89,0.0006790629995521158,1,0.03499211075016467,True,cbf_obstacle_0,6.805565737945497e-07,0.0005948042944290455,0.00059548485100284
18.900000000000002,0.0006859120003355201,1,0.03501978330868815,True,cbf_obstacle_0,6.802148501151946e-07,0.0005947747528200754,0.0005954549676701906
18.91,0.000673182999889832,1,0.035047224614604286,True,cbf_obstacle_0,6.798812702381526e-07,0.0005947446277716495,0.0005954245090418876
18.92,0.0006881619992782362,1,0.035074733612959666,True,cbf_obstacle_0,6.795627463907527e-07,0.00059471479359366,0.0005953943563400507
18.93,0.0011353070003679022,1,0.03510237370294773,True,cbf_obstacle_0,6.792216464387219e-07,0.0005946848129388042,0.0005953640345852429
18.94,0.000929530000576051,1,0.03512972439696219,True,cbf_obstacle_0,6.788882789659366e-07,0.0005946543317440168,0.0005953332200229828
18.95,0.0007731520017841831,1,0.035157037085224004,True,cbf_obstacle_0,6.785661686946346e-07,0.0005946245942252427,0.0005953031603939373
18.96,0.0009689289981906768,1,0.03518437750337969,True,cbf_obstacle_0,6.782204032757288e-07,0.0005945946640934222,0.000595272884496698
18.97,0.000793251001596218,1,0.03521154600843861,True,cbf_obstacle_0,6.779062406807835e-07,0.0005945646344444457,0.0005952425406851264
18.98,0.0008494710018567275,1,0.03523882237665429,True,cbf_obstacle_0,6.775657324532475e-07,0.0005945342874643178,0.000595211853196771
18.990000000000002,0.0007488619994546752,1,0.03526605639548526,True,cbf_obstacle_0,6.772514266847231e-07,0.0005945047073105254,0.0005951819587372101
19.0,0.0007734709979558829,1,0.03529315464317958,True,cbf_obstacle_0,6.769255300044193e-07,0.0005944751741492083,0.0005951520996792127
19.01,0.000754171000153292,1,0.03532021321387514,True,cbf_obstacle_0,6.766097209132662e-07,0.0005944445988516732,0.0005951212085725865
19.02,0.0007288419983524363,1,0.03534723905280204,True,cbf_obstacle_0,6.763041516295017e-07,0.0005944144562804503,0.0005950907604320798
19.03,0.0007592520014441106,1,0.03537429929658355,True,cbf_obstacle_0,6.759887671584966e-07,0.0005943849664966704,0.000595060955263829
19.04,0.0007144420014810748,1,0.03540122391974882,True,cbf_obstacle_0,6.756766753725169e-07,0.0005943543411527813,0.0005950300178281539
19.05,0.0007807209985912777,1,0.03542807780189184,True,cbf_obstacle_0,6.75369049804337e-07,0.0005943245842135188,0.0005949999532633232
19.06,0.0006985620020714123,1,0.03545490400564095,True,cbf_obstacle_0,6.750591932513581e-07,0.0005942948191767461,0.0005949698783699974
19.07,0.0007823110026947688,1,0.035481623310777394,True,cbf_obstacle_0,6.747531523813064e-07,0.0005942644914383296,0.0005949392445907109
19.080000000000002,0.0007115830012480728,1,0.03550838811152129,True,cbf_obstacle_0,6.744453439101974e-07,0.000594235528497978,0.0005949099738418882
19.09,0.0007593820009788033,1,0.03553503052035977,True,cbf_obstacle_0,6.741401046125661e-07,0.0005942047258395961,0.0005948788659442087
19.1,0.0007108819991117343,1,0.03556169470965094,True,cbf_obstacle_0,6.738427618399621e-07,0.0005941751634947956,0.0005948490062566356
19.11,0.0008254210006271023,1,0.035588265590065504,True,cbf_obstacle_0,6.735476724906591e-07,0.0005941455726028555,0.0005948191202753461
19.12,0.0007248820002132561,1,0.03561479821006887,True,cbf_obstacle_0,6.732583810761075e-07,0.0005941155927087498,0.0005947888510898259
19.13,0.0007792420001351275,1,0.035641411170155124,True,cbf_obstacle_0,6.729391038417699e-07,0.0005940855641457813,0.000594758503249623
19.14,0.0007501619984395802,1,0.03566773588913829,True,cbf_obstacle_0,6.726547691981499e-07,0.0005940552260506791,0.0005947278808198772
19.150000000000002,0.0007450119992427062,1,0.03569426156373332,True,cbf_obstacle_0,6.723698968602663e-07,0.0005940253194339713,0.0005946976893308316
19.16,0.0008096309975371696,1,0.03572041568751791,True,cbf_obstacle_0,6.720754321146681e-07,0.0005939950676912246,0.0005946671431233394
19.17,0.0007281019970832858,1,0.03574670126521551,True,cbf_obstacle_0,6.718043444296044e-07,0.0005939659981723239,0.0005946378025167535
19.18,0.0007814810014679097,1,0.03577296704697259,True,cbf_obstacle_0,6.715073218169815e-07,0.000593936144263832,0.000594607651585649
19.19,0.0007248420006362721,1,0.035799106305220055,True,cbf_obstacle_0,6.712412625678266e-07,0.0005939061989779372,0.000594577440240505
19.2,0.0009412289982719813,1,0.03582525761634607,True,cbf_obstacle_0,6.70945317643398e-07,0.0005938754224104236,0.000594546367728067
19.21,0.000794321000284981,1,0.035851382696342055,True,cbf_obstacle_0,6.706685526755132e-07,0.000593846139016943,0.0005945168075696185
19.22,0.000975090002611978,1,0.03587744443336364,True,cbf_obstacle_0,6.703853683233073e-07,0.0005938166413051147,0.0005944870266734381
19.23,0.0007739720022073016,1,0.035903396363720405,True,cbf_obstacle_0,6.701172892275928e-07,0.000593786716421497,0.0005944568337107246
19.240000000000002,0.0009563290004734881,1,0.03592945854001598,True,cbf_obstacle_0,6.698257967017123e-07,0.0005937565140945823,0.0005944263398912841
19.25,0.0007925909994810354,1,0.03595534044810133,True,cbf_obstacle_0,6.695603157973977e-07,0.0005937265656038561,0.0005943961259196535
19.26,0.0008467610023217276,1,0.03598106046067722,True,cbf_obstacle_0,6.692927564568053e-07,0.0005936968187214974,0.0005943661114779542
19.27,0.0008614609978394583,1,0.03600687302944607,True,cbf_obstacle_0,6.690288604527154e-07,0.0005936664197890254,0.0005943354486494781
19.28,0.0007762009990983643,1,0.03603273010032407,True,cbf_obstacle_0,6.687573388372299e-07,0.000593636172255461,0.0005943049295942983
19.29,0.0009572199996910058,1,0.03605830546235043,True,cbf_obstacle_0,6.68494063298314e-07,0.0005936069188042692,0.0005942754128675675
19.3,0.0007530519978899974,1,0.036083917130701824,True,cbf_obstacle_0,6.682110087523551e-07,0.0005935768584211396,0.0005942450694298919
19.31,0.0009040000004461035,1,0.03610952195176333,True,cbf_obstacle_0,6.679642462444224e-07,0.0005935469494250284,0.0005942149136712729
19.32,0.0010091989970533177,1,0.036135145164227396,True,cbf_obstacle_0,6.676921073857167e-07,0.000593517256775167,0.0005941849488825527
19.330000000000002,0.0009675900000729598,1,0.03616067772104466,True,cbf_obstacle_0,6.674452505667747e-07,0.0005934872414939781,0.0005941546867445449
19.34,0.000835389997519087,1,0.03618613780217367,True,cbf_obstacle_0,6.671807086365453e-07,0.0005934573870602514,0.0005941245677688879
19.35,0.000930329999391688,1,0.03621148009921877,True,cbf_obstacle_0,6.669306553767996e-07,0.0005934279828917742,0.000594094913547151
19.36,0.0009414800006197765,1,0.036236858989133376,True,cbf_obstacle_0,6.666666034687546e-07,0.0005933977931449562,0.000594064459748425
19.37,0.0007787009999447037,1,0.0362621312122888,True,cbf_obstacle_0,6.664190713619208e-07,0.0005933680562690076,0.0005940344753403695
19.38,0.0009166499985440169,1,0.03628741806603698,True,cbf_obstacle_0,6.661692537528169e-07,0.0005933385827203638,0.0005940047519741166
19.39,0.0007609109998156782,1,0.03631260271268975,True,cbf_obstacle_0,6.65922688109582e-07,0.0005933083719908626,0.0005939742946789721
19.400000000000002,0.0009231099975295365,1,0.036337842183772624,True,cbf_obstacle_0,6.656750993318118e-07,0.0005932781812820884,0.0005939438563814203
19.41,0.0007842109989724122,1,0.03636282691198727,True,cbf_obstacle_0,6.654236320884661e-07,0.0005932485987617085,0.000593914022393797
19.42,0.0008838400026434101,1,0.036388036315692214,True,cbf_obstacle_0,6.651687987219974e-07,0.0005932177663288756,0.0005938829351275976
19.43,0.0008828610007185489,1,0.03641295402124214,True,cbf_obstacle_0,6.649289625678834e-07,0.0005931887760421418,0.0005938537050047096
19.44,0.0007851020018279087,1,0.036437768571384886,True,cbf_obstacle_0,6.646883659615224e-07,0.0005931591883963768,0.0005938238767623383
19.45,0.0009302100006607361,1,0.03646279660788697,True,cbf_obstacle_0,6.644546557805079e-07,0.0005931291178101745,0.000593793572465955
19.46,0.0007674619992030784,1,0.036487773338125994,True,cbf_obstacle_0,6.641964776530668e-07,0.0005930992477927917,0.0005937634442704448
19.47,0.0009290099987993017,1,0.03651248422492959,True,cbf_obstacle_0,6.639859109426972e-07,0.0005930691048413726,0.0005937330907523152
19.48,0.0007556320015282836,1,0.03653714664046455,True,cbf_obstacle_0,6.637329228910783e-07,0.0005930392340234795,0.0005937029669463705
19.490000000000002,0.0009211600008711684,1,0.03656190808831204,True,cbf_obstacle_0,6.634960274070815e-07,0.0005930090448034606,0.0005936725408308677
19.5,0.0007558120014437009,1,0.036586620291510774,True,cbf_obstacle_0,6.632861208861596e-07,0.0005929802257363029,0.000593643511857189
19.51,0.0008465509999950882,1,0.03661116330659269,True,cbf_obstacle_0,6.630353826158064e-07,0.0005929493994120841,0.0005936124347946999
19.52,0.0008072409982560202,1,0.03663572607595062,True,cbf_obstacle_0,6.627927380795215e-07,0.0005929198774740142,0.0005935826702120937
19.53,0.0008045710019359831,1,0.036660272477334686,True,cbf_obstacle_0,6.625730196998672e-07,0.0005928903922471238,0.0005935529652668236
19.54,0.0008915399994293693,1,0.03668483270703918,True,cbf_obstacle_0,6.623463629985372e-07,0.0005928598027767628,0.0005935221491397613
19.55,0.0007622519988217391,1,0.036709206294684125,True,cbf_obstacle_0,6.621255502085425e-07,0.0005928298742648491,0.0005934919998150577
19.56,0.0009169010008918121,1,0.036733652092115335,True,cbf_obstacle_0,6.618990294349951e-07,0.0005928006573977466,0.0005934625564271816
19.57,0.0007333819994528312,1,0.03675785132812709,True,cbf_obstacle_0,6.616816079891604e-07,0.0005927711550552191,0.0005934328366632082
19.580000000000002,0.0009190600030706264,1,0.03678217882719017,True,cbf_obstacle_0,6.614535235206503e-07,0.0005927409941122607,0.0005934024476357813
19.59,0.0007547519999206997,1,0.03680634987515244,True,cbf_obstacle_0,6.612302551951699e-07,0.0005927113655216559,0.000593372595776851
19.6,0.0009049110012711026,1,0.03683056567928711,True,cbf_obstacle_0,6.610132344468487e-07,0.0005926817125997266,0.0005933427258341734
19.61,0.0007775019985274412,1,0.03685451173390895,True,cbf_obstacle_0,6.608018070273178e-07,0.0005926513302806454,0.0005933121320876728
19.62,0.0008011909994820599,1,0.036878728110662645,True,cbf_obstacle_0,6.605785825728825e-07,0.0005926212844801019,0.0005932818630626748
19.63,0.00083718099995167,1,0.036902887363132846,True,cbf_obstacle_0,6.603660294377993e-07,0.0005925914991643645,0.0005932518651938023
19.64,0.000755011998990085,1,0.036926851326104175,True,cbf_obstacle_0,6.601577473126008e-07,0.0005925620674079896,0.0005932222251553022
19.650000000000002,0.0009191599965561181,1,0.036950745725137256,True,cbf_obstacle_0,6.599531649190511e-07,0.0005925317055494497,0.0005931916587143687
19.66,0.0007606309991388116,1,0.03697463012064315,True,cbf_obstacle_0,6.597384993489025e-07,0.0005925022947314908,0.0005931620332308397
19.67,0.0009028410022438038,1,0.03699834753464718,True,cbf_obstacle_0,6.595340067974683e-07,0.000592473216411321,0.0005931327504181185
19.68,0.0007542720013589133,1,0.03702216366433015,True,cbf_obstacle_0,6.593159802338983e-07,0.0005924427071347937,0.0005931020231150277
19.69,0.0009096100002352614,1,0.037046013563560215,True,cbf_obstacle_0,6.59094872162757e-07,0.0005924128227823072,0.0005930719176544699
19.7,0.0007520220024161972,1,0.03706956126988744,True,cbf_obstacle_0,6.589020356924849e-07,0.0005923838490576391,0.0005930427510933316
19.71,0.0009259100006602239,1,0.03709328040460413,True,cbf_obstacle_0,6.586888496163233e-07,0.0005923531333202415,0.0005930118221698578
19.72,0.0007942709999042563,1,0.03711692596458925,True,cbf_obstacle_0,6.584913993520831e-07,0.0005923236086571765,0.0005929821000565285
19.73,0.0010112199997820426,1,0.03714042584562868,True,cbf_obstacle_0,6.582965061056387e-07,0.0005922941296545518,0.0005929524261606574
19.740000000000002,0.0009854989984887652,1,0.03716391441112492,True,cbf_obstacle_0,6.580908437409068e-07,0.0005922634826553272,0.0005929215734990681
19.75,0.0007660720002604648,1,0.03718736790102805,True,cbf_obstacle_0,6.578821197479643e-07,0.0005922338127899504,0.0005928916949096984
19.76,0.0009201690008922014,1,0.03721071244732422,True,cbf_obstacle_0,6.576986369995846e-07,0.0005922042304104649,0.0005928619290474645
19.77,0.0007556720011052676,1,0.03723396333314207,True,cbf_obstacle_0,6.575059011459626e-07,0.0005921756570959007,0.0005928331629970467
19.78,0.0008855609994498082,1,0.03725738909078337,True,cbf_obstacle_0,6.572902967402594e-07,0.0005921447141247967,0.0005928020044215369
19.79,0.0007515219986089505,1,0.03728065586054635,True,cbf_obstacle_0,6.571088449635145e-07,0.0005921148273744006,0.000592771936219364
19.8,0.0009338400013803039,1,0.03730392264639385,True,cbf_obstacle_0,6.568893576133836e-07,0.0005920845374042475,0.0005927414267618609
19.81,0.0008112409996101633,1,0.037327101496436844,True,cbf_obstacle_0,6.567268191446371e-07,0.0005920555301367548,0.0005927122569558994
19.82,0.0010017989989137277,1,0.037350170930662535,True,cbf_obstacle_0,6.5652966987307e-07,0.0005920254096602293,0.0005926819393301024
19.830000000000002,0.0009615389972168487,1,0.037373250192573815,True,cbf_obstacle_0,6.563339138489853e-07,0.0005919960333336557,0.0005926523672475047
19.84,0.0007673920008528512,1,0.0373962005286466,True,cbf_obstacle_0,6.561531186395079e-07,0.0005919669372644363,0.0005926230903830758
19.85,0.0010291290018358268,1,0.03741917738422689,True,cbf_obstacle_0,6.559712327847939e-07,0.0005919362576379234,0.0005925922288707082
19.86,0.0007758510000712704,1,0.03744201549829494,True,cbf_obstacle_0,6.5577558638166e-07,0.0005919066613839531,0.0005925624369703348
19.87,0.0009297899996454362,1,0.03746491932521235,True,cbf_obstacle_0,6.555831166166348e-07,0.000591876840496582,0.0005925324236131987
19.88,0.0008065220026765019,1,0.0374876443921557,True,cbf_obstacle_0,6.553946969514738e-07,0.0005918470899305164,0.0005925024846274679
19.89,0.0008286410011351109,1,0.037510576566240135,True,cbf_obstacle_0,6.552241704285572e-07,0.000591817648033363,0.0005924728722037915
19.900000000000002,0.000861469998199027,1,0.03753325570773138,True,cbf_obstacle_0,6.550402867123216e-07,0.0005917874440530055,0.0005924424843397178
19.91,0.000979519998509204,1,0.03755607682289717,True,cbf_obstacle_0,6.548526104243658e-07,0.0005917578419715457,0.00059241269458197
19.92,0.0008684509994054679,1,0.037578552501404405,True,cbf_obstacle_0,6.546831828969779e-07,0.0005917285241794609,0.0005923832073623579
19.93,0.0007568809996882919,1,0.03760127654150871,True,cbf_obstacle_0,6.545018074266656e-07,0.0005916983135733824,0.0005923528153808091
19.94,0.0007673809996049386,1,0.037623790577979155,True,cbf_obstacle_0,6.543165609645747e-07,0.0005916684819566886,0.0005923227985176532
19.95,0.0007132120008463971,1,0.037646240153847196,True,cbf_obstacle_0,6.541484253294148e-07,0.0005916394791499588,0.0005922936275752882
19.96,0.0007530619986937381,1,0.03766873820020996,True,cbf_obstacle_0,6.539597183748536e-07,0.0005916089098188755,0.0005922628695372503
19.97,0.000721872002031887,1,0.03769113828959085,True,cbf_obstacle_0,6.537962334072785e-07,0.0005915793043367428,0.0005922331005701501
19.98,0.0008972100004029926,1,0.03771337887719576,True,cbf_obstacle_0,6.536241564052066e-07,0.0005915499541444437,0.000592203578300849
19.990000000000002,0.0007503420019929763,1,0.037735694819241224,True,cbf_obstacle_0,6.534483435312087e-07,0.0005915197366904755,0.0005921731850340068
20.0,0.0007398119996651076,1,0.03775796638614791,True,cbf_obstacle_0,6.532816415586804e-07,0.000591490569142904,0.0005921438507844627
20.01,0.0007212919990706723,1,0.037780117566582276,True,cbf_obstacle_0,6.531172400613938e-07,0.0005914613939025322,0.0005921145111425936
20.02,0.0006921519998286385,1,0.03780244471222799,True,cbf_obstacle_0,6.529344307026573e-07,0.0005914312747194067,0.0005920842091501094
20.03,0.0007180419997894205,1,0.03782430682580442,True,cbf_obstacle_0,6.52768215675204e-07,0.0005914019323894153,0.0005920547006050905
20.04,0.0007005719999142457,1,0.03784659119347217,True,cbf_obstacle_0,6.525945325810723e-07,0.0005913721981477819,0.000592024792680363
20.05,0.0006880519977130461,1,0.037868558426421534,True,cbf_obstacle_0,6.524384594149601e-07,0.0005913420663811144,0.0005919945048405294
20.06,0.0006923819964868017,1,0.0378905409377586,True,cbf_obstacle_0,6.522695953841274e-07,0.000591312397770623,0.0005919646673660071
20.07,0.0007600320022902451,1,0.03791229635598512,True,cbf_obstacle_0,6.521084384874161e-07,0.0005912838352849381,0.0005919359437234255
20.080000000000002,0.0006930230010766536,1,0.03793433454995713,True,cbf_obstacle_0,6.51952995146937e-07,0.0005912532083841346,0.0005919051613792816
20.09,0.00071283200304606,1,0.03795615175680672,True,cbf_obstacle_0,6.517940607267708e-07,0.0005912238157061708,0.0005918756097668975
20.1,0.00068370300141396,1,0.037977883683046054,True,cbf_obstacle_0,6.51619887811643e-07,0.0005911942339229636,0.0005918458538107753
20.11,0.000709182997525204,1,0.03799964726387166,True,cbf_obstacle_0,6.514551279279962e-07,0.0005911640444131697,0.0005918154995410977
20.12,0.0006986219996178988,1,0.038021418444131795,True,cbf_obstacle_0,6.512962822747391e-07,0.0005911346327826445,0.0005917859290649192
20.13,0.0006925630004843697,1,0.03804314796991571,True,cbf_obstacle_0,6.511382541284631e-07,0.0005911048003551365,0.000591755938609265
20.14,0.0006891819975862745,1,0.038064668451543576,True,cbf_obstacle_0,6.509716371182204e-07,0.0005910750276768291,0.0005917259993139473
20.150000000000002,0.0007051219981804024,1,0.038086099051486175,True,cbf_obstacle_0,6.50819298456778e-07,0.00059104622119918,0.0005916970404976368
20.16,0.0007052120017760899,1,0.038107747782282916,True,cbf_obstacle_0,6.506751548841526e-07,0.0005910164282988447,0.0005916671034537289
20.17,0.00069979200270609,1,0.03812927558537933,True,cbf_obstacle_0,6.505202458500549e-07,0.0005909862835325562,0.0005916368037784062
20.18,0.0006849130004411563,1,0.03815072138481184,True,cbf_obstacle_0,6.503662099129041e-07,0.0005909571635332881,0.000591607529743201
20.19,0.0006833020015619695,1,0.03817192019307577,True,cbf_obstacle_0,6.502098635592751e-07,0.0005909280357555823,0.0005915782456191416
20.2,0.0007132520004233811,1,0.03819325716800052,True,cbf_obstacle_0,6.50063829456568e-07,0.0005908982999871469,0.0005915483638166034
20.21,0.0006784120014344808,1,0.03821462567271569,True,cbf_obstacle_0,6.499068713434535e-07,0.0005908688364673488,0.0005915187433386922
20.22,0.0007219319995783735,1,0.03823573527866458,True,cbf_obstacle_0,6.49743773143807e-07,0.0005908384797610825,0.0005914882235342263
20.23,0.0006623429981118534,1,0.03825682200439496,True,cbf_obstacle_0,6.496219677095127e-07,0.0005908099958057086,0.000591459617773418
20.240000000000002,0.000765800999943167,1,0.03827814177442439,True,cbf_obstacle_0,6.49466316393373e-07,0.0005907794748722686,0.000591428941188662
20.25,0.0006985129984968808,1,0.03829917851235255,True,cbf_obstacle_0,6.493174332574588e-07,0.0005907499688631018,0.0005913992862963593
20.26,0.0006991230002313387,1,0.038320270286328714,True,cbf_obstacle_0,6.4917749492064e-07,0.0005907208661286895,0.0005913700436236101
20.27,0.0009565789987391327,1,0.0383412019889186,True,cbf_obstacle_0,6.490277557050925e-07,0.0005906920200500613,0.0005913410478057664
20.28,0.0008086609996098559,1,0.038362243448550354,True,cbf_obstacle_0,6.488753490514305e-07,0.0005906621392255673,0.0005913110145746187
20.29,0.0007469720003427938,1,0.03838314755400726,True,cbf_obstacle_0,6.487256352016417e-07,0.0005906321209585779,0.0005912808465937796
20.3,0.0007137020002119243,1,0.0384039730960871,True,cbf_obstacle_0,6.485957414017411e-07,0.0005906028124464643,0.0005912514081878661
20.31,0.0006965720021980815,1,0.03842470497886068,True,cbf_obstacle_0,6.484526753327069e-07,0.0005905742640510122,0.0005912227167263449
20.32,0.0006881520021124743,1,0.03844549407528876,True,cbf_obstacle_0,6.483143000591519e-07,0.0005905441211965757,0.0005911924354966349
20.330000000000002,0.0006686730012006592,1,0.03846633319079466,True,cbf_obstacle_0,6.481556222623958e-07,0.0005905141595502345,0.0005911623151724968
20.34,0.0006737730000168085,1,0.03848697852979818,True,cbf_obstacle_0,6.480203729679866e-07,0.000590485452335879,0.000591133472708847
20.35,0.0006839519992354326,1,0.03850758606435713,True,cbf_obstacle_0,6.478959240914083e-07,0.0005904562267750721,0.0005911041226991635
20.36,0.00067318199944566,1,0.03852806122261003,True,cbf_obstacle_0,6.47746189848972e-07,0.00059042669284517,0.000591074439035019
20.37,0.0006735429997206666,1,0.038548751901390836,True,cbf_obstacle_0,6.476094574753481e-07,0.0005903972825947415,0.0005910448920522169
20.38,0.0006854419989394955,1,0.038569101871685635,True,cbf_obstacle_0,6.474794870464438e-07,0.0005903681787697627,0.0005910156582568092
20.39,0.0007160120003391057,1,0.038589687592348716,True,cbf_obstacle_0,6.473473761084677e-07,0.0005903387787988544,0.0005909861261749629
20.400000000000002,0.0006688829998893198,1,0.03861002980615499,True,cbf_obstacle_0,6.472040615267719e-07,0.0005903094683957444,0.0005909566724572712
20.41,0.0006958819976716768,1,0.03863047895065225,True,cbf_obstacle_0,6.470664462390136e-07,0.0005902794031179712,0.0005909264695642102
20.42,0.0006558429995493498,1,0.038650753392705704,True,cbf_obstacle_0,6.469334568254032e-07,0.0005902502197916707,0.0005908971532484961
20.43,0.0006826520002505276,1,0.03867097942600258,True,cbf_obstacle_0,6.468030240946166e-07,0.0005902207128191044,0.000590867515843199
20.44,0.0006561929985764436,1,0.03869128930076915,True,cbf_obstacle_0,6.466784273130808e-07,0.0005901914473476901,0.0005908381257750033
20.45,0.0006911919990670867,1,0.038711324109350326,True,cbf_obstacle_0,6.465363772718729e-07,0.0005901622485846874,0.0005908087849619593
20.46,0.0006572530000994448,1,0.038731633104670066,True,cbf_obstacle_0,6.464178480167685e-07,0.000590132706590031,0.0005907791244380478
20.47,0.0006942919972061645,1,0.038751639030886624,True,cbf_obstacle_0,6.462596346091406e-07,0.0005901035510840185,0.0005907498107186277
20.48,0.000689843000145629,1,0.03877180727849009,True,cbf_obstacle_0,6.461508681011798e-07,0.0005900742589303375,0.0005907204097984387
20.490000000000002,0.0006715220006299205,1,0.038791725782903616,True,cbf_obstacle_0,6.460180528493534e-07,0.0005900452175601667,0.000590691235613016
20.5,0.0006890219992783386,1,0.038811746807268,True,cbf_obstacle_0,6.45893935990308e-07,0.0005900151746262446,0.0005906610685622349
20.51,0.0006686529995931778,1,0.03883175916419077,True,cbf_obstacle_0,6.457631993064787e-07,0.0005899866200232188,0.0005906323832225252
20.52,0.0006712030008202419,1,0.03885139337559269,True,cbf_obstacle_0,6.456421592687389e-07,0.0005899574937899692,0.000590603135949238
20.53,0.0006550629987032153,1,0.03887129981145134,True,cbf_obstacle_0,6.455138318146082e-07,0.0005899280553030567,0.0005905735691348713
20.54,0.0006739329983247444,1,0.038891070906934305,True,cbf_obstacle_0,6.453897145921756e-07,0.0005898983835910526,0.0005905437733056448
20.55,0.0006646729998465162,1,0.0389108376870797,True,cbf_obstacle_0,6.452650197703565e-07,0.0005898691388909202,0.0005905144039106905
20.56,0.000671963000058895,1,0.03893057781843581,True,cbf_obstacle_0,6.451469247670611e-07,0.000589840320371274,0.000590485467296041
20.57,0.0006861420006316621,1,0.03895016823323861,True,cbf_obstacle_0,6.450217037665619e-07,0.0005898113679392424,0.000590456389643009
20.580000000000002,0.0007052619985188358,1,0.038969842112427475,True,cbf_obstacle_0,6.44902500215413e-07,0.0005897814692158614,0.0005904263717160769
20.59,0.0006837219989392906,1,0.038989359769360674,True,cbf_obstacle_0,6.447892254660663e-07,0.0005897535979469759,0.000590398387172442
20.6,0.0006528830017487053,1,0.039008812721246,True,cbf_obstacle_0,6.44666877427289e-07,0.0005897240537742918,0.000590368720651719
20.61,0.0006772730012016837,1,0.03902827447311935,True,cbf_obstacle_0,6.445410899553414e-07,0.0005896947684339219,0.0005903393095238773
20.62,0.0006778130009479355,1,0.03904774736711471,True,cbf_obstacle_0,6.444167106062324e-07,0.0005896650214673833,0.0005903094381779895
20.63,0.000674212999001611,1,0.03906712215899843,True,cbf_obstacle_0,6.443131667317304e-07,0.000589637060582797,0.0005902813737495287
20.64,0.0006943220032553654,1,0.03908652588978255,True,cbf_obstacle_0,6.441888360479355e-07,0.0005896072440261542,0.0005902514328622022
20.650000000000002,0.0006684330001007766,1,0.03910581533134848,True,cbf_obstacle_0,6.440634736223672e-07,0.0005895781890907824,0.0005902222525644048
20.66,0.0006689420006296132,1,0.03912510434200152,True,cbf_obstacle_0,6.43956641993742e-07,0.0005895493819317827,0.0005901933385737765
20.67,0.0006597029969270807,1,0.039144375826366345,True,cbf_obstacle_0,6.438416923559475e-07,0.0005895199356630263,0.0005901637773553822
20.68,0.0006715230010740925,1,0.03916351782567412,True,cbf_obstacle_0,6.437148379744612e-07,0.0005894914354708322,0.0005901351503088066
20.69,0.0006534319982165471,1,0.039182597250643963,True,cbf_obstacle_0,6.435982388187672e-07,0.0005894620672748814,0.0005901056655137002
20.7,0.0006724129998474382,1,0.03920169401157831,True,cbf_obstacle_0,6.435000145853576e-07,0.0005894332843606444,0.0005900767843752297
20.71,0.0006530030004796572,1,0.039220747638724136,True,cbf_obstacle_0,6.433847759465089e-07,0.0005894039839318343,0.0005900473687077808
20.72,0.0006671529990853742,1,0.039239607704773145,True,cbf_obstacle_0,6.432634936921382e-07,0.0005893752671527804,0.0005900185306464726
20.73,0.0006739830023434479,1,0.03925860067539609,True,cbf_obstacle_0,6.431561364186769e-07,0.0005893469079633632,0.0005899900640997819
20.740000000000002,0.0006764930003555492,1,0.03927763659441376,True,cbf_obstacle_0,6.430354943277662e-07,0.0005893177978800894,0.0005899608333744172
20.75,0.0006825229975220282,1,0.03929650889553475,True,cbf_obstacle_0,6.429174643084828e-07,0.0005892881796404688,0.0005899310971047773
20.76,0.0006527629993797746,1,0.039315194080396174,True,cbf_obstacle_0,6.42808692813486e-07,0.0005892595014556449,0.0005899023101484584
20.77,0.0006715330018778332,1,0.03933409263423646,True,cbf_obstacle_0,6.427089316587898e-07,0.000589230572160835,0.0005898732810924938
20.78,0.0006550119978783187,1,0.03935270549476413,True,cbf_obstacle_0,6.426020818671537e-07,0.000589201787519341,0.0005898443896012081
20.79,0.0006747229999746196,1,0.03937156604790625,True,cbf_obstacle_0,6.424909639398749e-07,0.0005891727324677932,0.0005898152234317331
20.8,0.0006582620007975493,1,0.03939019459957754,True,cbf_obstacle_0,6.423876539220479e-07,0.0005891447125068547,0.0005897871001607767
20.81,0.0006673229981970508,1,0.039408778812522124,True,cbf_obstacle_0,6.42294130645554e-07,0.0005891159463990936,0.0005897582405297392
20.82,0.0006809529986639973,1,0.039427358035647043,True,cbf_obstacle_0,6.421714516908974e-07,0.0005890863525070359,0.0005897285239587268
20.830000000000002,0.0006869520002510399,1,0.039445983518823696,True,cbf_obstacle_0,6.420610006317725e-07,0.0005890570786527172,0.000589699139653349
20.84,0.0009256999983335845,1,0.03946429106788607,True,cbf_obstacle_0,6.419489041507822e-07,0.000589028964647359,0.0005896709135515098
20.85,0.0007484320012736134,1,0.0394828307642195,True,cbf_obstacle_0,6.41867105047378e-07,0.0005890008583164218,0.0005896427254214692
20.86,0.0007208319984783884,1,0.039501278828597185,True,cbf_obstacle_0,6.41760435630283e-07,0.0005889709289781031,0.0005896126894137333
20.87,0.0006978630008234177,1,0.03951947652127731,True,cbf_obstacle_0,6.416441522348481e-07,0.0005889431671288883,0.0005895848112811231
20.88,0.0006848130033176858,1,0.03953788554889365,True,cbf_obstacle_0,6.415604839946111e-07,0.0005889142638437223,0.0005895558243277169
20.89,0.0006784019969927613,1,0.03955613549964706,True,cbf_obstacle_0,6.414442134655957e-07,0.0005888858383230419,0.0005895272825365075
20.900000000000002,0.0006884829999762587,1,0.03957432988043056,True,cbf_obstacle_0,6.413442920438735e-07,0.0005888568559010282,0.0005894982001930721
20.91,0.0007101720002538059,1,0.039592550074054704,True,cbf_obstacle_0,6.412418780033344e-07,0.0005888279428938762,0.0005894691847718796
20.92,0.0006718730001011863,1,0.039610590903487626,True,cbf_obstacle_0,6.411493935304364e-07,0.0005887991651242402,0.0005894403145177707
20.93,0.0006739919990650378,1,0.03962878677942367,True,cbf_obstacle_0,6.410275028357584e-07,0.0005887711118363331,0.0005894121393391689
20.94,0.0006552030026796274,1,0.039646978734225395,True,cbf_obstacle_0,6.40937590336808e-07,0.0005887424453062157,0.0005893833828965525
20.95,0.0006690529990009964,1,0.03966504729967396,True,cbf_obstacle_0,6.408348529397502e-07,0.0005887132160166558,0.0005893540508695955
20.96,0.0007084119970386382,1,0.03968294153402171,True,cbf_obstacle_0,6.407386062670532e-07,0.0005886848989701303,0.0005893256375763974
20.97,0.0006843320006737486,1,0.03970078923558036,True,cbf_obstacle_0,6.406515879255537e-07,0.0005886571519408015,0.0005892978035287271
20.98,0.000653923001664225,1,0.03971873826629572,True,cbf_obstacle_0,6.405491001083905e-07,0.0005886281131488642,0.0005892686622489726
20.990000000000002,0.0006736030009051319,1,0.03973655254009476,True,cbf_obstacle_0,6.404570062098768e-07,0.0005885998726191839,0.0005892403296253938
21.0,0.0006675430013274308,1,0.03975434730132712,True,cbf_obstacle_0,6.403519853324574e-07,0.0005885719555758056,0.0005892123075611381
21.01,0.0007034519985609222,1,0.03977211145925656,True,cbf_obstacle_0,6.402562804537604e-07,0.0005885431390874695,0.0005891833953679233
21.02,0.0007753220015729312,1,0.03978990585051742,True,cbf_obstacle_0,6.401683715624791e-07,0.0005885148109122506,0.000589154979283813
21.03,0.0007673109976167325,1,0.03980763142335964,True,cbf_obstacle_0,6.400546714318208e-07,0.0005884857824838625,0.0005891258371552943
21.04,0.0007120230002328753,1,0.039825210297913534,True,cbf_obstacle_0,6.399697651047434e-07,0.0005884573927795406,0.0005890973625446454
21.05,0.0007170319986471441,1,0.03984292119760539,True,cbf_obstacle_0,6.398700772945658e-07,0.0005884291790243463,0.0005890690491016408
21.06,0.0007090319995768368,1,0.03986053968146139,True,cbf_obstacle_0,6.397865684345233e-07,0.0005884002842019716,0.0005890400707704061
21.07,0.0006922729990037624,1,0.03987802500196007,True,cbf_obstacle_0,6.39691948802316e-07,0.0005883730996596488,0.0005890127916084511
21.080000000000002,0.0007420719994115643,1,0.03989552555951066,True,cbf_obstacle_0,6.396060101308118e-07,0.0005883437340379075,0.0005889833400480383
21.09,0.0007573219991172664,1,0.039912963940003966,True,cbf_obstacle_0,6.395140500886215e-07,0.0005883163668892237,0.0005889558809393123
21.1,0.0007203819986898452,1,0.039930371629274805,True,cbf_obstacle_0,6.394082889158828e-07,0.0005882868596466117,0.0005889262679355276
21.11,0.000692473000526661,1,0.03994771785717081,True,cbf_obstacle_0,6.393278941420645e-07,0.0005882590979122472,0.0005888984258063892
21.12,0.0006693030009046197,1,0.03996495784308188,True,cbf_obstacle_0,6.392305338822961e-07,0.0005882307168236251,0.0005888699473575074
21.13,0.000684773000102723,1,0.03998235440696953,True,cbf_obstacle_0,6.391430910706235e-07,0.0005882032121342711,0.0005888423552253418
21.14,0.0006637930018769111,1,0.03999957734583987,True,cbf_obstacle_0,6.390498756512292e-07,0.0005881741736684803,0.0005888132235441315
21.150000000000002,0.0006873530001030304,1,0.04001690069830666,True,cbf_obstacle_0,6.389577422122539e-07,0.0005881465947504337,0.0005887855524926459
21.16,0.0006751929977326654,1,0.04003395793218673,True,cbf_obstacle_0,6.388742785858195e-07,0.0005881188716000864,0.0005887577458786722
21.17,0.0006702120008412749,1,0.04005104280269534,True,cbf_obstacle_0,6.3878235646202e-07,0.0005880898543957216,0.0005887286367521836
21.18,0.0006726620013068896,1,0.04006821818608145,True,cbf_obstacle_0,6.387075401209146e-07,0.0005880622957635515,0.0005887010033036725
21.19,0.000674631999572739,1,0.0400851857412352,True,cbf_obstacle_0,6.386194826958214e-07,0.0005880342600155727,0.0005886728794982685
21.2,0.0006721030003973283,1,0.04010211618362856,True,cbf_obstacle_0,6.385206085763994e-07,0.0005880055586438308,0.0005886440792524072
21.21,0.0006657929989160039,1,0.040119169380773985,True,cbf_obstacle_0,6.38442348349532e-07,0.0005879780739449346,0.0005886165162932841
21.22,0.0006725620005454402,1,0.04013610799846423,True,cbf_obstacle_0,6.38350819366001e-07,0.0005879499598412607,0.0005885883106606267
21.23,0.000656252999760909,1,0.04015298227028832,True,cbf_obstacle_0,6.382669042675283e-07,0.0005879221874429514,0.0005885604543472189
21.240000000000002,0.0006772130000172183,1,0.04016989686589811,True,cbf_obstacle_0,6.38185500956113e-07,0.0005878935383818219,0.000588531723882778
21.25,0.0006557130000146572,1,0.04018663451629068,True,cbf_obstacle_0,6.380839902099097e-07,0.0005878656102876172,0.0005885036942778272
21.26,0.0006708430009894073,1,0.0402033952286353,True,cbf_obstacle_0,6.380153672732263e-07,0.0005878378279632745,0.0005884758433305477
21.27,0.0006658519996562973,1,0.040220203406010624,True,cbf_obstacle_0,6.379351460712626e-07,0.0005878102656769019,0.0005884482008229733
21.28,0.0006700129997625481,1,0.04023683850992441,True,cbf_obstacle_0,6.378473656570557e-07,0.0005877822720300234,0.0005884201193956805
21.29,0.0006532229999720585,1,0.04025336422981643,True,cbf_obstacle_0,6.377679077030199e-07,0.0005877546729162882,0.0005883924408239912
21.3,0.0006711930000165012,1,0.04027015358956984,True,cbf_obstacle_0,6.376765943817303e-07,0.0005877257311188691,0.0005883634077132508
21.31,0.000680843000736786,1,0.04028673557641801,True,cbf_obstacle_0,6.375957413808597e-07,0.0005876986731170927,0.0005883362688584735
21.32,0.0006556529988301918,1,0.04030334228253791,True,cbf_obstacle_0,6.375375200441194e-07,0.0005876706444465194,0.0005883081819665635
21.330000000000002,0.0006889619980938733,1,0.040319698698107365,True,cbf_obstacle_0,6.374355105331415e-07,0.0005876422703200046,0.0005882797058305378
21.34,0.0006643930028076284,1,0.04033614877968172,True,cbf_obstacle_0,6.373598688510897e-07,0.0005876152590779024,0.0005882526189467535
21.35,0.0006971129987505265,1,0.04035262288074313,True,cbf_obstacle_0,6.372809031047958e-07,0.0005875870112500642,0.000588224292153169
21.36,0.0006548929995915387,1,0.04036896628292545,True,cbf_obstacle_0,6.372058080586734e-07,0.0005875596006452607,0.0005881968064533194
21.37,0.0006733530026394874,1,0.040385335653635654,True,cbf_obstacle_0,6.371300726946364e-07,0.0005875321872599065,0.0005881693173326011
21.38,0.0006713119983032811,1,0.04040160337613395,True,cbf_obstacle_0,6.370236405274364e-07,0.0005875042681972952,0.0005881412918378226
21.39,0.0006992929993430153,1,0.04041788967191031,True,cbf_obstacle_0,6.36969757327359e-07,0.0005874766422318549,0.0005881136119891822
21.400000000000002,0.0006732330002705567,1,0.0404340217684039,True,cbf_obstacle_0,6.368756855325962e-07,0.0005874493969947604,0.000588086272680293
21.41,0.000657702999887988,1,0.04045033618432555,True,cbf_obstacle_0,6.368010920677186e-07,0.0005874210992525334,0.0005880579003446011
21.42,0.0006847629992989823,1,0.04046654967260938,True,cbf_obstacle_0,6.367268489919803e-07,0.0005873942380068254,0.0005880309648558173
21.43,0.0006532730003527831,1,0.040482563618550044,True,cbf_obstacle_0,6.366455805442663e-07,0.0005873657734420015,0.0005880024190225457
21.44,0.0006932520009286236,1,0.040498687457354327,True,cbf_obstacle_0,6.365785145917714e-07,0.0005873386296385048,0.0005879752081530966
21.45,0.0006741629986208864,1,0.040514651258810375,True,cbf_obstacle_0,6.365066155429406e-07,0.0005873108629303783,0.0005879473695459212
21.46,0.0006884719987283461,1,0.040530571038698456,True,cbf_obstacle_0,6.364242728066049e-07,0.0005872844501300199,0.0005879208744028265
21.47,0.0009195800012093969,1,0.040546468379423654,True,cbf_obstacle_0,6.363398950248534e-07,0.0005872562105754592,0.000587892550470484
21.48,0.000728012000763556,1,0.04056256625562038,True,cbf_obstacle_0,6.36274554511343e-07,0.0005872287703012272,0.0005878650448557385
21.490000000000002,0.0006849829987913836,1,0.040578454100525504,True,cbf_obstacle_0,6.36191864022364e-07,0.0005872010826082525,0.0005878372744722748
21.5,0.0007153620026656426,1,0.040594385908451096,True,cbf_obstacle_0,6.361212190196672e-07,0.0005871746345063946,0.0005878107557254142
21.51,0.0006955320022825617,1,0.04061002355373552,True,cbf_obstacle_0,6.360379041618361e-07,0.0005871466377192135,0.0005877826756233753
21.52,0.0006727319996571168,1,0.040625792747516404,True,cbf_obstacle_0,6.359734199895357e-07,0.0005871198297100358,0.0005877558031300253
21.53,0.0006997919990681112,1,0.04064161236776902,True,cbf_obstacle_0,6.358909982352481e-07,0.0005870920507624281,0.0005877279417606634
21.54,0.0006606520000786986,1,0.04065732865665293,True,cbf_obstacle_0,6.358244481167916e-07,0.00058706472248202,0.0005877005469301368
21.55,0.0006793519969505724,1,0.040672807755010476,True,cbf_obstacle_0,6.357575636894146e-07,0.0005870380937647518,0.0005876738513284413
21.56,0.0007186820002971217,1,0.04068861446914619,True,cbf_obstacle_0,6.35690984950604e-07,0.0005870110382994103,0.0005876467292843609
21.57,0.000678292999509722,1,0.040704007733948666,True,cbf_obstacle_0,6.356135040748119e-07,0.0005869838137994438,0.0005876194273035186
21.580000000000002,0.0006710829984513111,1,0.04071973306682005,True,cbf_obstacle_0,6.355352087858238e-07,0.000586956249786531,0.0005875917849953168
21.59,0.0006585030023416039,1,0.04073522039833309,True,cbf_obstacle_0,6.354686425344005e-07,0.0005869294082675459,0.0005875648769100803
21.6,0.0006705529995088,1,0.04075063691693151,True,cbf_obstacle_0,6.353854112649408e-07,0.000586901682902278,0.000587537068313543
21.61,0.0006894329999340698,1,0.04076598676449074,True,cbf_obstacle_0,6.35319657716051e-07,0.0005868743247461483,0.0005875096444038643
21.62,0.0006788829996366985,1,0.04078147629879568,True,cbf_obstacle_0,6.35259163724985e-07,0.0005868482768460416,0.0005874835360097666
21.63,0.000663692997477483,1,0.04079690989880381,True,cbf_obstacle_0,6.351855035394583e-07,0.0005868201008854767,0.0005874552863890161
21.64,0.0009321300021838397,1,0.040812222493599656,True,cbf_obstacle_0,6.351218925071639e-07,0.0005867936299239637,0.0005874287518164709
21.650000000000002,0.0008926400005293544,1,0.04082745564935872,True,cbf_obstacle_0,6.35052852665434e-07,0.0005867674202409312,0.0005874024730935966
21.66,0.0007699109992245212,1,0.04084260899514515,True,cbf_obstacle_0,6.349911144878217e-07,0.0005867394088229591,0.0005873743999374469
21.67,0.0007410319994960446,1,0.040857981336195975,True,cbf_obstacle_0,6.349252196051879e-07,0.0005867133509689,0.0005873482761885051
21.68,0.0006906430025992449,1,0.04087299946427215,True,cbf_obstacle_0,6.348408951392845e-07,0.0005866861361660429,0.0005873209770611822
21.69,0.0007043020013952628,1,0.040888299510894795,True,cbf_obstacle_0,6.347705880284297e-07,0.0005866593648360341,0.0005872941354240625
21.7,0.0006938930018804967,1,0.0409033951533586,True,cbf_obstacle_0,6.347077673731107e-07,0.0005866323304013978,0.0005872670381687709
21.71,0.0006695429983665235,1,0.04091849176745617,True,cbf_obstacle_0,6.34648215275693e-07,0.0005866056224379642,0.0005872402706532399
21.72,0.0006769819992769044,1,0.04093339733606289,True,cbf_obstacle_0,6.345588016027924e-07,0.0005865781276384617,0.0005872126864400644
21.73,0.0006754219975846354,1,0.04094846486401929,True,cbf_obstacle_0,6.344921011731876e-07,0.0005865517735928114,0.0005871862656939846
21.740000000000002,0.0006845030002295971,1,0.0409634402970721,True,cbf_obstacle_0,6.34443382882423e-07,0.0005865259388600506,0.000587160382242933
21.75,0.000680851997458376,1,0.04097828875783825,True,cbf_obstacle_0,6.34379937494157e-07,0.0005864992273541154,0.0005871336072916096
21.76,0.0006578030006494373,1,0.04099310894466694,True,cbf_obstacle_0,6.343126892964736e-07,0.0005864716406649449,0.0005871059533542413
21.77,0.0006782620002923068,1,0.04100816280209028,True,cbf_obstacle_0,6.342454436342063e-07,0.0005864449685986485,0.0005870792140422827
21.78,0.0007093230015016161,1,0.04102291920298852,True,cbf_obstacle_0,6.341863161841563e-07,0.0005864190773900397,0.0005870532637062239
21.79,0.000845031001517782,1,0.04103765480293116,True,cbf_obstacle_0,6.341193102889479e-07,0.0005863923561176971,0.0005870264754279861
21.8,0.0007531019982707221,1,0.0410524810989341,True,cbf_obstacle_0,6.340562205747357e-07,0.0005863656722294834,0.0005869997284500581
21.81,0.0007283320010174066,1,0.04106716075794084,True,cbf_obstacle_0,6.340087879601869e-07,0.0005863394453392574,0.0005869734541272176
21.82,0.0006763119999959599,1,0.041081788755680984,True,cbf_obstacle_0,6.339128385291912e-07,0.0005863123758245034,0.0005869462886630326
21.830000000000002,0.0006942629988770932,1,0.04109644642960361,True,cbf_obstacle_0,6.338648593238915e-07,0.0005862865837349696,0.0005869204485942935
21.84,0.0006727330001012888,1,0.041111150747482825,True,cbf_obstacle_0,6.338109800714989e-07,0.0005862596492803412,0.0005868934602604127
21.85,0.000682032998156501,1,0.04112551666421921,True,cbf_obstacle_0,6.337530945758983e-07,0.0005862337503399992,0.0005868675034345752
21.86,0.0006923429973539896,1,0.04114003379226965,True,cbf_obstacle_0,6.336745017086454e-07,0.0005862064380853407,0.0005868401125870493
21.87,0.0006604029986192472,1,0.04115458067340679,True,cbf_obstacle_0,6.336185774333026e-07,0.0005861804397350971,0.0005868140583125304
21.88,0.000689192002027994,1,0.04116905972210061,True,cbf_obstacle_0,6.335577485775461e-07,0.0005861537969478139,0.0005867873546963915
21.89,0.0006569629986188374,1,0.04118352457643985,True,cbf_obstacle_0,6.334905498436958e-07,0.0005861271252900405,0.0005867606158398842
21.900000000000002,0.0006901419983478263,1,0.04119782922416645,True,cbf_obstacle_0,6.334407552284833e-07,0.0005861011703606343,0.0005867346111158629
21.91,0.000653773000522051,1,0.04121232138846835,True,cbf_obstacle_0,6.333816959062411e-07,0.000586074980227151,0.0005867083619230572
21.92,0.0006814029984525405,1,0.041226559947632024,True,cbf_obstacle_0,6.333114199422925e-07,0.0005860493916632075,0.0005866827030831498
21.93,0.0006621430002269335,1,0.04124081993657463,True,cbf_obstacle_0,6.332392113881607e-07,0.0005860229274528935,0.0005866561666642817
21.94,0.0006714930023008492,1,0.04125513686445114,True,cbf_obstacle_0,6.331926405175322e-07,0.0005859963951260823,0.0005866295877665999
21.95,0.0006705829982820433,1,0.04126938297102454,True,cbf_obstacle_0,6.331295602055389e-07,0.0005859702745070205,0.0005866034040672261
21.96,0.000669142998958705,1,0.04128349993259342,True,cbf_obstacle_0,6.330695554211317e-07,0.0005859444794205583,0.0005865775489759794
21.97,0.0006940929997654166,1,0.04129762757232666,True,cbf_obstacle_0,6.330109654487393e-07,0.0005859190307052471,0.0005865520416706958
21.98,0.0006624820016440935,1,0.04131189949903962,True,cbf_obstacle_0,6.329503090736221e-07,0.0005858922293913415,0.0005865251797004151
21.990000000000002,0.0006742630030203145,1,0.04132596678670645,True,cbf_obstacle_0,6.328893699854776e-07,0.0005858658443762505,0.000586498733746236
22.0,0.0006685330008622259,1,0.04133984220720992,True,cbf_obstacle_0,6.328338320346688e-07,0.0005858402674740093,0.000586473101306044
22.01,0.0006923420005477965,1,0.041353875432408274,True,cbf_obstacle_0,6.327811175322413e-07,0.0005858145658358884,0.0005864473469534207
22.02,0.0006545830001414288,1,0.04136797759807418,True,cbf_obstacle_0,6.327206691138182e-07,0.0005857886993722599,0.0005864214200413737
22.03,0.0006793630018364638,1,0.04138182518291391,True,cbf_obstacle_0,6.326698495388294e-07,0.000585762414510506,0.0005863950843600449
22.04,0.000679701999615645,1,0.04139574840106258,True,cbf_obstacle_0,6.326235477690673e-07,0.0005857374410485692,0.0005863700645963383
22.05,0.0006817120010964572,1,0.04140962573902789,True,cbf_obstacle_0,6.325583357583721e-07,0.0005857115417478482,0.0005863441000836066
22.06,0.000679703000059817,1,0.04142345253949241,True,cbf_obstacle_0,6.324907686414868e-07,0.0005856846931091348,0.0005863171838777763
22.07,0.0006651829971815459,1,0.04143729242211074,True,cbf_obstacle_0,6.324300850622424e-07,0.0005856592081221789,0.0005862916382072411
22.080000000000002,0.0006819030022597872,1,0.04145105249319344,True,cbf_obstacle_0,6.323774603060734e-07,0.0005856339102311481,0.0005862662876914541
22.09,0.0006569430006493349,1,0.041464806063090054,True,cbf_obstacle_0,6.32326525863478e-07,0.0005856077543728584,0.0005862400808987219
22.1,0.0006886129995109513,1,0.0414787021194907,True,cbf_obstacle_0,6.322644010532301e-07,0.0005855814225885238,0.000586213686989577
22.11,0.0006711019996146206,1,0.041492154065989245,True,cbf_obstacle_0,6.322116682978473e-07,0.0005855562649759325,0.0005861884766442303
22.12,0.0006660029976046644,1,0.041505942859982714,True,cbf_obstacle_0,6.32162802376045e-07,0.000585531681872982,0.0005861638446753581
22.13,0.0006702330028929282,1,0.04151956523209404,True,cbf_obstacle_0,6.321179668680523e-07,0.0005855053744828722,0.0005861374924497402
22.14,0.0006660830003966112,1,0.04153307242556198,True,cbf_obstacle_0,6.320415426504152e-07,0.00058547924932723,0.0005861112908698803
22.150000000000002,0.0006729419983457774,1,0.041546604936497575,True,cbf_obstacle_0,6.319950242480106e-07,0.0005854544848448143,0.0005860864798690622
22.16,0.0008252819970948622,1,0.041560183672769924,True,cbf_obstacle_0,6.319343014629868e-07,0.0005854286106372473,0.0005860605449387103
22.17,0.0007599519994982984,1,0.04157363141403119,True,cbf_obstacle_0,6.318881644248487e-07,0.0005854031841553704,0.0005860350723197953
22.18,0.0007410420002997853,1,0.04158713675578707,True,cbf_obstacle_0,6.318342207804027e-07,0.0005853778334923281,0.0005860096677131085
22.19,0.0007227819987747353,1,0.0416004336586885,True,cbf_obstacle_0,6.317711391885841e-07,0.0005853519298330189,0.0005859837009722075
22.2,0.0007340119991567917,1,0.041613783124821835,True,cbf_obstacle_0,6.317376884699801e-07,0.000585327157894082,0.0005859588955825519
22.21,0.0007377119982265867,1,0.041627228274828273,True,cbf_obstacle_0,6.316939970374756e-07,0.0005853024086471919,0.0005859341026442294
22.22,0.0007254830015881453,1,0.04164059280939543,True,cbf_obstacle_0,6.316159412932345e-07,0.0005852766924142409,0.0005859083083555341
22.23,0.0007598020019941032,1,0.04165384123845852,True,cbf_obstacle_0,6.315828761995498e-07,0.0005852516622549972,0.0005858832451311967
22.240000000000002,0.0007251019997056574,1,0.04166701583211629,True,cbf_obstacle_0,6.315243146259151e-07,0.0005852254889684598,0.0005858570132830857
22.25,0.0007267419969139155,1,0.04168024821228908,True,cbf_obstacle_0,6.31474787506638e-07,0.0005852005378442253,0.000585832012631732
22.26,0.0007255820019054227,1,0.04169345630705744,True,cbf_obstacle_0,6.314211226930759e-07,0.0005851758513787684,0.0005858072725014615
22.27,0.0007180219981819391,1,0.0417066135374055,True,cbf_obstacle_0,6.31367123988013e-07,0.0005851502258836962,0.0005857815930076841
22.28,0.0007541220002167393,1,0.041719688306739736,True,cbf_obstacle_0,6.313060630435104e-07,0.0005851249182284372,0.0005857562242914807
22.29,0.0007696719985688105,1,0.041732809797283964,True,cbf_obstacle_0,6.312551716307942e-07,0.000585099674096041,0.0005857309292676717
22.3,0.0007410620019072667,1,0.04174588334568924,True,cbf_obstacle_0,6.312104324948507e-07,0.0005850746360618406,0.0005857058464943354
22.31,0.0007513720011047553,1,0.04175885160074883,True,cbf_obstacle_0,6.311606421276952e-07,0.000585050089613423,0.0005856812502555507
22.32,0.0007196020014816895,1,0.041771873667864175,True,cbf_obstacle_0,6.31114932777493e-07,0.0005850253856647115,0.000585656500597489
22.330000000000002,0.0007287320004252251,1,0.04178490174494657,True,cbf_obstacle_0,6.31058475160843e-07,0.0005849997706348474,0.0005856308291100083
22.34,0.0007459219996235333,1,0.04179770404365328,True,cbf_obstacle_0,6.3101316475319e-07,0.000584974696604967,0.0005856057097697202
22.35,0.0007324319994950201,1,0.041810628178608984,True,cbf_obstacle_0,6.309552388760704e-07,0.0005849495926656427,0.0005855805479045188
22.36,0.0007179230015026405,1,0.041823424992295744,True,cbf_obstacle_0,6.309183756029756e-07,0.0005849260495427919,0.0005855569679183948
22.37,0.0007300720026250929,1,0.04183618385855911,True,cbf_obstacle_0,6.308828163172168e-07,0.0005849016086912535,0.0005855324915075707
22.38,0.0007353020009759348,1,0.0418491554352535,True,cbf_obstacle_0,6.308081254779993e-07,0.0005848755229878152,0.0005855063311132932
22.39,0.0007276020005519968,1,0.04186192715077545,True,cbf_obstacle_0,6.3076751559747e-07,0.0005848513040794803,0.0005854820715950778
22.400000000000002,0.0007403119998343755,1,0.041874638329189216,True,cbf_obstacle_0,6.307065835286867e-07,0.000584826027070721,0.0005854567336542497
22.41,0.0006989429966779426,1,0.04188734225080027,True,cbf_obstacle_0,6.30668801278679e-07,0.0005848010060863352,0.0005854316748876139
22.42,0.0007170620010583661,1,0.04189990134458123,True,cbf_obstacle_0,6.306205326532126e-07,0.0005847775878780847,0.0005854082084107379
22.43,0.0007119520014384761,1,0.04191250210660799,True,cbf_obstacle_0,6.305825822805308e-07,0.0005847531439571221,0.0005853837265394026
22.44,0.0006983620005485136,1,0.04192517729183841,True,cbf_obstacle_0,6.30522378968189e-07,0.000584727226900958,0.0005853577492799262
22.45,0.000702122000802774,1,0.041937825975981585,True,cbf_obstacle_0,6.304879956339724e-07,0.0005847029556344474,0.0005853334436300814
22.46,0.0007128420002118219,1,0.0419504355196334,True,cbf_obstacle_0,6.304348600258204e-07,0.0005846788074574408,0.0005853092423174667
22.47,0.0007070920000842307,1,0.04196278476766377,True,cbf_obstacle_0,6.30370663654468e-07,0.0005846542269250012,0.0005852845975886557
22.48,0.0007079429997247644,1,0.041975378078456645,True,cbf_obstacle_0,6.303514626994442e-07,0.0005846303630520507,0.0005852607145147502
22.490000000000002,0.0006918130020494573,1,0.0419878059229243,True,cbf_obstacle_0,6.302927076350966e-07,0.000584605820580931,0.0005852361132885661
22.5,0.0007852509988879319,1,0.04200020273283225,True,cbf_obstacle_0,6.302432126011259e-07,0.0005845801448807101,0.0005852103880933112
22.51,0.0009120499998971354,1,0.0420126663681385,True,cbf_obstacle_0,6.301885650542758e-07,0.0005845570273578116,0.0005851872159228659
22.52,0.0008015919993340503,1,0.04202488866937473,True,cbf_obstacle_0,6.301515473386801e-07,0.0005845319625253593,0.000585162114072698
22.53,0.0007543220017396379,1,0.04203730445689715,True,cbf_obstacle_0,6.301090944111761e-07,0.000584507906769578,0.0005851380158639892
22.54,0.0007579720004287083,1,0.04204954993349187,True,cbf_obstacle_0,6.300509130885439e-07,0.0005844832743258627,0.0005851133252389513
22.55,0.0007347719983954448,1,0.04206185755376991,True,cbf_obstacle_0,6.300096562183991e-07,0.0005844597567887369,0.0005850897664449553
22.56,0.00073774199699983,1,0.04207416497287177,True,cbf_obstacle_0,6.299672764393662e-07,0.0005844350794472246,0.000585065046723664
22.57,0.0007412520026264247,1,0.04208642307732339,True,cbf_obstacle_0,6.299218069177775e-07,0.0005844107675993549,0.0005850406894062726
22.580000000000002,0.0007367019970843103,1,0.04209858793682827,True,cbf_obstacle_0,6.298738550227213e-07,0.0005843866681015607,0.0005850165419565834
22.59,0.0007416519983962644,1,0.04211062090148003,True,cbf_obstacle_0,6.298420898536453e-07,0.0005843629581046349,0.0005849928001944885
22.6,0.0007196420010586735,1,0.04212285848621538,True,cbf_obstacle_0,6.297972524292758e-07,0.0005843391519057022,0.0005849689491581315
22.61,0.0007437419990310445,1,0.04213484730908675,True,cbf_obstacle_0,6.297484618456585e-07,0.000584314515596598,0.0005849442640584437
22.62,0.0007266620013979264,1,0.04214691569249901,True,cbf_obstacle_0,6.297117401053349e-07,0.0005842911643426736,0.000584920876082779
22.63,0.0007413919993268792,1,0.04215885519037302,True,cbf_obstacle_0,6.296593237834476e-07,0.0005842669889451539,0.0005848966482689373
22.64,0.000755122000555275,1,0.04217097559703766,True,cbf_obstacle_0,6.296109070380856e-07,0.000584242553899667,0.0005848721648067051
22.650000000000002,0.0010570390004431829,1,0.04218291860341422,True,cbf_obstacle_0,6.295804578130775e-07,0.0005842186529657158,0.0005848482334235289
22.66,0.0008518110007571522,1,0.042194882343057516,True,cbf_obstacle_0,6.295311947684625e-07,0.0005841946862057196,0.0005848242174004881
22.67,0.0011627169988059904,1,0.042206834665208456,True,cbf_obstacle_0,6.294938759106019e-07,0.0005841711081955594,0.00058480060207147
22.68,0.0016253319990937598,1,0.04221859906314627,True,cbf_obstacle_0,6.294433769596121e-07,0.0005841478179476499,0.0005847772613246095
22.69,0.0014548640028806403,1,0.042230491016016565,True,cbf_obstacle_0,6.293994663009134e-07,0.0005841233655465214,0.0005847527650128223
22.7,0.0010703690022637602,1,0.042242391443769185,True,cbf_obstacle_0,6.293618147253664e-07,0.0005841000522538096,0.000584729414068535
22.71,0.0009848990011960268,1,0.04225412557713694,True,cbf_obstacle_0,6.293169646339273e-07,0.0005840759384981438,0.0005847052554627777
22.72,0.0007899609991000034,1,0.04226596225353622,True,cbf_obstacle_0,6.292590144543621e-07,0.0005840519195264321,0.0005846811785408865
22.73,0.000734722001652699,1,0.04227767998874562,True,cbf_obstacle_0,6.292410683074077e-07,0.0005840293359361633,0.0005846585770044707
22.740000000000002,0.0007371419997070916,1,0.04228932257965164,True,cbf_obstacle_0,6.29184141380651e-07,0.0005840058114886337,0.0005846349956300144
22.75,0.000713293000444537,1,0.04230107949694977,True,cbf_obstacle_0,6.291514395850755e-07,0.000583982251511779,0.0005846114029513641
22.76,0.0007146419993659947,1,0.04231273875020662,True,cbf_obstacle_0,6.291039051902968e-07,0.0005839578405626437,0.0005845869444678339
22.77,0.0007047819999570493,1,0.04232431381351663,True,cbf_obstacle_0,6.290742341875025e-07,0.0005839348728193273,0.0005845639470535148
22.78,0.0006786630001442973,1,0.04233584285709878,True,cbf_obstacle_0,6.290140093988774e-07,0.0005839107749807668,0.0005845397889901658
22.79,0.0007051020002108999,1,0.042347366146345024,True,cbf_obstacle_0,6.289941847347958e-07,0.0005838882265956654,0.0005845172207804001
22.8,0.0006740129974787124,1,0.04235888606780642,True,cbf_obstacle_0,6.289386745209883e-07,0.0005838644522571241,0.0005844933909316451
22.81,0.0006891019984323066,1,0.04237041946337956,True,cbf_obstacle_0,6.289049613520496e-07,0.0005838408390443444,0.0005844697440056965
22.82,0.0006772529995942023,1,0.04238195468608133,True,cbf_obstacle_0,6.288420209690302e-07,0.0005838170818842595,0.0005844459239052285
22.830000000000002,0.0006713130023854319,1,0.042393353036811084,True,cbf_obstacle_0,6.288293650336282e-07,0.0005837952225777713,0.0005844240519428049
22.84,0.0006817819994466845,1,0.04240473882120658,True,cbf_obstacle_0,6.287744598788951e-07,0.0005837709022001909,0.0005843996766600698
22.85,0.0006787230013287626,1,0.04241611897792593,True,cbf_obstacle_0,6.287350398960599e-07,0.0005837480963147824,0.0005843768313546784
22.86,0.0006728830012434628,1,0.042427505011896544,True,cbf_obstacle_0,6.287132079536691e-07,0.0005837253212917959,0.0005843540344997496
22.87,0.0006668230016657617,1,0.04243897328210202,True,cbf_obstacle_0,6.286592216854151e-07,0.0005837012352745731,0.0005843298944962585
22.88,0.0006741629986208864,1,0.042450159651839334,True,cbf_obstacle_0,6.286141445950671e-07,0.0005836788562865016,0.0005843074704310967
22.89,0.000677912998071406,1,0.04246133976308145,True,cbf_obstacle_0,6.285830631439892e-07,0.0005836558077299204,0.0005842843907930644
22.900000000000002,0.0006701229976897594,1,0.042472530905014814,True,cbf_obstacle_0,6.285409097210885e-07,0.0005836325444460311,0.0005842610853557522
22.91,0.0006759419993613847,1,0.04248387720096166,True,cbf_obstacle_0,6.285110778158551e-07,0.0005836102915283373,0.0005842388026061531
22.92,0.0006643029992119409,1,0.04249500010867878,True,cbf_obstacle_0,6.284679604886352e-07,0.0005835861668712311,0.0005842146348317197
22.93,0.0006765329999325331,1,0.042506150743413164,True,cbf_obstacle_0,6.284359449948867e-07,0.000583563400922858,0.0005841918368678529
22.94,0.0006844319977972191,1,0.04251737350925266,True,cbf_obstacle_0,6.283900136954834e-07,0.0005835405689459869,0.0005841689589596824
22.95,0.0006714030023431405,1,0.042528556225210914,True,cbf_obstacle_0,6.283533498172668e-07,0.0005835178883712622,0.0005841462417210795
22.96,0.000714711997716222,1,0.04253950044634606,True,cbf_obstacle_0,6.283063611307155e-07,0.0005834946274106901,0.0005841229337718208
22.97,0.0006652829979429953,1,0.04255064627209225,True,cbf_obstacle_0,6.282769143294644e-07,0.0005834721898173449,0.0005841004667316744
22.98,0.00069186200198601,1,0.042561664547905574,True,cbf_obstacle_0,6.282351779735028e-07,0.0005834490196305665,0.00058407725480854
22.990000000000002,0.0006607430004805792,1,0.04257260331767279,True,cbf_obstacle_0,6.28208601196961e-07,0.0005834272021869957,0.0005840554107881927
23.0,0.0007285720021172892,1,0.04258364096927095,True,cbf_obstacle_0,6.281654432367945e-07,0.0005834041027433707,0.0005840322681866075
23.01,0.0009431699982087594,1,0.0425945404638058,True,cbf_obstacle_0,6.281313622468067e-07,0.0005833813038427568,0.0005840094352050037
23.02,0.0007871310008340515,1,0.04260526872139081,True,cbf_obstacle_0,6.280957113197794e-07,0.0005833590181229957,0.0005839871138343155
23.03,0.0007234719996631611,1,0.04261629753863438,True,cbf_obstacle_0,6.280499570083952e-07,0.0005833363486651839,0.0005839643986221923
23.04,0.0007266619977599476,1,0.04262723562042789,True,cbf_obstacle_0,6.280293858386537e-07,0.000583313828274954,0.0005839418576607926
23.05,0.0007280320023710374,1,0.04263799225939497,True,cbf_obstacle_0,6.27979568195495e-07,0.0005832919547453778,0.0005839199343135732
23.06,0.0007005529987509362,1,0.04264874736234349,True,cbf_obstacle_0,6.279385635411639e-07,0.0005832687144878648,0.0005838966530514059
23.07,0.0006834720006736461,1,0.042659415195975894,True,cbf_obstacle_0,6.279160665105425e-07,0.0005832458838757991,0.0005838737999423096
23.080000000000002,0.0006688829998893198,1,0.04267022298048777,True,cbf_obstacle_0,6.278582231196792e-07,0.0005832240288453124,0.0005838518870684321
23.09,0.0006794330001866911,1,0.04268092354493983,True,cbf_obstacle_0,6.2783024131518e-07,0.0005832012679521704,0.0005838290981934856
23.1,0.000674292998155579,1,0.042691808772282513,True,cbf_obstacle_0,6.277929457297554e-07,0.000583179505422076,0.0005838072983678058
23.11,0.0006744530001014937,1,0.04270240973203216,True,cbf_obstacle_0,6.277533992971975e-07,0.0005831571036149734,0.0005837848570142706
23.12,0.0006581119996553753,1,0.0427130182208606,True,cbf_obstacle_0,6.277248551402731e-07,0.0005831348623992409,0.0005837625872543812
23.13,0.0006696130003547296,1,0.042723546843510436,True,cbf_obstacle_0,6.276967485983876e-07,0.000583112752860719,0.0005837404496093174
23.14,0.0006787220008845907,1,0.0427341904590082,True,cbf_obstacle_0,6.276351322018175e-07,0.0005830893093731843,0.0005837169445053861
23.150000000000002,0.0006724820013914723,1,0.04274475093614782,True,cbf_obstacle_0,6.276108168399227e-07,0.0005830674321869767,0.0005836950430038166
23.16,0.0006752330009476282,1,0.0427552891687761,True,cbf_obstacle_0,6.275762622615066e-07,0.000583045791507511,0.0005836733677697726
23.17,0.0006704330007778481,1,0.04276586996376761,True,cbf_obstacle_0,6.275324379640255e-07,0.0005830240092085311,0.0005836515416464952
23.18,0.0006732830006512813,1,0.042776316182473156,True,cbf_obstacle_0,6.275032937956645e-07,0.0005830013257008301,0.0005836288289946258
23.19,0.0006660729995928705,1,0.042786707135509534,True,cbf_obstacle_0,6.27470037891276e-07,0.0005829801965785043,0.0005836076666163956
23.2,0.0006700230005662888,1,0.04279705054739335,True,cbf_obstacle_0,6.27452498625631e-07,0.0005829579773151982,0.0005835854298138238
23.21,0.0006814730004407465,1,0.0428075400175567,True,cbf_obstacle_0,6.274134715358425e-07,0.0005829356201694701,0.0005835630336410059
23.22,0.0006765119978808798,1,0.04281787762437489,True,cbf_obstacle_0,6.273653129533358e-07,0.0005829133880896492,0.0005835407534026025
23.23,0.0006983619969105348,1,0.04282817026923572,True,cbf_obstacle_0,6.27347802769669e-07,0.000582892772338736,0.0005835201201415057
23.240000000000002,0.0006826219978393055,1,0.04283849937270001,True,cbf_obstacle_0,6.273057317365277e-07,0.0005828708740945919,0.0005834981798263284
23.25,0.000664151997625595,1,0.04284888472782914,True,cbf_obstacle_0,6.272698791582118e-07,0.0005828490895134304,0.0005834763593925886
23.26,0.0006785830009903293,1,0.04285920198010888,True,cbf_obstacle_0,6.272567289249769e-07,0.0005828274606382271,0.0005834547173671521
23.27,0.0006923729997652117,1,0.042869372402042374,True,cbf_obstacle_0,6.27209752733343e-07,0.0005828049886002103,0.0005834321983529436
23.28,0.0006737819967383984,1,0.04287959278012873,True,cbf_obstacle_0,6.271839638178277e-07,0.0005827836983448468,0.0005834108823086646
23.29,0.0006778720016882289,1,0.04288985293694488,True,cbf_obstacle_0,6.27137979774935e-07,0.0005827623594843506,0.0005833894974641256
23.3,0.0006714830014971085,1,0.04289987001628649,True,cbf_obstacle_0,6.270963750868647e-07,0.0005827405232248886,0.0005833676195999755
23.31,0.000698272000590805,1,0.042909978550984565,True,cbf_obstacle_0,6.270796789710668e-07,0.0005827184156258567,0.0005833454953048278
23.32,0.0006545430005644448,1,0.042920287937835935,True,cbf_obstacle_0,6.270376918595704e-07,0.0005826972786430056,0.0005833243163348652
23.330000000000002,0.0006845720017736312,1,0.04293024674480091,True,cbf_obstacle_0,6.270016422273229e-07,0.0005826755966892693,0.0005833025983314967
23.34,0.0006570229998033028,1,0.042940300677338894,True,cbf_obstacle_0,6.269703206737715e-07,0.0005826541000958185,0.0005832810704164922
23.35,0.0007021819983492605,1,0.04295028642677825,True,cbf_obstacle_0,6.269342352897039e-07,0.0005826325505902301,0.0005832594848255198
23.36,0.000656593001622241,1,0.04296027449560748,True,cbf_obstacle_0,6.269016390061543e-07,0.0005826112182639006,0.0005832381199029068
23.37,0.0006775930014555342,1,0.04297029214130735,True,cbf_obstacle_0,6.268782223424242e-07,0.0005825897860243411,0.0005832166642466835
23.38,0.0006849329984106589,1,0.04298028851660862,True,cbf_obstacle_0,6.268378148308247e-07,0.0005825684692656672,0.0005831953070804981
23.39,0.0006891630000609439,1,0.042990311186879265,True,cbf_obstacle_0,6.268169028848342e-07,0.0005825473536897317,0.0005831741705926165
23.400000000000002,0.0006700730009470135,1,0.04300025070212833,True,cbf_obstacle_0,6.267679604607289e-07,0.0005825252116477399,0.0005831519796082006
23.41,0.0006635030003963038,1,0.043010077613990935,True,cbf_obstacle_0,6.267395325816901e-07,0.0005825045547236126,0.0005831312942561943
23.42,0.0006684229992970359,1,0.04301992547305044,True,cbf_obstacle_0,6.26708273173297e-07,0.0005824828016725993,0.0005831095099457726
23.43,0.0006617229992116336,1,0.043029731418266735,True,cbf_obstacle_0,6.266921488599997e-07,0.0005824623112749805,0.0005830890034238405
23.44,0.000671961999614723,1,0.04303957105610341,True,cbf_obstacle_0,6.266532139203174e-07,0.0005824405262894382,0.0005830671795033585
23.45,0.0006574430008186027,1,0.043049365455317505,True,cbf_obstacle_0,6.266231828858719e-07,0.0005824203456205052,0.0005830469688033911
23.46,0.0006683920000796206,1,0.043059040909346945,True,cbf_obstacle_0,6.265819386848358e-07,0.0005823991559344463,0.0005830257378731311
23.47,0.0006726120009261649,1,0.04306881952485594,True,cbf_obstacle_0,6.265569966354323e-07,0.0005823777036846194,0.0005830042606812548
23.48,0.0006733530026394874,1,0.043078497493571545,True,cbf_obstacle_0,6.265206133172107e-07,0.0005823568423153199,0.0005829833629286371
23.490000000000002,0.0006774820030841511,1,0.04308812107052248,True,cbf_obstacle_0,6.26491450878299e-07,0.0005823358740359686,0.0005829623654868469
23.5,0.0006705220002913848,1,0.04309782795036591,True,cbf_obstacle_0,6.264636345075939e-07,0.0005823149916395768,0.0005829414552740844
23.51,0.0006751819964847527,1,0.04310746001211583,True,cbf_obstacle_0,6.264309623778546e-07,0.0005822942640705698,0.0005829206950329477
23.52,0.0006545530013681855,1,0.043117144881897475,True,cbf_obstacle_0,6.264046714901187e-07,0.0005822735489405341,0.0005828999536120242
23.53,0.0006699329969706014,1,0.043126599697857114,True,cbf_obstacle_0,6.263660426775963e-07,0.0005822533604555988,0.0005828797264982764
23.54,0.000656553002045257,1,0.043136171830711965,True,cbf_obstacle_0,6.263513257299542e-07,0.0005822317414690011,0.0005828580927947311
23.55,0.0006816130007791799,1,0.043145723465289554,True,cbf_obstacle_0,6.263112344272353e-07,0.0005822114034935393,0.0005828377147279665
23.56,0.0006562829985341523,1,0.043155264814826004,True,cbf_obstacle_0,6.262694421612975e-07,0.0005821900606622144,0.0005828163301043757
23.57,0.0006739929995092098,1,0.04316481956379783,True,cbf_obstacle_0,6.262672488926564e-07,0.0005821699461290149,0.0005827962133779075
23.580000000000002,0.0006643129963777028,1,0.043174159182950436,True,cbf_obstacle_0,6.262248226444269e-07,0.000582149068154947,0.0005827752929775914
23.59,0.0006696429991279729,1,0.04318363259077929,True,cbf_obstacle_0,6.261986355547928e-07,0.0005821292537100878,0.0005827554523456426
23.6,0.0006702730024699122,1,0.04319301623244713,True,cbf_obstacle_0,6.261707300678765e-07,0.0005821084596554311,0.000582734630385499
23.61,0.0006821330025559291,1,0.04320236591322118,True,cbf_obstacle_0,6.261348618656289e-07,0.0005820878797325993,0.0005827140145944649
23.62,0.0006721319987263996,1,0.04321185516733843,True,cbf_obstacle_0,6.261034582479254e-07,0.0005820668659112296,0.0005826929693694775
23.63,0.0006549329991685227,1,0.043221166554741,True,cbf_obstacle_0,6.260608038204605e-07,0.0005820465674912639,0.0005826726282950843
23.64,0.00066525199872558,1,0.04323042593395855,True,cbf_obstacle_0,6.260422816386899e-07,0.0005820262901699391,0.0005826523324515778
23.650000000000002,0.0006563530005223583,1,0.04323963591056801,True,cbf_obstacle_0,6.260292977063404e-07,0.0005820061844658607,0.000582632213763567
23.66,0.0006864329989184625,1,0.04324897191911751,True,cbf_obstacle_0,6.25987155346643e-07,0.0005819859579430479,0.0005826119450983945
23.67,0.0006783530006941874,1,0.04325824876574588,True,cbf_obstacle_0,6.25972307625012e-07,0.0005819658918809738,0.0005825918641885989
23.68,0.0006728320004185662,1,0.04326737023819206,True,cbf_obstacle_0,6.259285890468905e-07,0.0005819449023698265,0.0005825708309588734
23.69,0.000663692997477483,1,0.043276606241092246,True,cbf_obstacle_0,6.259022472005271e-07,0.0005819249992031415,0.000582550901450342
23.7,0.0006695830015814863,1,0.04328584093475428,True,cbf_obstacle_0,6.258581054857324e-07,0.0005819052158481905,0.0005825310739536763
23.71,0.0006697220014757477,1,0.04329503671395663,True,cbf_obstacle_0,6.258406906709969e-07,0.0005818844097144554,0.0005825102504051264
23.72,0.0006579129985766485,1,0.04330416220972676,True,cbf_obstacle_0,6.258236376677398e-07,0.0005818638124035816,0.0005824896360412493
23.73,0.0006757529990863986,1,0.04331317031737829,True,cbf_obstacle_0,6.257906367089972e-07,0.0005818445495147983,0.0005824703401515073
23.740000000000002,0.0006705529995088,1,0.04332236854992716,True,cbf_obstacle_0,6.257591500379656e-07,0.0005818239118409893,0.0005824496709910272
23.75,0.0006765420002921019,1,0.04333142837092699,True,cbf_obstacle_0,6.257413593087797e-07,0.0005818049397345666,0.0005824306810938754
23.76,0.0006770920008420944,1,0.04334047989146486,True,cbf_obstacle_0,6.257166319234658e-07,0.0005817846101044744,0.0005824103267363979
23.77,0.0006763429992133752,1,0.043349350701086795,True,cbf_obstacle_0,6.256857521614327e-07,0.0005817647649465485,0.0005823904506987099
23.78,0.0006914630030223634,1,0.043358465407834744,True,cbf_obstacle_0,6.256483072721984e-07,0.0005817445148933052,0.0005823701632005774
23.79,0.0006775319998268969,1,0.04336736485115339,True,cbf_obstacle_0,6.256161944676707e-07,0.0005817246432874742,0.0005823502594819419
23.8,0.000674743001582101,1,0.04337625142952236,True,cbf_obstacle_0,6.255855696038344e-07,0.0005817051041051101,0.000582330689674714
23.81,0.000658692999422783,1,0.043385213421514544,True,cbf_obstacle_0,6.25570639014099e-07,0.0005816852086923191,0.0005823107793313332
23.82,0.0006659229984506965,1,0.04339406810905203,True,cbf_obstacle_0,6.255374936414796e-07,0.0005816658871799994,0.0005822914246736408
23.830000000000002,0.0006692030001431704,1,0.043403080094259,True,cbf_obstacle_0,6.255248989792897e-07,0.000581646098803182,0.0005822716237021613
23.84,0.0006670830007351469,1,0.043411780995101866,True,cbf_obstacle_0,6.254856426095581e-07,0.0005816258382704025,0.0005822513239130121
23.85,0.0006749329986632802,1,0.04342074109699479,True,cbf_obstacle_0,6.254682717939101e-07,0.0005816063180486935,0.0005822317863204875
23.86,0.00067077300263918,1,0.04342950361631923,True,cbf_obstacle_0,6.254285742638161e-07,0.0005815873428440647,0.0005822127714183286
23.87,0.0006927520007593557,1,0.043438240864383866,True,cbf_obstacle_0,6.253983047656868e-07,0.0005815670242028431,0.0005821924225076088
23.88,0.000765761000366183,1,0.04344697562217441,True,cbf_obstacle_0,6.253812131132181e-07,0.0005815482311401302,0.0005821736123532435
23.89,0.0006744929996784776,1,0.043455780354135,True,cbf_obstacle_0,6.253484347321816e-07,0.0005815280833179911,0.0005821534317527233
23.900000000000002,0.0006955719982215669,1,0.04346447300586722,True,cbf_obstacle_0,6.253205854480461e-07,0.0005815081337545152,0.0005821334543399632
23.91,0.0006935929995961487,1,0.04347306481288103,True,cbf_obstacle_0,6.252971637502572e-07,0.0005814897805958578,0.0005821150777596081
23.92,0.0006929819974175189,1,0.04348191494646613,True,cbf_obstacle_0,6.252733282098736e-07,0.0005814696574333827,0.0005820949307615926
23.93,0.000690532000589883,1,0.04349047207220281,True,cbf_obstacle_0,6.25237226205283e-07,0.0005814502605831557,0.0005820754978093609
23.94,0.0006609629999729805,1,0.04349905890741671,True,cbf_obstacle_0,6.252163036012137e-07,0.0005814307812267491,0.0005820559975303503
23.95,0.0006782030031899922,1,0.04350782699533455,True,cbf_obstacle_0,6.251799227632995e-07,0.0005814109756480412,0.0005820361555708045
23.96,0.0006813829968450591,1,0.04351626652948242,True,cbf_obstacle_0,6.251549534458264e-07,0.0005813920311624315,0.0005820171861158773
23.97,0.000682713001879165,1,0.043524783818503276,True,cbf_obstacle_0,6.251407461523876e-07,0.0005813728989635014,0.0005819980397096538
23.98,0.0006823420008004177,1,0.043533398279064814,True,cbf_obstacle_0,6.251039092773568e-07,0.0005813536136162435,0.0005819787175255208
23.990000000000002,0.0006731229987053666,1,0.04354191511889675,True,cbf_obstacle_0,6.250911897319461e-07,0.0005813346375626362,0.0005819597287523682
24.0,0.0006758019990229513,1,0.043550481861403076,True,cbf_obstacle_0,6.250642937455979e-07,0.0005813155403386094,0.000581940604632355
24.01,0.0006567329983226955,1,0.04355877293445287,True,cbf_obstacle_0,6.250421257180284e-07,0.000581297183697293,0.000581922225823011
24.02,0.0006775930014555342,1,0.04356734847294814,True,cbf_obstacle_0,6.250149924292688e-07,0.0005812769496611627,0.0005819019646535919
24.03,0.0006674229989585001,1,0.043575742371274394,True,cbf_obstacle_0,6.249922415604325e-07,0.0005812584354954353,0.0005818834277369957
24.04,0.0006748129999323282,1,0.04358411721927354,True,cbf_obstacle_0,6.249649976556893e-07,0.0005812399992429191,0.0005818649642405747
24.05,0.0006569030010723509,1,0.043592535731072427,True,cbf_obstacle_0,6.249417265261211e-07,0.0005812203858420623,0.0005818453275685885
24.060000000000002,0.0006688629982818384,1,0.04360079338327297,True,cbf_obstacle_0,6.249199964780454e-07,0.0005812021322554002,0.0005818270522518782
24.07,0.0006862730006105267,1,0.04360917277670035,True,cbf_obstacle_0,6.24887610843845e-07,0.0005811827018818638,0.0005818075894927076
24.080000000000002,0.000681231998896692,1,0.0436173937241864,True,cbf_obstacle_0,6.248738621337202e-07,0.0005811647030477946,0.0005817895769099283
24.09,0.0006989329995121807,1,0.04362582487474432,True,cbf_obstacle_0,6.24839134406911e-07,0.0005811453338809935,0.0005817701730154004
24.1,0.0006768519997422118,1,0.04363412667263356,True,cbf_obstacle_0,6.24814376580891e-07,0.0005811260699441907,0.0005817508843207716
24.11,0.0006797829992137849,1,0.04364240328685085,True,cbf_obstacle_0,6.247914999771453e-07,0.0005811081691379588,0.000581732960637936
24.12,0.0006569729994225781,1,0.043650423905866154,True,cbf_obstacle_0,6.247841025918324e-07,0.0005810896628545112,0.000581714446957103
24.13,0.0006660030012426432,1,0.04365877008167534,True,cbf_obstacle_0,6.247501964290573e-07,0.0005810705353106603,0.0005816952855070893
24.14,0.0006566529991687275,1,0.0436671047175851,True,cbf_obstacle_0,6.247238143083404e-07,0.0005810515094016997,0.0005816762332160081
24.150000000000002,0.0006856729996798094,1,0.04367514874385696,True,cbf_obstacle_0,6.24698249279461e-07,0.0005810344164793354,0.0005816591147286148
24.16,0.0007580420024169143,1,0.04368321138722061,True,cbf_obstacle_0,6.246864603298012e-07,0.0005810159315902153,0.0005816406180505451
24.17,0.0009299800003645942,1,0.04369130176153978,True,cbf_obstacle_0,6.246386417832429e-07,0.000580996397023971,0.0005816210356657543
24.18,0.0007353119981416967,1,0.04369945811140429,True,cbf_obstacle_0,6.246236397059205e-07,0.00058097792464136,0.0005816025482810659
24.19,0.0007441119996656198,1,0.0437076297899318,True,cbf_obstacle_0,6.246054482885011e-07,0.0005809593911193237,0.0005815839965676122
24.2,0.0006885020011395682,1,0.04371559310761666,True,cbf_obstacle_0,6.245884161025881e-07,0.0005809414281065904,0.000581566016522693
24.21,0.0007019019976723939,1,0.043723733396465576,True,cbf_obstacle_0,6.245517425735629e-07,0.0005809230366193474,0.000581547588361921
24.22,0.0006946930006961338,1,0.043731670263868455,True,cbf_obstacle_0,6.245332843470978e-07,0.0005809051260214862,0.0005815296593058332
24.23,0.0007345519989030436,1,0.04373961146152486,True,cbf_obstacle_0,6.245092760176895e-07,0.0005808874199714208,0.0005815119292474385
24.240000000000002,0.000694302001647884,1,0.04374758536286137,True,cbf_obstacle_0,6.24482567056101e-07,0.0005808683770456013,0.0005814928596126575
24.25,0.0006642129992542323,1,0.043755679854584874,True,cbf_obstacle_0,6.244545663361593e-07,0.000580849179923211,0.0005814736344895472
24.26,0.0006738119991496205,1,0.043763390396367625,True,cbf_obstacle_0,6.244364299098276e-07,0.0005808319598110727,0.0005814563962409826
24.27,0.0006812530009483453,1,0.04377145163672054,True,cbf_obstacle_0,6.244103584547308e-07,0.0005808141839528226,0.0005814385943112774
24.28,0.0006808130019635428,1,0.04377933816583657,True,cbf_obstacle_0,6.243905364097736e-07,0.0005807953606529888,0.0005814197511893986
24.29,0.0006796529996790923,1,0.043787238678549424,True,cbf_obstacle_0,6.243791640519544e-07,0.0005807779869840483,0.0005814023661481003
24.3,0.0006589029981114436,1,0.04379518619481179,True,cbf_obstacle_0,6.243510255233287e-07,0.0005807593944674261,0.0005813837454929494
24.310000000000002,0.0006711629976052791,1,0.043802960225946,True,cbf_obstacle_0,6.243220604931264e-07,0.0005807409972853096,0.0005813653193458028
24.32,0.0006611030003114138,1,0.043810634054152066,True,cbf_obstacle_0,6.243057593320801e-07,0.0005807229494229949,0.0005813472551823269
24.330000000000002,0.0006848030025139451,1,0.043818540033353864,True,cbf_obstacle_0,6.242829859012316e-07,0.0005807057725032314,0.0005813300554891326
24.34,0.0006611219978367444,1,0.04382631864452749,True,cbf_obstacle_0,6.242669135474906e-07,0.0005806877456152087,0.0005813120125287562
24.35,0.0006728230000589974,1,0.04383405478955313,True,cbf_obstacle_0,6.242340081223495e-07,0.0005806695718269297,0.000581293805835052
24.36,0.0006955319986445829,1,0.043841729282988066,True,cbf_obstacle_0,6.242035699308908e-07,0.0005806516361999214,0.0005812758397698523
24.37,0.0007252020004671067,1,0.043849446474118106,True,cbf_obstacle_0,6.241740008153744e-07,0.0005806337271370124,0.0005812579011378277
24.38,0.0008167209998646285,1,0.043857083283936026,True,cbf_obstacle_0,6.241610727119415e-07,0.0005806161556686724,0.0005812403167413844
24.39,0.000756151999667054,1,0.043864734748665306,True,cbf_obstacle_0,6.24149225309232e-07,0.0005805984457055921,0.0005812225949309014
24.400000000000002,0.000724812998669222,1,0.043872455692509166,True,cbf_obstacle_0,6.241261429205108e-07,0.0005805805812199637,0.0005812047073628842
24.41,0.0009845390013651922,1,0.04388012029762732,True,cbf_obstacle_0,6.240972245384537e-07,0.0005805629388933801,0.0005811870361179186
24.42,0.0010181880024902057,1,0.043887720371083995,True,cbf_obstacle_0,6.240879718324468e-07,0.0005805455826842291,0.0005811696706560616
24.43,0.0008180209988495335,1,0.043895122623941095,True,cbf_obstacle_0,6.240510043940549e-07,0.000580528624989463,0.0005811526759938571
24.44,0.0008073120006883983,1,0.04390285834203654,True,cbf_obstacle_0,6.240490748479061e-07,0.000580511026318171,0.0005811350753930189
24.45,0.0007872610003687441,1,0.04391043588036637,True,cbf_obstacle_0,6.240042344972513e-07,0.0005804925246247172,0.0005811165288592145
24.46,0.0007617620030941907,1,0.043918008557839824,True,cbf_obstacle_0,6.239891763818604e-07,0.0005804753842733902,0.000581099373449772
24.47,0.0007527319976361468,1,0.04392536996419069,True,cbf_obstacle_0,6.239708124331568e-07,0.0005804585785060397,0.0005810825493184729
24.48,0.0007490120005968492,1,0.04393286879955309,True,cbf_obstacle_0,6.239417177444501e-07,0.000580440351620365,0.0005810642933381094
24.490000000000002,0.0007300120014406275,1,0.04394047022565989,True,cbf_obstacle_0,6.239317275531765e-07,0.0005804233650356501,0.0005810472967632032
24.5,0.0007613909983774647,1,0.043947789200015186,True,cbf_obstacle_0,6.23901930746832e-07,0.0005804066868839298,0.0005810305888146767
24.51,0.0007461320019501727,1,0.04395515744058634,True,cbf_obstacle_0,6.238887702231211e-07,0.000580388953094226,0.0005810128418644491
24.52,0.0007217919992399402,1,0.04396259620542822,True,cbf_obstacle_0,6.238806854435354e-07,0.0005803722647921328,0.0005809961454775763
24.53,0.0007494019992009271,1,0.04396996458638995,True,cbf_obstacle_0,6.23841585522293e-07,0.0005803545519088982,0.0005809783934944204
24.54,0.0007548409994342364,1,0.04397741129986032,True,cbf_obstacle_0,6.23835803286424e-07,0.0005803367178250476,0.0005809605536283341
24.55,0.0007337319984799251,1,0.04398481935865461,True,cbf_obstacle_0,6.237939110990225e-07,0.0005803202100362026,0.0005809440039473016
24.560000000000002,0.0007568520013592206,1,0.04399220140856854,True,cbf_obstacle_0,6.237744082951412e-07,0.0005803026542761899,0.000580926428684485
24.57,0.000747532001696527,1,0.043999413275056146,True,cbf_obstacle_0,6.237583940051808e-07,0.0005802853146455472,0.0005809090730395524
24.580000000000002,0.000753641998016974,1,0.04400679275470288,True,cbf_obstacle_0,6.237396635202944e-07,0.0005802690585936844,0.0005808927982572046
24.59,0.0007330720000027213,1,0.044014020141070045,True,cbf_obstacle_0,6.23703659542729e-07,0.000580250649532944,0.0005808743531924866
24.6,0.0007190920005086809,1,0.04402124030612396,True,cbf_obstacle_0,6.236957133610374e-07,0.0005802347565821666,0.0005808584522955276
24.61,0.0007181120017776266,1,0.044028440821876874,True,cbf_obstacle_0,6.236834034613983e-07,0.0005802176477669863,0.0005808413311704476
24.62,0.0007594620001327712,1,0.044035755321878006,True,cbf_obstacle_0,6.236526812586444e-07,0.0005802004102375654,0.000580824062918824
24.63,0.0007502819971705321,1,0.044042993559641974,True,cbf_obstacle_0,6.236356793647587e-07,0.0005801833759522897,0.0005808070116316544
24.64,0.0007175520004238933,1,0.044050184364056576,True,cbf_obstacle_0,6.236226096318064e-07,0.0005801664748049904,0.0005807900974146221
24.650000000000002,0.0007153130027290899,1,0.04405718607796855,True,cbf_obstacle_0,6.235878309471405e-07,0.0005801500340138149,0.000580773621844762
24.66,0.0007016419986030087,1,0.044064511645777425,True,cbf_obstacle_0,6.235720763826308e-07,0.0005801329961977783,0.0005807565682741609
24.67,0.0007168820011429489,1,0.044071532062367746,True,cbf_obstacle_0,6.235462865045273e-07,0.0005801164797178237,0.0005807400260043282
24.68,0.0007212429991341196,1,0.04407857544056574,True,cbf_obstacle_0,6.235426075778024e-07,0.0005801000512302216,0.0005807235938377995
24.69,0.0007029920016066171,1,0.04408564032070231,True,cbf_obstacle_0,6.235279687262921e-07,0.0005800836126979778,0.0005807071406667041
24.7,0.0007074620007188059,1,0.04409273313386005,True,cbf_obstacle_0,6.23506471280058e-07,0.0005800670965500773,0.0005806906030213573
24.71,0.0006926030000613537,1,0.04409987161249223,True,cbf_obstacle_0,6.234650621191197e-07,0.0005800493289208457,0.0005806727939829647
24.72,0.0007093220010574441,1,0.044106964534609584,True,cbf_obstacle_0,6.234567445423874e-07,0.0005800329628198891,0.0005806564195644315
24.73,0.0006928019975021016,1,0.0441138222345642,True,cbf_obstacle_0,6.234359064273314e-07,0.0005800169986590752,0.0005806404345655025
24.740000000000002,0.000722712000424508,1,0.04412080452690354,True,cbf_obstacle_0,6.234207073900032e-07,0.0005800010431585733,0.0005806244638659633
24.75,0.000721642001735745,1,0.04412776742556139,True,cbf_obstacle_0,6.234026309774171e-07,0.000579983683924594,0.0005806070865555714
24.76,0.000690682001732057,1,0.04413491104026106,True,cbf_obstacle_0,6.233704802218114e-07,0.0005799673393702771,0.000580590709850499
24.77,0.0007114529980754014,1,0.044141790523313726,True,cbf_obstacle_0,6.233488389311048e-07,0.0005799503985387226,0.0005805737473776537
24.78,0.0007226620000437833,1,0.0441486792375559,True,cbf_obstacle_0,6.233443513747611e-07,0.0005799346901955183,0.000580558034546893
24.79,0.0006982919985603075,1,0.044155539048386414,True,cbf_obstacle_0,6.233331434222471e-07,0.0005799190011536725,0.0005805423342970948
24.8,0.0007214630022644997,1,0.04416247406357736,True,cbf_obstacle_0,6.232969010942435e-07,0.000579901920616627,0.0005805252175177212
24.810000000000002,0.0007023519974609371,1,0.04416914437127727,True,cbf_obstacle_0,6.232813922378316e-07,0.0005798855297365608,0.0005805088111287985
24.82,0.0007261719983944204,1,0.044176081491807774,True,cbf_obstacle_0,6.232655015908825e-07,0.0005798697441014682,0.0005804930096030591
24.830000000000002,0.0007208229981188197,1,0.044182878761850515,True,cbf_obstacle_0,6.232509471511312e-07,0.0005798530760298352,0.0005804763269769863
24.84,0.0006971219991100952,1,0.0441898065823485,True,cbf_obstacle_0,6.232339337017381e-07,0.0005798375502876501,0.0005804607842213519
24.85,0.0010374480007158127,1,0.04419647549217664,True,cbf_obstacle_0,6.232156384364816e-07,0.0005798212361367805,0.000580444451775217
24.86,0.000949968998611439,1,0.04420322905101676,True,cbf_obstacle_0,6.231982911677049e-07,0.0005798060745607873,0.000580429272851955
24.87,0.0012261570009286515,1,0.044209957811985716,True,cbf_obstacle_0,6.23163261393272e-07,0.0005797884457873002,0.0005804116090486935
24.88,0.0017321109990007244,1,0.044216713540611144,True,cbf_obstacle_0,6.231618541800123e-07,0.0005797733468655792,0.0005803965087197592
24.89,0.0010190790017077234,1,0.04422350102708482,True,cbf_obstacle_0,6.231417217698552e-07,0.0005797568984512468,0.0005803800401730167
24.900000000000002,0.0008061309999902733,1,0.0442301768416618,True,cbf_obstacle_0,6.231142657038004e-07,0.0005797408654055429,0.0005803639796712468
24.91,0.0007567020002170466,1,0.04423696269494961,True,cbf_obstacle_0,6.230982722611344e-07,0.000579724509076275,0.0005803476073485362
24.92,0.0007393519990728237,1,0.04424348312377656,True,cbf_obstacle_0,6.230823370228975e-07,0.000579709923747854,0.0005803330060848769
24.93,0.0007052020009723492,1,0.04425027920366559,True,cbf_obstacle_0,6.23069828920815e-07,0.0005796937725135334,0.0005803168423424542
24.94,0.0007100119983078912,1,0.04425675571098731,True,cbf_obstacle_0,6.230490024101287e-07,0.0005796781975894962,0.0005803012465919064
24.95,0.0006847630029369611,1,0.04426340625692487,True,cbf_obstacle_0,6.230410598266605e-07,0.0005796623267981231,0.0005802853678579498
24.96,0.0007063920020300429,1,0.04426995563899656,True,cbf_obstacle_0,6.230119249046264e-07,0.0005796465498792392,0.0005802695618041438
24.97,0.0006939129998499993,1,0.044276536346143654,True,cbf_obstacle_0,6.229872396243865e-07,0.0005796308636351532,0.0005802538508747776
24.98,0.0006965319989831187,1,0.0442831320508771,True,cbf_obstacle_0,6.229814174588166e-07,0.0005796151583315072,0.000580238139748966
24.990000000000002,0.0006714030023431405,1,0.04428964817749217,True,cbf_obstacle_0,6.229528291313677e-07,0.0005795984085832835,0.0005802213614124149
25.0,0.0006613829973503016,1,0.04429627422746602,True,cbf_obstacle_0,6.229349682636903e-07,0.0005795840813099048,0.0005802070162781685
25.01,0.0006926230016688351,1,0.044302779131874484,True,cbf_obstacle_0,6.229069037876202e-07,0.0005795673996082623,0.00058019030651205
25.02,0.0006830730017099995,1,0.04430926612403953,True,cbf_obstacle_0,6.229078896175085e-07,0.0005795519439183255,0.000580174851807943
25.03,0.0006873820020700805,1,0.044315740573529265,True,cbf_obstacle_0,6.228909356690784e-07,0.0005795367973713921,0.0005801596883070611
25.04,0.0007032419998722617,1,0.04432217335424796,True,cbf_obstacle_0,6.228799588060311e-07,0.0005795215560693391,0.0005801444360281451
25.05,0.0006685430016659666,1,0.044328608862640485,True,cbf_obstacle_0,6.228535591828764e-07,0.000579505130831947,0.0005801279843911299
25.060000000000002,0.0007196719998319168,1,0.04433492107777133,True,cbf_obstacle_0,6.228426533440537e-07,0.0005794902845728902,0.0005801131272262343
25.07,0.0006845620009698905,1,0.04434143256681865,True,cbf_obstacle_0,6.228251107822505e-07,0.0005794750930073484,0.0005800979181181307
25.080000000000002,0.0006816829991294071,1,0.04434769371044614,True,cbf_obstacle_0,6.228014965441127e-07,0.0005794591038802698,0.0005800819053768139
25.09,0.000678751999657834,1,0.04435410144519394,True,cbf_obstacle_0,6.227793980869843e-07,0.0005794442302295579,0.0005800670096276449
25.1,0.000678252999932738,1,0.04436039971723035,True,cbf_obstacle_0,6.227713529363326e-07,0.0005794295044836598,0.0005800522758365961
25.11,0.0006710329980705865,1,0.044366914291337205,True,cbf_obstacle_0,6.227573219971388e-07,0.0005794143902627991,0.0005800371475847962
25.12,0.0006587130010302644,1,0.044373161861188164,True,cbf_obstacle_0,6.227407273994545e-07,0.0005793986137227691,0.0005800213544501686
25.13,0.0006766719998267945,1,0.044379490660592734,True,cbf_obstacle_0,6.227023180364125e-07,0.0005793826764945418,0.0005800053788125783
25.14,0.0006717930009472184,1,0.044385716704995616,True,cbf_obstacle_0,6.227034987033406e-07,0.0005793683311415266,0.0005799910346402299
25.150000000000002,0.0006729629967594519,1,0.04439196295297042,True,cbf_obstacle_0,6.226858842605132e-07,0.0005793537015137052,0.0005799763873979658
25.16,0.0006862830014142673,1,0.04439827896099347,True,cbf_obstacle_0,6.226734638644633e-07,0.000579338089097657,0.0005799607625615214
25.17,0.0006578329994226806,1,0.04440454885684275,True,cbf_obstacle_0,6.226459252214853e-07,0.0005793235799215039,0.0005799462258467253
25.18,0.0006651430012425408,1,0.04441071101377355,True,cbf_obstacle_0,6.226270431015001e-07,0.0005793081544830728,0.0005799307815261743
25.19,0.0006506429999717511,1,0.044416939096348675,True,cbf_obstacle_0,6.226201608399295e-07,0.0005792926910614643,0.0005799153112223042
25.2,0.0006810630002291873,1,0.044423108594899015,True,cbf_obstacle_0,6.226101468503727e-07,0.000579278484337766,0.0005799010944846164
25.21,0.0006491330022981856,1,0.04442917051085798,True,cbf_obstacle_0,6.225868735391325e-07,0.000579263338537,0.0005798859254105391
25.22,0.0006962020015635062,1,0.04443530540552477,True,cbf_obstacle_0,6.225621986832513e-07,0.0005792481786788272,0.0005798707408775105
25.23,0.0006984329993429128,1,0.04444160106206578,True,cbf_obstacle_0,6.225576976103692e-07,0.0005792338942982612,0.0005798564519958715
25.240000000000002,0.0006805519988120068,1,0.04444755061112941,True,cbf_obstacle_0,6.225317763043724e-07,0.0005792190376321749,0.0005798415694084792
25.25,0.0006529429992951918,1,0.044453718118791494,True,cbf_obstacle_0,6.22516442037241e-07,0.0005792036993101783,0.0005798262157522155
25.26,0.0006661930019618012,1,0.0444598681878116,True,cbf_obstacle_0,6.224899534734177e-07,0.0005791885554638272,0.0005798110454173006
25.27,0.0006663029998890124,1,0.04446583805123136,True,cbf_obstacle_0,6.22493212061663e-07,0.0005791751212269142,0.0005797976144389758
25.28,0.0006770430009055417,1,0.04447188511385198,True,cbf_obstacle_0,6.224734246713706e-07,0.000579160168246573,0.0005797826416712444
25.29,0.0006719129996781703,1,0.04447784238423578,True,cbf_obstacle_0,6.224562809791322e-07,0.0005791454863281211,0.0005797679426091003
25.3,0.0006674730029772036,1,0.04448389715869,True,cbf_obstacle_0,6.224340252058263e-07,0.0005791306478852643,0.0005797530819104701
25.310000000000002,0.0006760329997632653,1,0.044489968542755186,True,cbf_obstacle_0,6.224278192085039e-07,0.0005791158169122089,0.0005797382447314174
25.32,0.0006599030020879582,1,0.044496012209472656,True,cbf_obstacle_0,6.224185070673243e-07,0.0005791010192568535,0.0005797234377639209
25.330000000000002,0.0007034219997876789,1,0.044502009291691076,True,cbf_obstacle_0,6.22387590105841e-07,0.0005790864088664975,0.0005797087964566034
25.34,0.0006649329989159014,1,0.04450783829959778,True,cbf_obstacle_0,6.223690352963594e-07,0.0005790721087940609,0.0005796944778293573
25.35,0.0006845229981990997,1,0.044513831391387024,True,cbf_obstacle_0,6.223559406983703e-07,0.0005790575206104688,0.0005796798765511672
25.36,0.0006680820006295107,1,0.04451971263787345,True,cbf_obstacle_0,6.223426312514154e-07,0.0005790432371769734,0.0005796655798082248
25.37,0.0006936429999768734,1,0.04452568391107566,True,cbf_obstacle_0,6.223174233639716e-07,0.000579028793754075,0.000579651111177439
25.38,0.0006619930027227383,1,0.044531534243545765,True,cbf_obstacle_0,6.22311806654406e-07,0.0005790145506606668,0.0005796368624673212
25.39,0.0006975920005061198,1,0.044537437227001146,True,cbf_obstacle_0,6.223020143251427e-07,0.0005790001979276785,0.0005796224999420036
25.400000000000002,0.0006782429991289973,1,0.04454319997264465,True,cbf_obstacle_0,6.222832020502409e-07,0.0005789861743170077,0.000579608457519058
25.41,0.0006561230002262164,1,0.04454905099080428,True,cbf_obstacle_0,6.222703255563294e-07,0.0005789720872110498,0.0005795943575366061
25.42,0.0006793729990022257,1,0.044554894407620456,True,cbf_obstacle_0,6.222625131185547e-07,0.0005789579552805883,0.0005795802177937069
25.43,0.000679172997479327,1,0.044560732160945075,True,cbf_obstacle_0,6.222320693542631e-07,0.0005789426792546074,0.0005795649113239616
25.44,0.0006711120004183613,1,0.04456648645797489,True,cbf_obstacle_0,6.222228031740867e-07,0.0005789287781875611,0.0005795510009907351
25.45,0.0006698229990433902,1,0.04457240262992496,True,cbf_obstacle_0,6.222059110136764e-07,0.0005789146593621364,0.0005795368652731501
25.46,0.0006708029977744445,1,0.04457799485687367,True,cbf_obstacle_0,6.221854540036082e-07,0.0005789010906478277,0.0005795232761018314
25.47,0.0006592329991690349,1,0.04458384829106226,True,cbf_obstacle_0,6.221689632893734e-07,0.0005788858570679203,0.0005795080260312097
25.48,0.0006725929997628555,1,0.044589455793118446,True,cbf_obstacle_0,6.221573495742823e-07,0.0005788722810225652,0.0005794944383721394
25.490000000000002,0.0006723730002704542,1,0.04459521585613131,True,cbf_obstacle_0,6.2214294442582e-07,0.0005788588086433905,0.0005794809515878164
25.5,0.0006574929975613486,1,0.04460091971345526,True,cbf_obstacle_0,6.221347784057515e-07,0.0005788450588620849,0.0005794671936404906
25.51,0.0006802829993830528,1,0.04460660946744932,True,cbf_obstacle_0,6.221173075559226e-07,0.0005788303182990396,0.0005794524356065955
25.52,0.000659682002151385,1,0.04461220050031227,True,cbf_obstacle_0,6.221154721795273e-07,0.0005788169257130234,0.0005794390411852029
25.53,0.0006637219994445331,1,0.044618002311662325,True,cbf_obstacle_0,6.220804911094394e-07,0.0005788019907170648,0.0005794240712081743
25.54,0.0006743619996996131,1,0.04462357164074415,True,cbf_obstacle_0,6.220676545363609e-07,0.0005787887361988329,0.0005794108038533693
25.55,0.0006659529972239397,1,0.04462923348941293,True,cbf_obstacle_0,6.220651209343922e-07,0.0005787754418266743,0.0005793975069476087
25.560000000000002,0.0006581929992535152,1,0.044634666778086994,True,cbf_obstacle_0,6.22038062944388e-07,0.0005787613034721011,0.0005793833415350455
25.57,0.0006755030008207541,1,0.044640366089327754,True,cbf_obstacle_0,6.220311881556865e-07,0.000578747793745318,0.0005793698249334737
25.580000000000002,0.0006702530008624308,1,0.04464588206490177,True,cbf_obstacle_0,6.220225208199998e-07,0.0005787348221921645,0.0005793568447129845
25.59,0.0006664530010311864,1,0.04465165663240688,True,cbf_obstacle_0,6.220006600186832e-07,0.0005787199441781669,0.0005793419448381856
25.6,0.0006728020016453229,1,0.044656954857948905,True,cbf_obstacle_0,6.219839659070971e-07,0.0005787062485097096,0.0005793282324756167
25.61,0.0006557730011991225,1,0.04466269728976274,True,cbf_obstacle_0,6.219644616535235e-07,0.0005786927891851927,0.0005793147536468463
25.62,0.0006649829992966261,1,0.04466800612672159,True,cbf_obstacle_0,6.219503822184876e-07,0.0005786791551499653,0.0005793011055321837
25.63,0.0006555329964612611,1,0.0446736574288443,True,cbf_obstacle_0,6.219450701661032e-07,0.0005786660325229251,0.0005792879775930913
25.64,0.0006719419980072416,1,0.04467910111883216,True,cbf_obstacle_0,6.219418247356134e-07,0.0005786532444751868,0.0005792751862999224
25.650000000000002,0.0006619930027227383,1,0.04468453952805701,True,cbf_obstacle_0,6.219207723462834e-07,0.0005786391545905696,0.0005792610753629159
25.66,0.0006700230005662888,1,0.044689918760693045,True,cbf_obstacle_0,6.21897410885275e-07,0.0005786253609161931,0.0005792472583270784
25.67,0.0006711530004395172,1,0.04469533545246368,True,cbf_obstacle_0,6.218757762399323e-07,0.0005786116359390738,0.0005792335117153137
25.68,0.0006678030003968161,1,0.04470083338333137,True,cbf_obstacle_0,6.218704900860877e-07,0.0005785987185171315,0.0005792205890072175
25.69,0.0006691330017929431,1,0.04470626021562653,True,cbf_obstacle_0,6.218620211286935e-07,0.0005785849413833524,0.000579206803404481
25.7,0.0006693520008411724,1,0.04471166631546901,True,cbf_obstacle_0,6.218403795904405e-07,0.0005785711853144099,0.0005791930256940004
25.71,0.0006761829972674605,1,0.04471712303087523,True,cbf_obstacle_0,6.218242371700714e-07,0.0005785586713864191,0.0005791804956235891
25.72,0.0006639230014116038,1,0.04472253580917923,True,cbf_obstacle_0,6.218170259825426e-07,0.0005785449049051945,0.000579166721931177
25.73,0.0006730620007147081,1,0.04472769223664311,True,cbf_obstacle_0,6.217952075259361e-07,0.0005785316641670689,0.0005791534593745948
25.740000000000002,0.0006738929987477604,1,0.04473311201096194,True,cbf_obstacle_0,6.217945978237238e-07,0.0005785191920635804,0.0005791409866614042
25.75,0.000666893000015989,1,0.044738407441446894,True,cbf_obstacle_0,6.217818602267517e-07,0.0005785058278132375,0.0005791276096734643
25.76,0.0006771920016035438,1,0.04474371324506371,True,cbf_obstacle_0,6.217777653557838e-07,0.0005784924901657532,0.000579114267931109
25.77,0.0006786819976696279,1,0.04474907347826173,True,cbf_obstacle_0,6.21749240130098e-07,0.0005784789675274436,0.0005791007167675737
25.78,0.0006535430002259091,1,0.044754211522259994,True,cbf_obstacle_0,6.217398271574396e-07,0.0005784657633756625,0.00057908750320282
25.79,0.0010228090031887405,1,0.044759585843762176,True,cbf_obstacle_0,6.217353648531036e-07,0.0005784536379749469,0.0005790753733398
25.8,0.0008540009985154029,1,0.04476480471569989,True,cbf_obstacle_0,6.217159192819263e-07,0.0005784403844176394,0.0005790621003369213
25.810000000000002,0.0007682819996261969,1,0.04477001999379502,True,cbf_obstacle_0,6.21705005923085e-07,0.0005784273540736728,0.0005790490590795959
25.82,0.0008216310015995987,1,0.04477524340455385,True,cbf_obstacle_0,6.216834395635373e-07,0.0005784141523029775,0.000579035835742541
25.830000000000002,0.0007549419970018789,1,0.04478037424024094,True,cbf_obstacle_0,6.216832215247743e-07,0.0005784012356915627,0.0005790229189130874
25.84,0.0007329120016947854,1,0.044785612291650505,True,cbf_obstacle_0,6.216566864237433e-07,0.0005783881596092481,0.0005790098162956719
25.85,0.0007074820023262873,1,0.04479095057388211,True,cbf_obstacle_0,6.216440288759501e-07,0.0005783748144523899,0.0005789964584812658
25.86,0.0006818529982410837,1,0.044796065435367294,True,cbf_obstacle_0,6.216322463431001e-07,0.0005783620786026669,0.00057898371084901
25.87,0.000686563002091134,1,0.044801087797599545,True,cbf_obstacle_0,6.216238206527378e-07,0.0005783494674966668,0.0005789710913173195
25.88,0.0006922920001670718,1,0.04480626962469226,True,cbf_obstacle_0,6.216130596865487e-07,0.0005783364939524411,0.0005789581070121276
25.89,0.0007021419987722766,1,0.04481154781491574,True,cbf_obstacle_0,6.215970394945547e-07,0.0005783234325917851,0.0005789450296312797
25.900000000000002,0.0006827830002293922,1,0.04481654384461927,True,cbf_obstacle_0,6.215762891952113e-07,0.0005783108614687298,0.000578932437757925
25.91,0.0006589730000996497,1,0.044821690070733916,True,cbf_obstacle_0,6.2157527898183e-07,0.0005782981821643307,0.0005789197574433125
25.92,0.0006815519991505425,1,0.04482667010606445,True,cbf_obstacle_0,6.21543055209986e-07,0.0005782857139098556,0.0005789072569650656
25.93,0.0006612830002268311,1,0.044831599139313706,True,cbf_obstacle_0,6.215522213021516e-07,0.0005782734220775371,0.0005788949742988392
25.94,0.000669371998810675,1,0.04483677879387104,True,cbf_obstacle_0,6.215348014587804e-07,0.0005782606686260477,0.0005788822034275065
25.95,0.0006664030006504618,1,0.044841801567463875,True,cbf_obstacle_0,6.215298556630909e-07,0.0005782482775915788,0.0005788698074472419
25.96,0.0006736319992342032,1,0.04484685261184979,True,cbf_obstacle_0,6.215082511361017e-07,0.0005782356261796758,0.0005788571344308119
25.97,0.0006582230016647372,1,0.0448518730501323,True,cbf_obstacle_0,6.215094450111903e-07,0.0005782232876492829,0.000578844797094294
25.98,0.0006746530016243923,1,0.04485679860997337,True,cbf_obstacle_0,6.214892365463888e-07,0.0005782111662422464,0.0005788326554787928
25.990000000000002,0.0006694330004393123,1,0.04486172417287926,True,cbf_obstacle_0,6.214876963215869e-07,0.0005781977490856451,0.0005788192367819667
26.0,0.0006616129976464435,1,0.04486678312171256,True,cbf_obstacle_0,6.214557634238396e-07,0.0005781852314427446,0.0005788066872061684
26.01,0.0006814730004407465,1,0.04487175032982208,True,cbf_obstacle_0,6.21453830408679e-07,0.0005781730896555325,0.0005787945434859412
26.02,0.0006985129984968808,1,0.04487678003339588,True,cbf_obstacle_0,6.214261154532724e-07,0.0005781606634152189,0.0005787820895306722
26.03,0.0006609419979213271,1,0.044881531934618454,True,cbf_obstacle_0,6.214209614462498e-07,0.0005781489043074125,0.0005787703252688588
26.04,0.0006746420003764797,1,0.04488650959020986,True,cbf_obstacle_0,6.214120752978474e-07,0.0005781356670532827,0.0005787570791285806
26.05,0.0006573819991899654,1,0.04489145238920586,True,cbf_obstacle_0,6.213975489536887e-07,0.0005781236676323975,0.0005787450651813513
26.060000000000002,0.0006689219990221318,1,0.04489629513459349,True,cbf_obstacle_0,6.213939207976436e-07,0.0005781116987425549,0.0005787330926633526
26.07,0.0006739830023434479,1,0.04490109706823487,True,cbf_obstacle_0,6.213692762896174e-07,0.0005780999432110385,0.000578721312487328
26.080000000000002,0.0006786829981137998,1,0.04490597317321588,True,cbf_obstacle_0,6.213634689870623e-07,0.0005780867742770667,0.0005787081377460538
26.09,0.0006742219993611798,1,0.04491096499312785,True,cbf_obstacle_0,6.213383395830385e-07,0.0005780746840984381,0.0005786960224380211
26.1,0.0006912829994689673,1,0.04491569682720239,True,cbf_obstacle_0,6.213401130185532e-07,0.00057806317423309,0.0005786845143461086
26.11,0.0006740930002706591,1,0.04492044324954209,True,cbf_obstacle_0,6.213250964381581e-07,0.0005780502521465573,0.0005786715772429955
26.12,0.0006792029998905491,1,0.044925230209834896,True,cbf_obstacle_0,6.212974793320252e-07,0.000578038633439722,0.000578659930919054
26.13,0.0006709129993396346,1,0.044929962492858515,True,cbf_obstacle_0,6.213137403872793e-07,0.0005780271504948384,0.0005786484642352257
26.14,0.0006581730012840126,1,0.044934946783122286,True,cbf_obstacle_0,6.212875927971895e-07,0.000578013880290659,0.0005786351678834561
26.150000000000002,0.0006728230000589974,1,0.044939738016117066,True,cbf_obstacle_0,6.212701265376373e-07,0.0005780023292277174,0.000578623599354255
26.16,0.0006870520010124892,1,0.044944470292694036,True,cbf_obstacle_0,6.212698556943971e-07,0.0005779907780376415,0.0005786120478933359
26.17,0.0006658929996774532,1,0.04494921920541712,True,cbf_obstacle_0,6.212533031166227e-07,0.0005779781863464329,0.0005785994396495496
26.18,0.0006684830004815012,1,0.04495368934770929,True,cbf_obstacle_0,6.212417834443808e-07,0.000577967276547684,0.0005785885183311284
26.19,0.0006754130008630455,1,0.04495852959692579,True,cbf_obstacle_0,6.21235331652832e-07,0.000577955568217689,0.0005785768035493419
26.2,0.000668183001835132,1,0.044963267134552724,True,cbf_obstacle_0,6.212137337327745e-07,0.0005779428952136148,0.0005785641089473476
26.21,0.0006620729982387275,1,0.044967930875347506,True,cbf_obstacle_0,6.212097801871102e-07,0.0005779317918270031,0.0005785530016071902
26.22,0.0006753730012860615,1,0.04497249721029279,True,cbf_obstacle_0,6.211977717876795e-07,0.0005779195465152836,0.0005785407442870713
26.23,0.0006765530015400145,1,0.04497720497288291,True,cbf_obstacle_0,6.211956693195735e-07,0.0005779082056205216,0.0005785294012898411
26.240000000000002,0.0006747530023858417,1,0.04498192543882109,True,cbf_obstacle_0,6.211781803902187e-07,0.0005778957085892534,0.0005785168867696436
26.25,0.000661743000819115,1,0.04498644719082418,True,cbf_obstacle_0,6.211490295301304e-07,0.0005778835662079936,0.0005785047152375238
26.26,0.0006701929996779654,1,0.04499104139794814,True,cbf_obstacle_0,6.211582062139935e-07,0.0005778725206807826,0.0005784936788869966
26.27,0.0006663829990429804,1,0.044995757625951524,True,cbf_obstacle_0,6.211349384525157e-07,0.0005778613856553245,0.0005784825205937769
26.28,0.0006721729987475555,1,0.04500022254424373,True,cbf_obstacle_0,6.211336337076996e-07,0.0005778494127705192,0.000578470546404227
26.29,0.0006653330019616988,1,0.045004769908596046,True,cbf_obstacle_0,6.211290950522285e-07,0.0005778384727563567,0.000578459601851409
26.3,0.0006710520028718747,1,0.04500958578748883,True,cbf_obstacle_0,6.211107037432559e-07,0.0005778258862594995,0.0005784469969632428
26.310000000000002,0.0006846329997642897,1,0.04501397419189027,True,cbf_obstacle_0,6.211063291732422e-07,0.0005778154162908942,0.0005784365226200674
26.32,0.0006780330004403368,1,0.045018595460183546,True,cbf_obstacle_0,6.210808049534708e-07,0.0005778031868354384,0.0005784242676403919
26.330000000000002,0.0006674719988950528,1,0.04502312869011318,True,cbf_obstacle_0,6.210742881210558e-07,0.0005777912047642935,0.0005784122790524146
26.34,0.0006798620015615597,1,0.04502759393345096,True,cbf_obstacle_0,6.210676668721638e-07,0.0005777806293995984,0.0005784016970664705
26.35,0.0006716030002280604,1,0.045032133451832,True,cbf_obstacle_0,6.210607356699882e-07,0.0005777687185940157,0.0005783897793296856
26.36,0.0006709029985358939,1,0.04503663282403304,True,cbf_obstacle_0,6.210416142514758e-07,0.0005777567433748029,0.0005783777849890544
26.37,0.000673261998599628,1,0.045041148121580936,True,cbf_obstacle_0,6.210444394578315e-07,0.0005777460673373866,0.0005783671117768445
26.38,0.0006665229993814137,1,0.045045599441221496,True,cbf_obstacle_0,6.210200023346313e-07,0.0005777343267180648,0.0005783553467203995
26.39,0.0006877519990666769,1,0.04505006694474486,True,cbf_obstacle_0,6.210150493660246e-07,0.0005777237870454735,0.0005783448020948396
26.400000000000002,0.0006595029990421608,1,0.045054359193453325,True,cbf_obstacle_0,6.210056227385267e-07,0.0005777123540233882,0.0005783333596461267
26.41,0.0006797629976063035,1,0.04505891137313832,True,cbf_obstacle_0,6.209877192912208e-07,0.000577700570406972,0.0005783215581262632
26.42,0.0006772729975637048,1,0.04506338424067044,True,cbf_obstacle_0,6.209619446609982e-07,0.0005776888229588659,0.0005783097849035269
26.43,0.0006687719978799578,1,0.04506766098952648,True,cbf_obstacle_0,6.209693408106942e-07,0.0005776786612070317,0.0005782996305478425
26.44,0.0006811320017732214,1,0.04507209533913549,True,cbf_obstacle_0,6.20957235233901e-07,0.0005776669987861611,0.000578287956021395
26.45,0.0006618129991693422,1,0.045076383764421316,True,cbf_obstacle_0,6.209491564849544e-07,0.0005776557432407535,0.0005782766923972385
26.46,0.0006777329981559888,1,0.045080835924807806,True,cbf_obstacle_0,6.20945151278018e-07,0.0005776453739196808,0.0005782663190709588
26.47,0.0006529930033138953,1,0.0450851724027334,True,cbf_obstacle_0,6.209287627104081e-07,0.0005776339897184639,0.0005782549184811743
26.48,0.0006762619996152353,1,0.04508950089667511,True,cbf_obstacle_0,6.209250856372764e-07,0.0005776226050509001,0.0005782435301365374
26.490000000000002,0.0006567529999301769,1,0.045093926229633804,True,cbf_obstacle_0,6.208986987859738e-07,0.0005776111371792976,0.0005782320358780835
26.5,0.0006638119994022418,1,0.045098142598094935,True,cbf_obstacle_0,6.208965122008851e-07,0.0005776013220960615,0.0005782222186082623
26.51,0.0006537929984915536,1,0.045102484905024706,True,cbf_obstacle_0,6.208889025341999e-07,0.0005775898893662308,0.000578210778268765
26.52,0.000670473000354832,1,0.045106693791392656,True,cbf_obstacle_0,6.208802907075957e-07,0.0005775788752642432,0.0005781997555549508
26.53,0.0006660629987891298,1,0.045110917479823,True,cbf_obstacle_0,6.208874718943799e-07,0.0005775689901133867,0.000578189877585281
26.54,0.0006732129986630753,1,0.0451152094240458,True,cbf_obstacle_0,6.208514464295648e-07,0.0005775566099541757,0.0005781774614006053
26.55,0.0006716729985782877,1,0.04511963165609229,True,cbf_obstacle_0,6.20842797963942e-07,0.0005775453660136485,0.0005781662088116124
26.560000000000002,0.0006714429982821457,1,0.045123734956174215,True,cbf_obstacle_0,6.208466825568236e-07,0.0005775357019354466,0.0005781565486180035
26.57,0.0006750430002284702,1,0.045127914625840176,True,cbf_obstacle_0,6.208254731058483e-07,0.0005775246048198187,0.0005781454302929246
26.580000000000002,0.0006557230008183978,1,0.04513219392510522,True,cbf_obstacle_0,6.208105330767491e-07,0.0005775136340056241,0.0005781344445387009
26.59,0.0006694120020256378,1,0.04513645978552453,True,cbf_obstacle_0,6.208012968638418e-07,0.0005775026951687195,0.0005781234964655833
26.6,0.0006695430020045023,1,0.04514064901047014,True,cbf_obstacle_0,6.207898292859168e-07,0.0005774929089447638,0.0005781136987740498
26.61,0.0006792519998271018,1,0.04514482645726203,True,cbf_obstacle_0,6.207815656506369e-07,0.0005774809430908548,0.0005781017246565054
26.62,0.0006531530016218312,1,0.04514898387714229,True,cbf_obstacle_0,6.207851790924184e-07,0.0005774713176947746,0.0005780921028738671
26.63,0.000677261999953771,1,0.04515315998564379,True,cbf_obstacle_0,6.207735059605039e-07,0.0005774604723039788,0.0005780812458099393
26.64,0.0006743519988958724,1,0.045157320763123315,True,cbf_obstacle_0,6.207557187698583e-07,0.0005774497515138281,0.000578070507232598
26.650000000000002,0.0006786430021747947,1,0.04516133178367368,True,cbf_obstacle_0,6.207470081481572e-07,0.0005774392345250514,0.0005780599815331996
26.66,0.0006825329983257689,1,0.04516558228601236,True,cbf_obstacle_0,6.207359689752613e-07,0.0005774284644095529,0.0005780492003785281
26.67,0.0006695420015603304,1,0.045169629178373735,True,cbf_obstacle_0,6.207256663831708e-07,0.0005774178518515307,0.0005780385775179139
26.68,0.0006744329984940123,1,0.045173864151976835,True,cbf_obstacle_0,6.207025209244236e-07,0.0005774069572431205,0.000578027659764045
26.69,0.0006628829978581052,1,0.0451777878168621,True,cbf_obstacle_0,6.207087312700647e-07,0.0005773968110731231,0.0005780175198043932
26.7,0.0006777620001230389,1,0.04518185188118454,True,cbf_obstacle_0,6.206965897229072e-07,0.0005773862095459444,0.0005780069061356673
26.71,0.0006561929985764436,1,0.045186072435633384,True,cbf_obstacle_0,6.206997647809449e-07,0.0005773754929974199,0.0005779961927622008
26.72,0.0006885719994897954,1,0.04518999920876088,True,cbf_obstacle_0,6.206826631748054e-07,0.0005773652371630644,0.0005779859198262392
26.73,0.0006630829993810039,1,0.045194074469407354,True,cbf_obstacle_0,6.206686343173935e-07,0.0005773548305082239,0.0005779754991425413
26.740000000000002,0.0006710829984513111,1,0.04519827559323551,True,cbf_obstacle_0,6.206609742671637e-07,0.0005773441090709215,0.0005779647700451887
26.75,0.0006555930012837052,1,0.045202176392590936,True,cbf_obstacle_0,6.206500575632772e-07,0.0005773340445695437,0.0005779546946271069
26.76,0.0006634530000155792,1,0.045206163210288704,True,cbf_obstacle_0,6.20639879579207e-07,0.0005773237922717472,0.0005779444321513264
26.77,0.00065751299916883,1,0.04521014181687049,True,cbf_obstacle_0,6.206188347224144e-07,0.0005773134559954562,0.0005779340748301786
26.78,0.0006842319999122992,1,0.04521418734975535,True,cbf_obstacle_0,6.206199066053568e-07,0.0005773032162680653,0.0005779238361746707
26.79,0.0006798020003770944,1,0.04521813081149748,True,cbf_obstacle_0,6.206170958348476e-07,0.0005772930523391364,0.0005779136694349712
26.8,0.0006539429996337276,1,0.04522209022681775,True,cbf_obstacle_0,6.206179724034674e-07,0.0005772841574175513,0.0005779047753899548
26.810000000000002,0.0006844920026196633,1,0.045226141074003405,True,cbf_obstacle_0,6.206107775833706e-07,0.000577273856701049,0.0005778944674786323
26.82,0.0006549030003952794,1,0.045230032782409155,True,cbf_obstacle_0,6.205877202391267e-07,0.0005772626003602935,0.0005778831880805327
26.830000000000002,0.0006882329980726354,1,0.04523386386257401,True,cbf_obstacle_0,6.205640556511339e-07,0.0005772527115608804,0.0005778732756165316
26.84,0.0006528929989144672,1,0.04523780932808579,True,cbf_obstacle_0,6.205613914924138e-07,0.0005772426223367847,0.0005778631837282771
26.85,0.0006800619994464796,1,0.04524177326921079,True,cbf_obstacle_0,6.205559122777231e-07,0.0005772325599953581,0.0005778531159076358
26.86,0.0006519430025946349,1,0.045245641392639896,True,cbf_obstacle_0,6.205549495380074e-07,0.0005772227406071459,0.0005778432955566839
26.87,0.0006804719996580388,1,0.045249474355179585,True,cbf_obstacle_0,6.205551150199706e-07,0.0005772128380289102,0.0005778333931439301
26.88,0.0006558429995493498,1,0.04525338772831534,True,cbf_obstacle_0,6.205328378278528e-07,0.0005772029686623703,0.0005778235015001982
26.89,0.0006797430032747798,1,0.04525731216569529,True,cbf_obstacle_0,6.205297788094541e-07,0.0005771931034223711,0.0005778136332011806
26.900000000000002,0.0006603520014323294,1,0.045261044190274886,True,cbf_obstacle_0,6.205150261814515e-07,0.0005771821728797253,0.0005778026879059067
26.91,0.0006773319983039983,1,0.04526505888543864,True,cbf_obstacle_0,6.205167086123751e-07,0.0005771733884564331,0.0005777939051650455
26.92,0.0006649229981121607,1,0.04526875701568794,True,cbf_obstacle_0,6.204933351011076e-07,0.0005771626488542731,0.0005777831421893742
26.93,0.0006672630006505642,1,0.045272622725558376,True,cbf_obstacle_0,6.20481600452124e-07,0.0005771528907615227,0.0005777733723619749
26.94,0.000677642001392087,1,0.045276357611210245,True,cbf_obstacle_0,6.204922606651165e-07,0.0005771433366663453,0.0005777638289270104
26.95,0.0006651229996350594,1,0.04528014993259765,True,cbf_obstacle_0,6.204726768415766e-07,0.000577133698471237,0.0005777541711480785
26.96,0.0006748430023435503,1,0.04528404091751874,True,cbf_obstacle_0,6.204627187497549e-07,0.000577123858132752,0.0005777443208515017
26.97,0.000654732997645624,1,0.04528773092000144,True,cbf_obstacle_0,6.204508784057005e-07,0.0005771131992241798,0.0005777336501025855
26.98,0.000679592998494627,1,0.045291480934323114,True,cbf_obstacle_0,6.204448277621431e-07,0.0005771050082806434,0.0005777254531084056
26.990000000000002,0.0006522229996335227,1,0.045295181689657356,True,cbf_obstacle_0,6.204345652379146e-07,0.0005770943887260112,0.0005777148232912492
27.0,0.0006668630012427457,1,0.04529905821629347,True,cbf_obstacle_0,6.204335630813037e-07,0.0005770846638037592,0.0005777050973668405
27.01,0.0006779719988116995,1,0.04530277577915692,True,cbf_obstacle_0,6.204115666995901e-07,0.0005770752439329757,0.0005776956554996753
27.02,0.0007345820013142657,1,0.0453064397918031,True,cbf_obstacle_0,6.204129166663818e-07,0.0005770659968514581,0.0005776864097681245
27.03,0.0006783019998692907,1,0.04531021842510856,True,cbf_obstacle_0,6.2039402984809e-07,0.0005770550964564439,0.000577675490486292
27.04,0.0006534830026794225,1,0.04531387565371372,True,cbf_obstacle_0,6.203935317534811e-07,0.0005770459193455666,0.0005776663128773201
27.05,0.0006745030004822183,1,0.04531759510707039,True,cbf_obstacle_0,6.203696033210474e-07,0.0005770364941762293,0.0005776568637795503
27.060000000000002,0.0006559729990840424,1,0.04532125937327503,True,cbf_obstacle_0,6.203733464373828e-07,0.0005770272264203784,0.0005776475997668158
27.07,0.0006828129990026355,1,0.04532490057645831,True,cbf_obstacle_0,6.203768291675696e-07,0.0005770181385973942,0.0005776385154265618
27.080000000000002,0.0006765120015188586,1,0.04532862601986857,True,cbf_obstacle_0,6.203641866468395e-07,0.0005770076369946731,0.00057762800118132
27.09,0.0006714529990858864,1,0.04533220929402841,True,cbf_obstacle_0,6.203592697949505e-07,0.0005769986106029732,0.0005776189698727682
27.1,0.0006784619981772266,1,0.04533597451503615,True,cbf_obstacle_0,6.2035425331e-07,0.0005769892393983714,0.0005776095936516814
27.11,0.0006658819984295405,1,0.04533937718809162,True,cbf_obstacle_0,6.203388785471942e-07,0.0005769793802362629,0.0005775997191148101
27.12,0.0006685530024697073,1,0.04534306975058504,True,cbf_obstacle_0,6.203381169743318e-07,0.0005769712626272525,0.0005775916007442268
27.13,0.0006585929986613337,1,0.04534671983529258,True,cbf_obstacle_0,6.203293304089451e-07,0.0005769609190651106,0.0005775812483955196
27.14,0.0006906519993208349,1,0.04535019098558668,True,cbf_obstacle_0,6.203166663024584e-07,0.0005769520839013693,0.0005775724005676717
27.150000000000002,0.0006683530009468086,1,0.04535377366164251,True,cbf_obstacle_0,6.203122174205944e-07,0.0005769431135750981,0.0005775634257925187
27.16,0.00067589199898066,1,0.045357445813786645,True,cbf_obstacle_0,6.202943959496985e-07,0.0005769328151075581,0.0005775531095035078
27.17,0.0006565629992110189,1,0.04536090040311035,True,cbf_obstacle_0,6.202896233293266e-07,0.000576924182338451,0.0005775444719617804
27.18,0.0006720629971823655,1,0.04536456407917899,True,cbf_obstacle_0,6.202773691297805e-07,0.0005769150939182827,0.0005775353712874124
27.19,0.0009031699992192443,1,0.04536797065206236,True,cbf_obstacle_0,6.202704732786243e-07,0.0005769052123996259,0.0005775254828729046
27.2,0.0007806219982740004,1,0.04537162642073187,True,cbf_obstacle_0,6.202623147157298e-07,0.0005768961466008933,0.0005775164089156091
27.21,0.0007351720014412422,1,0.04537501421981709,True,cbf_obstacle_0,6.202574203017634e-07,0.0005768876149308583,0.0005775078723511601
27.22,0.0007684119991608895,1,0.04537863765881571,True,cbf_obstacle_0,6.202428123218059e-07,0.0005768775118966481,0.0005774977547089699
27.23,0.000694452002790058,1,0.04538208138983853,True,cbf_obstacle_0,6.202375384538119e-07,0.0005768688803880361,0.00057748911792649
27.240000000000002,0.0006892230012454093,1,0.045385741028347255,True,cbf_obstacle_0,6.202357927597267e-07,0.000576859699742647,0.0005774799355354067
27.25,0.0006936419995327014,1,0.04538918722815664,True,cbf_obstacle_0,6.202273638367852e-07,0.000576851231890672,0.0005774714592545087
27.26,0.0006962030020076782,1,0.04539249624626587,True,cbf_obstacle_0,6.202153308475301e-07,0.000576842803268417,0.0005774630185992646
27.27,0.0006971120019443333,1,0.0453960243359653,True,cbf_obstacle_0,6.2020820404014e-07,0.0005768329320800552,0.0005774531402840953
27.28,0.000687592000758741,1,0.045399641348948694,True,cbf_obstacle_0,6.202023005392114e-07,0.000576824014124155,0.0005774442164246941
27.29,0.0006785220029996708,1,0.04540297116574012,True,cbf_obstacle_0,6.20190865195499e-07,0.0005768145094045989,0.0005774347002697945
27.3,0.0006726530009473208,1,0.045406432033767596,True,cbf_obstacle_0,6.201911601983965e-07,0.0005768059179079386,0.0005774261090681369
27.310000000000002,0.0006632829972659238,1,0.04540978028109885,True,cbf_obstacle_0,6.201711881658938e-07,0.0005767963476281167,0.0005774165188162826
27.32,0.0006790130028093699,1,0.04541316081814828,True,cbf_obstacle_0,6.20164441549764e-07,0.000576787925121174,0.0005774080895627238
27.330000000000002,0.0006595430022571236,1,0.04541659733086092,True,cbf_obstacle_0,6.201707763381197e-07,0.0005767794525093505,0.0005773996232856887
27.34,0.0006749229978595395,1,0.045419979202610455,True,cbf_obstacle_0,6.201645296735836e-07,0.0005767709938276956,0.0005773911583573692
27.35,0.0006741620018146932,1,0.04542335607543064,True,cbf_obstacle_0,6.201521747989538e-07,0.0005767614472112093,0.0005773815993860082
27.36,0.0006691529997624457,1,0.04542665358745282,True,cbf_obstacle_0,6.201511040756519e-07,0.0005767532712694627,0.0005773734223735383
27.37,0.000669221997668501,1,0.04543003813716899,True,cbf_obstacle_0,6.201444266946033e-07,0.0005767450600722334,0.0005773652044989279
27.38,0.0006674229989585001,1,0.04543346900647676,True,cbf_obstacle_0,6.201287371868933e-07,0.0005767352418817212,0.0005773553706189082
27.39,0.0006710720008413773,1,0.045436773429593014,True,cbf_obstacle_0,6.20134705693515e-07,0.0005767272495075612,0.0005773473842132547
27.400000000000002,0.0006561230002262164,1,0.04544009698572691,True,cbf_obstacle_0,6.201213042292905e-07,0.0005767177626904808,0.00057733788399471
27.41,0.0006781430020055268,1,0.0454434537407569,True,cbf_obstacle_0,6.201113965473753e-07,0.000576708266037169,0.0005773283774337163
27.42,0.0006542730006913189,1,0.04544684415447524,True,cbf_obstacle_0,6.201050224470626e-07,0.0005766999637782998,0.0005773200688007468
27.43,0.0006762129996786825,1,0.045450184612786486,True,cbf_obstacle_0,6.20106168912661e-07,0.0005766919462060854,0.0005773120523749981
27.44,0.0006729829983669333,1,0.04545329882781388,True,cbf_obstacle_0,6.200961918787042e-07,0.000576682812588415,0.0005773029087802937
27.45,0.0006703330000163987,1,0.04545662139489119,True,cbf_obstacle_0,6.200841220336547e-07,0.0005766746061995344,0.000577294690321568
27.46,0.0006714119990647305,1,0.04546000776462268,True,cbf_obstacle_0,6.200916569630596e-07,0.0005766663525490717,0.0005772864442060348
27.47,0.0006583229987882078,1,0.04546319748758538,True,cbf_obstacle_0,6.200671947806969e-07,0.0005766572318918462,0.0005772772990866268
27.48,0.0006963330015423708,1,0.04546649462834549,True,cbf_obstacle_0,6.200569284357986e-07,0.0005766492523232553,0.0005772693092516911
27.490000000000002,0.0006582220012205653,1,0.04546983264001924,True,cbf_obstacle_0,6.200456766427843e-07,0.0005766399315515752,0.000577259977228218
27.5,0.0007957919988257345,1,0.045472930885607686,True,cbf_obstacle_0,6.200496628618241e-07,0.0005766321815250978,0.0005772522311879596
27.51,0.0007527620000473689,1,0.045476161260496833,True,cbf_obstacle_0,6.200529835699311e-07,0.0005766243006770906,0.0005772443536606605
27.52,0.0006975020005484112,1,0.04547931215370269,True,cbf_obstacle_0,6.200442294334372e-07,0.0005766153066900248,0.0005772353509194583
27.53,0.0007455719969584607,1,0.04548261690715927,True,cbf_obstacle_0,6.200243044045972e-07,0.0005766060413895431,0.0005772260656939477
27.54,0.0007058120027068071,1,0.04548576544598449,True,cbf_obstacle_0,6.200330553823519e-07,0.0005765982648255137,0.0005772182978808961
27.55,0.0006847620024927892,1,0.045489035280489434,True,cbf_obstacle_0,6.200238939815009e-07,0.0005765903657868934,0.0005772103896808749
27.560000000000002,0.0006864329989184625,1,0.04549220004334785,True,cbf_obstacle_0,6.20012023595816e-07,0.0005765813923495377,0.0005772014043731335
27.57,0.0006740930002706591,1,0.04549528119496014,True,cbf_obstacle_0,6.200030217812883e-07,0.0005765737649280245,0.0005771937679498058
27.580000000000002,0.0006692829992971383,1,0.045498519780373226,True,cbf_obstacle_0,6.199866277731415e-07,0.000576564732420536,0.0005771847190483092
27.59,0.0006722830003127456,1,0.04550159362333376,True,cbf_obstacle_0,6.199930367227159e-07,0.0005765561199408214,0.0005771761129775441
27.6,0.0006666729968856089,1,0.04550471170827805,True,cbf_obstacle_0,6.199731206896138e-07,0.0005765483541224447,0.0005771683272431343
27.61,0.0006793819993617944,1,0.045507997368454095,True,cbf_obstacle_0,6.199735033686869e-07,0.0005765392764788273,0.000577159249982196
27.62,0.0006581130000995472,1,0.04551103449876244,True,cbf_obstacle_0,6.199686690073643e-07,0.0005765318199906741,0.0005771517886596815
27.63,0.0006882329980726354,1,0.04551418532538002,True,cbf_obstacle_0,6.199494271620343e-07,0.0005765229968670588,0.0005771429462942208
27.64,0.0006591220007976517,1,0.045517233216046504,True,cbf_obstacle_0,6.199633872719855e-07,0.0005765155132454736,0.0005771354766327455
27.650000000000002,0.0006772330016246997,1,0.04552044389503685,True,cbf_obstacle_0,6.199540707639409e-07,0.0005765079038578644,0.0005771278579286283
27.66,0.0006581919988093432,1,0.045523469636578696,True,cbf_obstacle_0,6.199376667109971e-07,0.0005764991860420505,0.0005771191237087615
27.67,0.0007477619983546901,1,0.04552661932223444,True,cbf_obstacle_0,6.199351345773202e-07,0.000576490362732984,0.0005771102978675613
27.68,0.0006781219999538735,1,0.04552958418761067,True,cbf_obstacle_0,6.199212766706107e-07,0.0005764831626507678,0.0005771030839274384
27.69,0.000656442000035895,1,0.04553275068142737,True,cbf_obstacle_0,6.199339516267147e-07,0.0005764755482277146,0.0005770954821793414
27.7,0.0006714029987051617,1,0.045535710753045494,True,cbf_obstacle_0,6.19910997017559e-07,0.0005764671116482414,0.000577087022645259
27.71,0.0006671629998891149,1,0.045538817478105245,True,cbf_obstacle_0,6.199140629511395e-07,0.0005764596220864428,0.000577079536149394
27.72,0.0006710630004818086,1,0.04554180037235789,True,cbf_obstacle_0,6.198986456720646e-07,0.0005764510257221025,0.0005770709243677745
27.73,0.000654922998364782,1,0.04554483373750795,True,cbf_obstacle_0,6.198987678854695e-07,0.0005764425526593319,0.0005770624514272174
27.740000000000002,0.0006827229990449268,1,0.04554782415354661,True,cbf_obstacle_0,6.198921313718512e-07,0.0005764353504431263,0.0005770552425744981
27.75,0.0006859620007162448,1,0.04555088665798529,True,cbf_obstacle_0,6.198805960863578e-07,0.0005764268190777259,0.0005770466996738123
27.76,0.0006745620012225118,1,0.045553861742239896,True,cbf_obstacle_0,6.198755565850465e-07,0.0005764195131829615,0.0005770393887395465
27.77,0.0006756530019629281,1,0.04555693408549541,True,cbf_obstacle_0,6.198612288620525e-07,0.0005764109565887745,0.0005770308178176366
27.78,0.0006552830018335953,1,0.04555979345942635,True,cbf_obstacle_0,6.19867035204765e-07,0.0005764040938638245,0.0005770239608990293
27.79,0.0006844430026831105,1,0.04556275915291639,True,cbf_obstacle_0,6.198538568296132e-07,0.0005763955759391232,0.0005770154297959528
27.8,0.0006596929997613188,1,0.04556572702208534,True,cbf_obstacle_0,6.198414390686069e-07,0.0005763873284555215,0.0005770071698945901
27.810000000000002,0.0006711429996357765,1,0.04556867610417512,True,cbf_obstacle_0,6.198405449592931e-07,0.0005763802222947306,0.0005770000628396899
27.82,0.0006707829998049419,1,0.04557170775039975,True,cbf_obstacle_0,6.198273434271942e-07,0.000576371808366401,0.0005769916357098282
27.830000000000002,0.0006690129994240124,1,0.04557453205981785,True,cbf_obstacle_0,6.198248646872807e-07,0.0005763649507421328,0.0005769847756068201
27.84,0.0006798529975640122,1,0.0455775521458728,True,cbf_obstacle_0,6.19819800040973e-07,0.000576356496680864,0.0005769763164809049
27.85,0.0006770229992980603,1,0.045580534528413576,True,cbf_obstacle_0,6.19812603856652e-07,0.0005763482477015595,0.0005769680603054162
27.86,0.000664413000777131,1,0.045583336021885655,True,cbf_obstacle_0,6.198106362512862e-07,0.000576341419439652,0.0005769612300759033
27.87,0.0006682630009891,1,0.04558625242343361,True,cbf_obstacle_0,6.198003102721554e-07,0.0005763332692380214,0.0005769530695482935
27.88,0.0007167230032791849,1,0.045589154939047506,True,cbf_obstacle_0,6.197931223985772e-07,0.000576326343997059,0.0005769461371194576
27.89,0.0007003220016486011,1,0.045592061884377026,True,cbf_obstacle_0,6.197841546303824e-07,0.0005763180371355839,0.0005769378212902144
27.900000000000002,0.0006863119997433387,1,0.04559496710093374,True,cbf_obstacle_0,6.19788435338185e-07,0.000576311173814267,0.0005769309622496052
27.91,0.000678443000651896,1,0.04559779454357769,True,cbf_obstacle_0,6.19785508046321e-07,0.0005763031047122416,0.0005769228902202879
27.92,0.0006711030000587925,1,0.045600665701294785,True,cbf_obstacle_0,6.197779631423373e-07,0.00057629634527608,0.0005769161232392223
27.93,0.000680812998325564,1,0.04560347311825282,True,cbf_obstacle_0,6.197663536605161e-07,0.000576288273654842,0.0005769080400085025
27.94,0.0006524929995066486,1,0.045606461157974135,True,cbf_obstacle_0,6.197611151166166e-07,0.000576280035596239,0.0005768997967113557
27.95,0.0006663720014330465,1,0.04560913973298187,True,cbf_obstacle_0,6.197643868397106e-07,0.0005762735327425507,0.0005768932971293904
27.96,0.0006587229981960263,1,0.04561213076912624,True,cbf_obstacle_0,6.197551016906769e-07,0.0005762652727293591,0.0005768850278310498
27.97,0.0006799830007366836,1,0.045614891708118124,True,cbf_obstacle_0,6.197550463999285e-07,0.0005762586826885234,0.0005768784377349234
27.98,0.000668413002131274,1,0.04561757315543606,True,cbf_obstacle_0,6.197452620603022e-07,0.0005762509624728677,0.000576870707734928
27.990000000000002,0.0006667429988738149,1,0.045620518990899986,True,cbf_obstacle_0,6.197288498898836e-07,0.00057624288302207,0.0005768626118719599
28.0,0.0006702020000375342,1,0.045623265058145485,True,cbf_obstacle_0,6.197309392833118e-07,0.0005762364917545916,0.0005768562226938749
28.01,0.0006701230013277382,1,0.04562602661875475,True,cbf_obstacle_0,6.197293855498764e-07,0.0005762285603709907,0.0005768482897565406
28.02,0.0006757129995094147,1,0.04562886357663375,True,cbf_obstacle_0,6.197165687880002e-07,0.0005762205943193663,0.0005768403108881543
28.03,0.0006620230014959816,1,0.04563162382300388,True,cbf_obstacle_0,6.197276202019864e-07,0.0005762139560689578,0.0005768336836891599
28.04,0.0006606930000998545,1,0.04563435290095266,True,cbf_obstacle_0,6.19709369855164e-07,0.0005762062549549446,0.0005768259643247998
28.05,0.0006676630000583827,1,0.0456370712087109,True,cbf_obstacle_0,6.197050447070304e-07,0.0005761986860643829,0.00057681839110909
28.060000000000002,0.0006736830000590999,1,0.04563980114498325,True,cbf_obstacle_0,6.196937358116479e-07,0.000576192151794207,0.0005768118455300186
28.07,0.0006550229991262313,1,0.045642621850972856,True,cbf_obstacle_0,6.196902545475277e-07,0.000576184263328091,0.0005768039535826385
28.080000000000002,0.000676732997817453,1,0.045645321936150694,True,cbf_obstacle_0,6.196835904788326e-07,0.0005761767372338431,0.0005767964208243219
28.09,0.0006762820012227166,1,0.04564805779128749,True,cbf_obstacle_0,6.196745772721403e-07,0.0005761702046484745,0.0005767898792257466
28.1,0.0007011430025158916,1,0.04565065721740701,True,cbf_obstacle_0,6.196743283233898e-07,0.0005761628642997759,0.0005767825386280993
28.11,0.0006733929985784926,1,0.04565336649422098,True,cbf_obstacle_0,6.196751350612939e-07,0.0005761563497890561,0.0005767760249241174
28.12,0.0006517020010505803,1,0.04565606163504202,True,cbf_obstacle_0,6.196617009712396e-07,0.0005761488222388655,0.0005767684839398367
28.13,0.0006643420019827317,1,0.0456587684578157,True,cbf_obstacle_0,6.196536650511811e-07,0.0005761412369243358,0.000576760890589387
28.14,0.0006847020013083238,1,0.04566142801704131,True,cbf_obstacle_0,6.196543499706437e-07,0.0005761349171040112,0.0005767545714539819
28.150000000000002,0.0006813830004830379,1,0.04566409445250444,True,cbf_obstacle_0,6.196444823950966e-07,0.0005761273526351644,0.0005767469971175595
28.16,0.0006681229970126878,1,0.04566678330771341,True,cbf_obstacle_0,6.196354917547842e-07,0.0005761210600649147,0.0005767406955566695
28.17,0.0006597630017495248,1,0.04566944072858034,True,cbf_obstacle_0,6.196237875359577e-07,0.0005761135654214793,0.0005767331892090153
28.18,0.0006724329978169408,1,0.04567216245070108,True,cbf_obstacle_0,6.196264119665074e-07,0.0005761058932421269,0.0005767255196540935
28.19,0.0006702120008412749,1,0.045674823773319426,True,cbf_obstacle_0,6.19634805885738e-07,0.0005760996683944151,0.0005767193032003008
28.2,0.0006947229994693771,1,0.04567745963023886,True,cbf_obstacle_0,6.196189386212961e-07,0.0005760922376521497,0.000576711856590771
28.21,0.00066273300035391,1,0.04568008750617087,True,cbf_obstacle_0,6.195959640322783e-07,0.0005760848377883585,0.0005767044337523907
28.22,0.0006597729989152867,1,0.045682674407172094,True,cbf_obstacle_0,6.196101311163762e-07,0.0005760776158006263,0.0005766972259317428
28.23,0.0006608129988308065,1,0.045685290265637016,True,cbf_obstacle_0,6.195941506575862e-07,0.0005760715303876178,0.0005766911245382754
28.240000000000002,0.0006686520027869847,1,0.04568794662216766,True,cbf_obstacle_0,6.195906199442444e-07,0.0005760640556451802,0.0005766836462651245
28.25,0.0006693830000585876,1,0.04569038060879019,True,cbf_obstacle_0,6.195915912008644e-07,0.0005760571586741082,0.000576676750265309
28.26,0.0006568630014953669,1,0.04569300375612557,True,cbf_obstacle_0,6.195862337420597e-07,0.0005760508997434929,0.000576670485977235
28.27,0.0006974419993639458,1,0.045695617773344174,True,cbf_obstacle_0,6.195721773054599e-07,0.0005760436865425682,0.0005766632587198736
28.28,0.0006529829988721758,1,0.045698251604188285,True,cbf_obstacle_0,6.195726904671808e-07,0.0005760362115306662,0.0005766557842211334
28.29,0.000679322998621501,1,0.04570072505208734,True,cbf_obstacle_0,6.195600224253074e-07,0.0005760304829376703,0.0005766500429600956
28.3,0.0006546029981109314,1,0.045703282887640154,True,cbf_obstacle_0,6.195592113804335e-07,0.0005760232158001765,0.0005766427750115569
28.310000000000002,0.00067588300225907,1,0.0457058903511655,True,cbf_obstacle_0,6.1955840561693e-07,0.0005760159190658997,0.0005766354774715167
28.32,0.000655413001368288,1,0.04570859316913944,True,cbf_obstacle_0,6.195528843227326e-07,0.0005760097756704964,0.0005766293285548191
28.330000000000002,0.0006825919990660623,1,0.04571091416893959,True,cbf_obstacle_0,6.195562950389911e-07,0.0005760030669916827,0.0005766226232867217
28.34,0.0006855529973108787,1,0.04571348456447307,True,cbf_obstacle_0,6.195338581148321e-07,0.0005759957281376929,0.0005766152619958077
28.35,0.0006681120030407328,1,0.04571585757811484,True,cbf_obstacle_0,6.195463132733235e-07,0.0005759901360079371,0.0005766096823212104
28.36,0.0006767129998479504,1,0.04571846958343856,True,cbf_obstacle_0,6.1954875219012e-07,0.0005759830631536869,0.000576602611905877
28.37,0.0006540929971379228,1,0.04572110209386851,True,cbf_obstacle_0,6.195233885707003e-07,0.0005759756138442317,0.0005765951372328024
28.38,0.0006809719998273067,1,0.04572349391138564,True,cbf_obstacle_0,6.195225909333416e-07,0.0005759699809657138,0.0005765895035566471
28.39,0.0006549130011990201,1,0.04572607171052327,True,cbf_obstacle_0,6.195107294994537e-07,0.0005759628104742668,0.0005765823212037662
28.400000000000002,0.000660142999549862,1,0.04572841990297701,True,cbf_obstacle_0,6.195010471508668e-07,0.0005759560480141364,0.0005765755490612873
28.41,0.0006632730001001619,1,0.04573098843111359,True,cbf_obstacle_0,6.195028226995531e-07,0.0005759501996479449,0.0005765697024706445
28.42,0.0006872829981148243,1,0.045733364159425124,True,cbf_obstacle_0,6.195049728649353e-07,0.0005759433738192592,0.0005765628787921241
28.43,0.0006641620020673145,1,0.045735926049049705,True,cbf_obstacle_0,6.195166659827334e-07,0.00057593623175595,0.0005765557484219328
28.44,0.0006728320004185662,1,0.04573834313825389,True,cbf_obstacle_0,6.19494880132337e-07,0.0005759293595507326,0.0005765488544308649
28.45,0.000686301998939598,1,0.04574079774363316,True,cbf_obstacle_0,6.195011629109703e-07,0.0005759237073605782,0.0005765432085234892
28.46,0.0006752320005034562,1,0.04574321538102878,True,cbf_obstacle_0,6.194904216182266e-07,0.0005759169956552663,0.0005765364860768846
28.47,0.0007015320006757975,1,0.045745744324639646,True,cbf_obstacle_0,6.194826849462312e-07,0.0005759098385218755,0.0005765293212068218
28.48,0.000675582999974722,1,0.045748107241171024,True,cbf_obstacle_0,6.194848075399987e-07,0.000575903218032253,0.000576522702839793
28.490000000000002,0.0006675929980701767,1,0.045750410338807716,True,cbf_obstacle_0,6.194779613462695e-07,0.0005758977859379609,0.0005765172638993072
28.5,0.0006737930016242899,1,0.04575300493110223,True,cbf_obstacle_0,6.194688593998831e-07,0.0005758907306154564,0.0005765101994748563
28.51,0.0006757529990863986,1,0.045755320512173604,True,cbf_obstacle_0,6.194520802095418e-07,0.0005758841329362098,0.0005765035850164193
28.52,0.0006731530011165887,1,0.045757573071005087,True,cbf_obstacle_0,6.194668402179292e-07,0.0005758787145974119,0.0005764981814376298
28.53,0.0006659029968432151,1,0.045760125405455696,True,cbf_obstacle_0,6.194504268541726e-07,0.000575871662870919,0.0005764911132977732
28.54,0.0006825529999332502,1,0.045762443212211824,True,cbf_obstacle_0,6.194447590607617e-07,0.0005758651583025644,0.0005764846030616251
28.55,0.0006572519996552728,1,0.045764853697822405,True,cbf_obstacle_0,6.194362161170657e-07,0.0005758583694560721,0.0005764778056721892
28.560000000000002,0.0006696230011584703,1,0.04576722078033297,True,cbf_obstacle_0,6.194352139244398e-07,0.0005758518627826019,0.0005764712979965264
28.57,0.0006622920009249356,1,0.04576961267353704,True,cbf_obstacle_0,6.194352289124668e-07,0.0005758463108103813,0.0005764657460392938
28.580000000000002,0.0006594529986614361,1,0.045771892667134106,True,cbf_obstacle_0,6.194203021521051e-07,0.0005758396705145083,0.0005764590908166604
28.59,0.0009293900002376176,1,0.04577415626016282,True,cbf_obstacle_0,6.194130963062725e-07,0.0005758344169751306,0.0005764538300714369
28.6,0.0007745120019535534,1,0.04577656234640494,True,cbf_obstacle_0,6.194285564353241e-07,0.000575827722990275,0.0005764471515467103
28.61,0.0007795720011927187,1,0.045779000812042135,True,cbf_obstacle_0,6.194171305821785e-07,0.0005758210272269651,0.0005764404443575472
28.62,0.0007397619992843829,1,0.04578136948223991,True,cbf_obstacle_0,6.193978489091208e-07,0.0005758142789438751,0.0005764336767927841
28.63,0.0007128729994292371,1,0.045783628944410765,True,cbf_obstacle_0,6.19404876795999e-07,0.0005758092123421752,0.0005764286172189713
28.64,0.0007024320002528839,1,0.04578589368620926,True,cbf_obstacle_0,6.194036814561665e-07,0.0005758027589754346,0.0005764221626568908
28.650000000000002,0.0006731630019203294,1,0.04578814330568902,True,cbf_obstacle_0,6.19385024570467e-07,0.0005757962875756967,0.0005764156726002672
28.66,0.0006931130010343622,1,0.0457904070268037,True,cbf_obstacle_0,6.193865088885541e-07,0.0005757898836842874,0.0005764092701931759
28.67,0.0006706029998895247,1,0.04579275199131899,True,cbf_obstacle_0,6.193865767022158e-07,0.0005757845017352733,0.0005764038883119755
28.68,0.0007223530010378454,1,0.04579498505421123,True,cbf_obstacle_0,6.193867308640427e-07,0.0005757782221790183,0.0005763976089098823
28.69,0.0007036530005279928,1,0.04579719909965626,True,cbf_obstacle_0,6.193761109249081e-07,0.000575771908471509,0.000576391284582434
28.7,0.0006584330003533978,1,0.04579950222493337,True,cbf_obstacle_0,6.193603927730291e-07,0.0005757653709516459,0.0005763847313444189
28.71,0.0006734819980920292,1,0.04580174153117797,True,cbf_obstacle_0,6.193691785086761e-07,0.0005757601744203002,0.0005763795435988089
28.72,0.0006576829982805066,1,0.045804057571904894,True,cbf_obstacle_0,6.193623023066485e-07,0.0005757537683772846,0.0005763731306795912
28.73,0.0006691230009892024,1,0.0458062956740747,True,cbf_obstacle_0,6.19364305652513e-07,0.0005757473996450854,0.0005763667639507379
28.740000000000002,0.0006658230013272259,1,0.045808606261878784,True,cbf_obstacle_0,6.193441079684641e-07,0.0005757421626143636,0.000576361506722332
28.75,0.0006733830014127307,1,0.04581082361356387,True,cbf_obstacle_0,6.193432756431195e-07,0.0005757359068181804,0.0005763552500938235
28.76,0.0006715529998473357,1,0.04581301673257032,True,cbf_obstacle_0,6.193338108171638e-07,0.0005757296638961785,0.0005763489977069957
28.77,0.0006727030013280455,1,0.04581524168313107,True,cbf_obstacle_0,6.193348610383409e-07,0.000575723334433637,0.0005763426692946753
28.78,0.0006792120002501179,1,0.045817512743885645,True,cbf_obstacle_0,6.193309776581124e-07,0.0005757182263527063,0.0005763375573303645
28.79,0.0006732020010531414,1,0.04581969882278379,True,cbf_obstacle_0,6.193323265213455e-07,0.0005757120538440321,0.0005763313861705535
28.8,0.0006839730012870859,1,0.045821982206284674,True,cbf_obstacle_0,6.193174737433381e-07,0.0005757055842444652,0.0005763249017182086
28.810000000000002,0.000680082001053961,1,0.04582406767904992,True,cbf_obstacle_0,6.193241800868645e-07,0.0005756996359545766,0.0005763189601346634
28.82,0.0006762030025129206,1,0.04582634655223094,True,cbf_obstacle_0,6.193226277574502e-07,0.0005756945701366736,0.000576313892764431
28.830000000000002,0.0006528829981107265,1,0.04582860709390074,True,cbf_obstacle_0,6.19303256432455e-07,0.0005756881805295768,0.0005763074837860093
28.84,0.0006696329983242322,1,0.04583055262644475,True,cbf_obstacle_0,6.193087545675129e-07,0.0005756824538561632,0.0005763017626107306
28.85,0.0006603129986615386,1,0.04583283740377881,True,cbf_obstacle_0,6.192866471528223e-07,0.0005756760816491693,0.0005762953682963221
28.86,0.0006872420017316472,1,0.04583501948949694,True,cbf_obstacle_0,6.193075012181611e-07,0.0005756700111050916,0.0005762893186063097
28.87,0.0006784729994251393,1,0.04583725936382216,True,cbf_obstacle_0,6.193050890619973e-07,0.0005756649534918394,0.0005762842585809014
28.88,0.0006542229966726154,1,0.045839489186361694,True,cbf_obstacle_0,6.192935055789832e-07,0.0005756586510274294,0.0005762779445330084
28.89,0.0006675120021100156,1,0.045841411034339107,True,cbf_obstacle_0,6.192821106395345e-07,0.0005756530186218351,0.0005762723007324746
28.900000000000002,0.0006564719988091383,1,0.04584363907906707,True,cbf_obstacle_0,6.192681067754278e-07,0.0005756468177655319,0.0005762660858723073
28.91,0.0006813520012656227,1,0.0458458275187013,True,cbf_obstacle_0,6.192890474324182e-07,0.0005756418929339997,0.0005762611819814322
28.92,0.0006593629987037275,1,0.04584797442510977,True,cbf_obstacle_0,6.192791908677377e-07,0.0005756357988915995,0.0005762550780824673
28.93,0.0006850320023659151,1,0.04584998907071485,True,cbf_obstacle_0,6.192703913500632e-07,0.0005756299723303713,0.0005762492427217213
28.94,0.0006628629998886026,1,0.045852108988508306,True,cbf_obstacle_0,6.19274373370408e-07,0.0005756252544881747,0.0005762445288615451
28.95,0.0006976419972488657,1,0.04585433881512771,True,cbf_obstacle_0,6.19263349181086e-07,0.0005756189704426522,0.0005762382337918333
28.96,0.0006939829982002266,1,0.04585627661951861,True,cbf_obstacle_0,6.19272606071289e-07,0.0005756134510627913,0.0005762327236688626
28.97,0.0006969620008021593,1,0.045858432723278456,True,cbf_obstacle_0,6.192515832401931e-07,0.000575607275434078,0.0005762265270173182
28.98,0.0006831130012869835,1,0.045860542165583336,True,cbf_obstacle_0,6.192485199232478e-07,0.0005756013913211813,0.0005762206398411046
28.990000000000002,0.0006701320016873069,1,0.045862560253342496,True,cbf_obstacle_0,6.192480174203271e-07,0.000575596763625697,0.0005762160116431173
29.0,0.0006736229988746345,1,0.04586465577428065,True,cbf_obstacle_0,6.192439327988729e-07,0.000575590868866564,0.0005762101127993629
29.01,0.0006616030004806817,1,0.04586668576431107,True,cbf_obstacle_0,6.192452147820323e-07,0.0005755850301092593,0.0005762042753240413
29.02,0.0006736830000590999,1,0.045868848546577294,True,cbf_obstacle_0,6.192210482753554e-07,0.0005755789080227676,0.000576198129071043
29.03,0.00067642200156115,1,0.045870868899440996,True,cbf_obstacle_0,6.192308534117171e-07,0.000575574331272677,0.0005761935621260886
29.04,0.0006757830014976207,1,0.04587283045649962,True,cbf_obstacle_0,6.192246841371974e-07,0.0005755688164719653,0.0005761880411561024
29.05,0.0006856830004835501,1,0.04587500053814887,True,cbf_obstacle_0,6.192149622946656e-07,0.0005755627137387109,0.0005761819287010056
29.060000000000002,0.0006785129990021233,1,0.04587700888287724,True,cbf_obstacle_0,6.192202209499293e-07,0.000575556939016679,0.000576176159237629
29.07,0.0007381719988188706,1,0.04587905831894084,True,cbf_obstacle_0,6.192179913343109e-07,0.0005755525264954276,0.0005761717444867618
29.080000000000002,0.0006631220021517947,1,0.045881018832767746,True,cbf_obstacle_0,6.192105164905872e-07,0.00057554682432673,0.0005761660348432207
29.09,0.0006722830003127456,1,0.045883114146708925,True,cbf_obstacle_0,6.192185729971934e-07,0.0005755409019435804,0.0005761601205165776
29.1,0.0006599429980269633,1,0.04588512820862607,True,cbf_obstacle_0,6.19197567553125e-07,0.000575535166594069,0.0005761543641616221
29.11,0.0006746629987901542,1,0.045887167766841125,True,cbf_obstacle_0,6.191858396720454e-07,0.0005755293156127917,0.0005761485014524638
29.12,0.0006735030001436826,1,0.045889054948019745,True,cbf_obstacle_0,6.192019469488266e-07,0.0005755250515322778,0.0005761442534792267
29.13,0.000682293000863865,1,0.045890959937587156,True,cbf_obstacle_0,6.191854313321945e-07,0.0005755196646274387,0.0005761388500587709
29.14,0.0006693229988741223,1,0.045893129268781786,True,cbf_obstacle_0,6.191891243762065e-07,0.0005755135465921346,0.0005761327357165108
29.150000000000002,0.0006820520029577892,1,0.045895085093620294,True,cbf_obstacle_0,6.191943873794003e-07,0.0005755092708880347,0.0005761284652754142
29.16,0.0007029420012258925,1,0.04589709007061544,True,cbf_obstacle_0,6.191844481222354e-07,0.000575503610705899,0.0005761227951540213
29.17,0.0006654629978584126,1,0.04589902878072095,True,cbf_obstacle_0,6.19167695234492e-07,0.0005754979933856427,0.0005761171610808773
29.18,0.0008107419998850673,1,0.04590095072378359,True,cbf_obstacle_0,6.191636244919774e-07,0.000575492473214311,0.000576111636838803
29.19,0.0007274620002135634,1,0.0459029735994066,True,cbf_obstacle_0,6.191634131466705e-07,0.000575486764047556,0.0005761059274607027
29.2,0.0006895620026625693,1,0.045904804977864117,True,cbf_obstacle_0,6.191732036359428e-07,0.0005754826970752395,0.0005761018702788755
29.21,0.0007059929994284175,1,0.04590689819466697,True,cbf_obstacle_0,6.191588117265853e-07,0.000575476828890839,0.0005760959877025656
29.22,0.0007023119978839532,1,0.04590883024892547,True,cbf_obstacle_0,6.191525219801343e-07,0.0005754712584119671,0.0005760904109339473
29.23,0.0006788030004827306,1,0.04591072534022356,True,cbf_obstacle_0,6.191375925224822e-07,0.0005754658323027407,0.0005760849698952631
29.240000000000002,0.0006895730002725031,1,0.04591272867956776,True,cbf_obstacle_0,6.191497414113383e-07,0.0005754614502324219,0.0005760805999738332
29.25,0.0006699929981550667,1,0.045914625670508476,True,cbf_obstacle_0,6.191355179814081e-07,0.0005754561178050291,0.0005760752533230105
29.26,0.0006961930012039375,1,0.0459165234453925,True,cbf_obstacle_0,6.191292028856981e-07,0.000575450476074176,0.0005760696052770617
29.27,0.0006767829981981777,1,0.04591840145876677,True,cbf_obstacle_0,6.191287515186582e-07,0.000575445054099354,0.0005760641828508726
29.28,0.0007075829998939298,1,0.045920393341352395,True,cbf_obstacle_0,6.191272779200245e-07,0.0005754394892470794,0.0005760586165249995
29.29,0.0006756430011591874,1,0.04592227058200213,True,cbf_obstacle_0,6.191368912142547e-07,0.0005754353832767774,0.0005760545201679917
29.3,0.0006748030027665664,1,0.04592416733994438,True,cbf_obstacle_0,6.191229233148297e-07,0.0005754299342209013,0.0005760490571442161
29.310000000000002,0.0006921519998286385,1,0.04592602592782131,True,cbf_obstacle_0,6.191200301998314e-07,0.000575424491585963,0.0005760436116161628
29.32,0.0006601230015803594,1,0.04592799929441267,True,cbf_obstacle_0,6.191154652545114e-07,0.0005754190230460218,0.0005760381385112763
29.330000000000002,0.0006788319988118019,1,0.045929864638151505,True,cbf_obstacle_0,6.19111597332198e-07,0.0005754149471613628,0.000576034058758695
29.34,0.0006667030029348098,1,0.04593176006132695,True,cbf_obstacle_0,6.191163092361083e-07,0.0005754094978877686,0.0005760286141970047
29.35,0.0006738119991496205,1,0.04593360105561661,True,cbf_obstacle_0,6.191037775685352e-07,0.0005754041031895123,0.0005760232069670809
29.36,0.0006674819996987935,1,0.04593543906553218,True,cbf_obstacle_0,6.190961163740081e-07,0.0005753988675079846,0.0005760179636243585
29.37,0.0006788520004192833,1,0.04593721712362332,True,cbf_obstacle_0,6.191069612000387e-07,0.0005753949544723282,0.0005760140614335283
29.38,0.0006872820013086312,1,0.045939174207438434,True,cbf_obstacle_0,6.19093297809866e-07,0.0005753882964107278,0.0005760073897085377
29.39,0.0006693219984299503,1,0.04594096578876014,True,cbf_obstacle_0,6.190940028228348e-07,0.0005753843264263001,0.000576003420429123
29.400000000000002,0.0006778520000807475,1,0.045942823377912514,True,cbf_obstacle_0,6.190818709561566e-07,0.0005753789652371542,0.0005759980471081104
29.41,0.0006623730005230755,1,0.04594468232102672,True,cbf_obstacle_0,6.19089297585233e-07,0.0005753748764918651,0.0005759939657894504
29.42,0.0006750130014552269,1,0.045946510697611714,True,cbf_obstacle_0,6.190807440214861e-07,0.0005753695822325615,0.000575988662976583
29.43,0.0006713619986840058,1,0.04594833250536262,True,cbf_obstacle_0,6.19070639739664e-07,0.0005753644105307238,0.0005759834811704635
29.44,0.0006758720010111574,1,0.045950129927947884,True,cbf_obstacle_0,6.19074558848326e-07,0.0005753591766837527,0.000575978251242601
29.45,0.0006773029999749269,1,0.045951877543252945,True,cbf_obstacle_0,6.190652224103223e-07,0.0005753540955277795,0.0005759731607501899
29.46,0.0006810229970142245,1,0.0459536966988499,True,cbf_obstacle_0,6.190649904354104e-07,0.0005753488900191109,0.0005759679550095463
29.47,0.000679012002365198,1,0.04595552752652064,True,cbf_obstacle_0,6.190645950079984e-07,0.0005753448908506921,0.0005759639554457002
29.48,0.0006597229985345621,1,0.04595745693901249,True,cbf_obstacle_0,6.190527347128337e-07,0.0005753395113120284,0.0005759585640467413
29.490000000000002,0.0007026419989415444,1,0.04595930380826886,True,cbf_obstacle_0,6.190520492095668e-07,0.0005753342281946208,0.0005759532802438303
29.5,0.0006903930006956216,1,0.04596101857436795,True,cbf_obstacle_0,6.190482007555744e-07,0.0005753293366737931,0.0005759483848745486
29.51,0.0006642730004386976,1,0.04596282082718255,True,cbf_obstacle_0,6.190475642039897e-07,0.0005753253358769896,0.0005759443834411936
29.52,0.0006739519994880538,1,0.045964595780137445,True,cbf_obstacle_0,6.190402710170077e-07,0.0005753201834791953,0.0005759392237502123
29.53,0.0006636830003117211,1,0.045966405759259484,True,cbf_obstacle_0,6.19030997893796e-07,0.0005753149984051904,0.0005759340294030842
29.54,0.0006973519994062372,1,0.045968200932960994,True,cbf_obstacle_0,6.190450121722502e-07,0.0005753111056008575,0.0005759301506130297
29.55,0.0006725319981342182,1,0.04596993345016115,True,cbf_obstacle_0,6.190285203674317e-07,0.0005753059946636385,0.000575925023184006
29.560000000000002,0.0006637030019192025,1,0.04597176956031602,True,cbf_obstacle_0,6.190249983573529e-07,0.0005753007962248085,0.0005759198212231658
29.57,0.0006851719990663696,1,0.04597331101898008,True,cbf_obstacle_0,6.1902165511433e-07,0.0005752961901508973,0.0005759152118060116
29.580000000000002,0.0006609830015804619,1,0.045975128787967966,True,cbf_obstacle_0,6.190314449554771e-07,0.0005752921488871384,0.0005759111803320939
29.59,0.0006817030007368885,1,0.04597685958470074,True,cbf_obstacle_0,6.190161603677236e-07,0.0005752872126423441,0.0005759062288027119
29.6,0.0006619529995077755,1,0.04597860630225362,True,cbf_obstacle_0,6.190087479570578e-07,0.0005752821922363904,0.0005759012009843475
29.61,0.000687862000631867,1,0.04598036526514837,True,cbf_obstacle_0,6.189964963210302e-07,0.0005752771698954968,0.0005758961663918178
29.62,0.000677992997225374,1,0.04598203009862059,True,cbf_obstacle_0,6.190031358269317e-07,0.000575272313045037,0.000575891316180864
29.63,0.00069381299908855,1,0.04598379474599241,True,cbf_obstacle_0,6.190051499634156e-07,0.0005752684144439282,0.0005758874195938916
29.64,0.0006762919983884785,1,0.045985547825605474,True,cbf_obstacle_0,6.189968019143171e-07,0.0005752633140606723,0.0005758823108625866
29.650000000000002,0.0006825130003562663,1,0.045987224192802545,True,cbf_obstacle_0,6.189990279008038e-07,0.0005752585620017516,0.0005758775610296525
29.66,0.0006857129992567934,1,0.04598892299544313,True,cbf_obstacle_0,6.189875815749489e-07,0.0005752537037699286,0.0005758726913515036
29.67,0.0006649329989159014,1,0.0459904824258544,True,cbf_obstacle_0,6.189985496751071e-07,0.0005752501966119804,0.0005758691951616555
29.68,0.0006826030003139749,1,0.04599225252115736,True,cbf_obstacle_0,6.189906538339666e-07,0.0005752451550025599,0.0005758641456563939
29.69,0.0006811029998061713,1,0.04599393428576541,True,cbf_obstacle_0,6.189799933758882e-07,0.0005752404353871832,0.0005758594153805591
29.7,0.0006739630007359665,1,0.045995681199077966,True,cbf_obstacle_0,6.189922859346165e-07,0.000575235343745303,0.0005758543360312376
29.71,0.0006806530000176281,1,0.04599740741792934,True,cbf_obstacle_0,6.189860888324316e-07,0.0005752316028314772,0.0005758505889203096
29.72,0.0006581929992535152,1,0.0459991486363594,True,cbf_obstacle_0,6.18991265687689e-07,0.000575226609270858,0.0005758456005365457
29.73,0.0006799029979447369,1,0.04600065628991551,True,cbf_obstacle_0,6.189767880955219e-07,0.0005752220371372061,0.0005758410139253016
29.740000000000002,0.0006849820019851904,1,0.04600238060470917,True,cbf_obstacle_0,6.189749413478799e-07,0.0005752170821492542,0.0005758360570906021
29.75,0.0006895519982208498,1,0.04600407378981679,True,cbf_obstacle_0,6.189726907710228e-07,0.0005752134718058993,0.0005758324444966703
29.76,0.0006594919977942482,1,0.046005775246529046,True,cbf_obstacle_0,6.189560570496184e-07,0.0005752084779402525,0.0005758274339973021
29.77,0.0006749530002707615,1,0.046007282954596315,True,cbf_obstacle_0,6.189649102704943e-07,0.0005752040154010592,0.0005758229803113296
29.78,0.0006740529970556963,1,0.04600899598176366,True,cbf_obstacle_0,6.189609178996791e-07,0.0005751990940357407,0.0005758180549536403
29.79,0.0006759829993825406,1,0.04601069034620625,True,cbf_obstacle_0,6.18957663786312e-07,0.0005751941870139523,0.0005758131446777386
29.8,0.0006841530012025032,1,0.04601238571501065,True,cbf_obstacle_0,6.189540651969254e-07,0.0005751906200425671,0.0005758095741077641
29.810000000000002,0.0006782429991289973,1,0.0460138949882509,True,cbf_obstacle_0,6.189490364706506e-07,0.000575186027120467,0.0005758049761569377
29.82,0.0007015720002527814,1,0.04601558728960616,True,cbf_obstacle_0,6.189466846593451e-07,0.0005751811966259811,0.0005758001433106405
29.830000000000002,0.0006812429965066258,1,0.046017161375076845,True,cbf_obstacle_0,6.189386086416505e-07,0.0005751765557287531,0.0005757954943373947
29.84,0.0006710220004606526,1,0.04601880910028951,True,cbf_obstacle_0,6.189373481411135e-07,0.0005751730182231068,0.000575791955571248
29.85,0.0006770430009055417,1,0.04602033005124833,True,cbf_obstacle_0,6.189351832798983e-07,0.0005751685457805873,0.0005757874809638672
29.86,0.0006671720002486836,1,0.046022078151026866,True,cbf_obstacle_0,6.189190462656755e-07,0.0005751634697149171,0.0005757823887611828
29.87,0.0006867830015835352,1,0.046023682772137316,True,cbf_obstacle_0,6.189207798361427e-07,0.0005751589452854373,0.0005757778660652734
29.88,0.0006737429976055864,1,0.046025202448371445,True,cbf_obstacle_0,6.189249801274749e-07,0.0005751555108113632,0.0005757744357914907
29.89,0.0006795420013077091,1,0.0460268559547804,True,cbf_obstacle_0,6.189194189029511e-07,0.0005751508731829557,0.0005757697926018587
29.900000000000002,0.0006587530006072484,1,0.04602853970205855,True,cbf_obstacle_0,6.189148140011263e-07,0.0005751459473933299,0.000575764862207331
29.91,0.0006738929987477604,1,0.046029995969579886,True,cbf_obstacle_0,6.189219965838206e-07,0.0005751427523623774,0.0005757616743589613
29.92,0.0006770120016881265,1,0.046031632643706945,True,cbf_obstacle_0,6.1891443763431e-07,0.000575138086735362,0.0005757570011729964
29.93,0.0006829929989180528,1,0.046033291598666745,True,cbf_obstacle_0,6.188965017344166e-07,0.0005751321736076425,0.0005757510701093769
29.94,0.0006814129992562812,1,0.04603472578392404,True,cbf_obstacle_0,6.189132473465257e-07,0.0005751290665019948,0.0005757479797493414
29.95,0.0006731529974786099,1,0.04603640050633455,True,cbf_obstacle_0,6.18899030238881e-07,0.0005751242260141976,0.0005757431250444365
29.96,0.0007119420006347355,1,0.046037838627822514,True,cbf_obstacle_0,6.189001628844973e-07,0.0005751211003032918,0.0005757400004661763
29.97,0.0006671230003121309,1,0.046039442757994584,True,cbf_obstacle_0,6.188908484178296e-07,0.0005751164576603473,0.0005757353485087651
29.98,0.000759012000344228,1,0.04604108211506652,True,cbf_obstacle_0,6.188909765519457e-07,0.0005751117667082178,0.0005757306576847697
29.990000000000002,0.0010011990016209893,1,0.046042517273433545,True,cbf_obstacle_0,6.188801390813018e-07,0.0005751073544579763,0.0005757262345970575
30.0,0.0008123010011331644,1,0.04604415834144949,True,cbf_obstacle_0,6.18895427987442e-07,0.0005751039419527541,0.0005757228373807415
30.01,0.0007307720006792806,1,0.04604559207528611,True,cbf_obstacle_0,6.188822579642351e-07,0.0005750996363705239,0.0005757185186284882
30.02,0.0007404919997497927,1,0.04604720331824764,True,cbf_obstacle_0,6.188724010680981e-07,0.000575094910760661,0.0005757137831617291
30.03,0.000714813002559822,1,0.046048630170402796,True,cbf_obstacle_0,6.188766117991605e-07,0.0005750906884278619,0.0005757095650396611
30.04,0.0006920029991306365,1,0.046050211107138715,True,cbf_obstacle_0,6.188586485476338e-07,0.0005750861612427262,0.0005757050198912739
30.05,0.000693963000230724,1,0.046051714993329676,True,cbf_obstacle_0,6.188651907825828e-07,0.0005750828422940473,0.0005757017074848299
30.060000000000002,0.0006926120004209224,1,0.0460533195182694,True,cbf_obstacle_0,6.188590428211692e-07,0.0005750783211956695,0.0005756971802384906
30.07,0.0007023530015430879,1,0.046054744902425,True,cbf_obstacle_0,6.188559794118874e-07,0.0005750738984287399,0.0005756927544081518
30.080000000000002,0.0006982719969528262,1,0.04605635559528081,True,cbf_obstacle_0,6.188579175674125e-07,0.0005750692791163836,0.000575688137033951
30.09,0.0006815929991716985,1,0.04605775536275828,True,cbf_obstacle_0,6.18849008043544e-07,0.0005750663561518902,0.0005756852051599337
30.1,0.0006846329997642897,1,0.046059311601347415,True,cbf_obstacle_0,6.188521581599588e-07,0.0005750617171594908,0.0005756805693176508
30.11,0.0006605519993172493,1,0.04606076464911456,True,cbf_obstacle_0,6.188414675519255e-07,0.0005750574028788436,0.0005756762443463956
30.12,0.0006791830019210465,1,0.046062312835767456,True,cbf_obstacle_0,6.188455428966225e-07,0.0005750541932513331,0.0005756730387942297
30.13,0.0006809820006310474,1,0.04606372950057759,True,cbf_obstacle_0,6.188504133712527e-07,0.0005750498919550203,0.0005756687423683915
30.14,0.0006813129984948318,1,0.04606528466642713,True,cbf_obstacle_0,6.188412089227482e-07,0.0005750454298952695,0.0005756642711041922
30.150000000000002,0.0006904919973749202,1,0.0460667600172545,True,cbf_obstacle_0,6.188424085939232e-07,0.0005750410748480775,0.0005756599172566714
30.16,0.0006716730022162665,1,0.04606829217366735,True,cbf_obstacle_0,6.188346735138153e-07,0.0005750377571787442,0.000575656591852258
30.17,0.0006740829994669184,1,0.04606970565485859,True,cbf_obstacle_0,6.188385367036904e-07,0.0005750335154149373,0.000575652353951641
30.18,0.0006608929979847744,1,0.04607127097956804,True,cbf_obstacle_0,6.188312413183671e-07,0.0005750289847305279,0.0005756478159718463
30.19,0.0006778919996577315,1,0.04607265270699128,True,cbf_obstacle_0,6.188354159205325e-07,0.0005750249531915499,0.0005756437886074705
30.2,0.000658962999295909,1,0.04607400749410659,True,cbf_obstacle_0,6.188382181651489e-07,0.0005750219427737002,0.0005756407809918653
30.21,0.0006724329978169408,1,0.046075613762398215,True,cbf_obstacle_0,6.188330863107298e-07,0.0005750173319811865,0.0005756361650674972
30.22,0.0006799629991292022,1,0.046077046046095395,True,cbf_obstacle_0,6.188300090066751e-07,0.0005750143237124462,0.0005756331537214529
30.23,0.0006920129999343771,1,0.046078584323618645,True,cbf_obstacle_0,6.188042258961551e-07,0.0005750086588184049,0.000575627463044301
30.240000000000002,0.0006891519988130312,1,0.04607993500483382,True,cbf_obstacle_0,6.188082023902802e-07,0.0005750057187859406,0.0005756245269883309
30.25,0.000666773001285037,1,0.046081278465093634,True,cbf_obstacle_0,6.188079504965133e-07,0.0005750016992473475,0.000575620507197844
30.26,0.0006739620002917945,1,0.04608289749633213,True,cbf_obstacle_0,6.187970098091516e-07,0.0005749970388608779,0.000575615835870687
30.27,0.0006761529984942172,1,0.0460842421762201,True,cbf_obstacle_0,6.188007609861053e-07,0.000574994111892523,0.0005756129126535092
30.28,0.0006802019997849129,1,0.04608559133812318,True,cbf_obstacle_0,6.187955850491066e-07,0.0005749900614785408,0.0005756088570635899
30.29,0.000671732999762753,1,0.0460871185576091,True,cbf_obstacle_0,6.187907667353945e-07,0.0005749856424844608,0.0005756044332511962
30.3,0.0006806230012443848,1,0.04608835711341412,True,cbf_obstacle_0,6.188004655716361e-07,0.0005749829589391802,0.0005756017594047518
30.310000000000002,0.0006902319983055349,1,0.046089962999994745,True,cbf_obstacle_0,6.187862460066964e-07,0.0005749772497933369,0.0005755960360393437
30.32,0.0006717420001223218,1,0.04609130636305275,True,cbf_obstacle_0,6.187928450509282e-07,0.0005749744053545826,0.0005755931981996336
30.330000000000002,0.0006990920010139234,1,0.04609272551075505,True,cbf_obstacle_0,6.187837849359057e-07,0.0005749701262670895,0.0005755889100520254
30.34,0.0006743929989170283,1,0.0460942427603749,True,cbf_obstacle_0,6.187771917559976e-07,0.0005749657842928497,0.0005755845614846057
30.35,0.0006771420012228191,1,0.046095574055664106,True,cbf_obstacle_0,6.18787309283266e-07,0.0005749629605301536,0.0005755817478394369
30.36,0.0006621130014536902,1,0.04609689234255576,True,cbf_obstacle_0,6.187805258821715e-07,0.0005749589278021301,0.0005755777083280123
30.37,0.0006841120011813473,1,0.0460982435884733,True,cbf_obstacle_0,6.187752965356945e-07,0.0005749548085849324,0.0005755735838814681
30.38,0.0006718130025546998,1,0.046099711900674245,True,cbf_obstacle_0,6.187646087226558e-07,0.0005749506397520341,0.0005755694043607567
30.39,0.0006697829994664062,1,0.04610102668709795,True,cbf_obstacle_0,6.187667027502174e-07,0.0005749477949118854,0.0005755665616146356
30.400000000000002,0.0006823119983891957,1,0.04610242534329836,True,cbf_obstacle_0,6.187595944188104e-07,0.0005749435921969888,0.0005755623517914076
30.41,0.0006784729994251393,1,0.0461038615847769,True,cbf_obstacle_0,6.187517513947559e-07,0.0005749393583935477,0.0005755581101449424
30.42,0.0006722420002915896,1,0.04610521306262133,True,cbf_obstacle_0,6.187494680791117e-07,0.0005749353013769018,0.0005755540508449809
30.43,0.0006585929986613337,1,0.0461064943095163,True,cbf_obstacle_0,6.187544884765263e-07,0.0005749326312873825,0.0005755513857758591
30.44,0.0006796720008424018,1,0.04610777274419838,True,cbf_obstacle_0,6.187421179374396e-07,0.0005749287173033716,0.000575547459421309
30.45,0.000670512999931816,1,0.046109345966313754,True,cbf_obstacle_0,6.187389895474949e-07,0.0005749242815900762,0.0005755430205796237
30.46,0.0006753330017090775,1,0.04611065853626146,True,cbf_obstacle_0,6.187545144326505e-07,0.0005749214566042281,0.0005755402111186608
30.47,0.0006579830005648546,1,0.04611191991051821,True,cbf_obstacle_0,6.187440016809259e-07,0.0005749176169470174,0.0005755363609486983
30.48,0.0006782630007364787,1,0.04611323132523217,True,cbf_obstacle_0,6.187410474210922e-07,0.0005749136146765057,0.0005755323557239268
30.490000000000002,0.0006766130027244799,1,0.04611476914683238,True,cbf_obstacle_0,6.187367686821234e-07,0.0005749091412105648,0.000575527877979247
30.5,0.0006952929979888722,1,0.04611607002874164,True,cbf_obstacle_0,6.187306846235621e-07,0.0005749064030486724,0.0005755251337332959
30.51,0.0006740829994669184,1,0.04611736008974043,True,cbf_obstacle_0,6.187419237654661e-07,0.0005749024750927781,0.0005755212170165436
30.52,0.0006595129998459015,1,0.046118613685743486,True,cbf_obstacle_0,6.187305328292246e-07,0.0005748986986838193,0.0005755174292166484
30.53,0.0006727530017087702,1,0.04611994903632453,True,cbf_obstacle_0,6.18725206036166e-07,0.0005748958512461127,0.0005755145764521489
30.54,0.0006589129989151843,1,0.04612144273913352,True,cbf_obstacle_0,6.187229440369897e-07,0.0005748915399836961,0.0005755102629277331
30.55,0.0006688930006930605,1,0.046122658142137146,True,cbf_obstacle_0,6.187167703895387e-07,0.0005748878672121629,0.0005755065839825525
30.560000000000002,0.0006601929999305867,1,0.04612395273372788,True,cbf_obstacle_0,6.187121252473648e-07,0.0005748838286511007,0.0005755025407763482
30.57,0.0006898030005686451,1,0.04612521947013332,True,cbf_obstacle_0,6.187197270530272e-07,0.0005748811239906084,0.0005754998437176614
30.580000000000002,0.000680732999171596,1,0.04612644412314208,True,cbf_obstacle_0,6.187085159742798e-07,0.000574877369077583,0.0005754960775935572
30.59,0.0006719930024701171,1,0.04612787750179519,True,cbf_obstacle_0,6.187100166726901e-07,0.0005748731540654254,0.0005754918640820981
30.6,0.0006679729995084926,1,0.04612931205291544,True,cbf_obstacle_0,6.187046494858914e-07,0.0005748703415950032,0.000575489046244489
30.61,0.0006672029994660988,1,0.04613046525886958,True,cbf_obstacle_0,6.187147619597e-07,0.0005748666051020999,0.0005754853198640595
30.62,0.0006820929993409663,1,0.04613180650702649,True,cbf_obstacle_0,6.187057149206416e-07,0.0005748626146141781,0.0005754813203290987
30.63,0.0006602430003113113,1,0.04613305738271286,True,cbf_obstacle_0,6.187122207697829e-07,0.0005748599568709318,0.0005754786690917016
30.64,0.0006751720029569697,1,0.04613429883193652,True,cbf_obstacle_0,6.187026435947346e-07,0.0005748562299893725,0.0005754749326329672
30.650000000000002,0.0006573130012839101,1,0.04613561207462017,True,cbf_obstacle_0,6.186997082416406e-07,0.000574852228722265,0.0005754709284305066
30.66,0.0007096820008882787,1,0.046136855642943,True,cbf_obstacle_0,6.186916872847001e-07,0.0005748483827257346,0.0005754670744130192
30.67,0.0006688729990855791,1,0.046138070733248326,True,cbf_obstacle_0,6.186964271040847e-07,0.0005748447220762863,0.0005754634185033904
30.68,0.0006881129993416835,1,0.046139467419344826,True,cbf_obstacle_0,6.186935161895835e-07,0.0005748417640010033,0.0005754604575171928
30.69,0.0006871729965496343,1,0.046140718389596797,True,cbf_obstacle_0,6.18682656203769e-07,0.000574837947050993,0.0005754566297071968
30.7,0.0006875119979667943,1,0.04614200957284526,True,cbf_obstacle_0,6.18680002817467e-07,0.0005748352688149112,0.0005754539488177287
30.71,0.0006959220008866396,1,0.04614323179817033,True,cbf_obstacle_0,6.186819986700198e-07,0.0005748315430791474,0.0005754502250778174
30.72,0.0006783930002711713,1,0.046144542449223225,True,cbf_obstacle_0,6.186688457229109e-07,0.0005748275726815805,0.0005754462415273034
30.73,0.0006750819993612822,1,0.0461457680501649,True,cbf_obstacle_0,6.186826301034426e-07,0.0005748250337671275,0.000575443716397231
30.740000000000002,0.0006813229992985725,1,0.04614696239725148,True,cbf_obstacle_0,6.186616539383032e-07,0.0005748213085576114,0.0005754399702115497
30.75,0.0006887519994052127,1,0.04614824109510168,True,cbf_obstacle_0,6.186613194639801e-07,0.0005748173790877448,0.0005754360404072089
30.76,0.0006640029969275929,1,0.04614947386098564,True,cbf_obstacle_0,6.186642991909647e-07,0.0005748137266184934,0.0005754323909176844
30.77,0.000685422000969993,1,0.04615064612214266,True,cbf_obstacle_0,6.186603865989484e-07,0.0005748100359607036,0.0005754286963473026
30.78,0.0006794430009904318,1,0.04615183296727014,True,cbf_obstacle_0,6.186607466326247e-07,0.0005748074432834141,0.0005754261040300467
30.79,0.0006758730014553294,1,0.04615313788525432,True,cbf_obstacle_0,6.186580853806957e-07,0.0005748036611066983,0.0005754223191920789
30.8,0.0006701429992972407,1,0.046154338520506745,True,cbf_obstacle_0,6.186513528972277e-07,0.0005747999792270852,0.0005754186305799825
30.810000000000002,0.0006739119999110699,1,0.04615560897155998,True,cbf_obstacle_0,6.186395148712013e-07,0.0005747960949242119,0.000575414734439083
30.82,0.0006753819980076514,1,0.046156978408395076,True,cbf_obstacle_0,6.186408637744761e-07,0.0005747931035514583,0.0005754117444152328
30.830000000000002,0.0006828129990026355,1,0.04615818251338395,True,cbf_obstacle_0,6.186361420425904e-07,0.0005747895239659997,0.0005754081601080423
30.84,0.0007303220008907374,1,0.04615935057681555,True,cbf_obstacle_0,6.186301216920264e-07,0.0005747859729179743,0.0005754046030396663
30.85,0.0006578540014743339,1,0.04616061263124657,True,cbf_obstacle_0,6.186425402373341e-07,0.000574783332571635,0.0005754019751118723
30.86,0.0007550619993708096,1,0.04616180078585617,True,cbf_obstacle_0,6.186436990499638e-07,0.0005747796981646849,0.0005753983418637349
30.87,0.0007093620006344281,1,0.04616295705488387,True,cbf_obstacle_0,6.186292980991976e-07,0.0005747760848320091,0.0005753947141301083
30.88,0.0006939129998499993,1,0.04616424595214885,True,cbf_obstacle_0,6.186359351874132e-07,0.0005747734492650264,0.0005753920852002138
30.89,0.0007070520005072467,1,0.04616541756493408,True,cbf_obstacle_0,6.186188717434155e-07,0.0005747697304763203,0.0005753883493480637
30.900000000000002,0.0007078529997670557,1,0.046166637573285714,True,cbf_obstacle_0,6.18610681403948e-07,0.0005747660377282745,0.0005753846484096785
30.91,0.0006736219984304626,1,0.046167820459218356,True,cbf_obstacle_0,6.186245506345048e-07,0.0005747636372048394,0.0005753822617554739
30.92,0.000694073001795914,1,0.046168994986461966,True,cbf_obstacle_0,6.186282208011169e-07,0.0005747599526224671,0.0005753785808432682
30.93,0.0006703729995933827,1,0.04617015930839742,True,cbf_obstacle_0,6.18612151107746e-07,0.0005747563063288572,0.000575374918479965
30.94,0.0007061329997668508,1,0.04617110507824172,True,cbf_obstacle_0,6.18615066602713e-07,0.0005747542632897515,0.0005753728783563542
30.95,0.0006859429995529354,1,0.04617243535929844,True,cbf_obstacle_0,6.186033349129612e-07,0.0005747504161618669,0.0005753690194967798
30.96,0.0006720920027873944,1,0.04617360661574674,True,cbf_obstacle_0,6.185972060781123e-07,0.0005747467808638359,0.000575365378069914
30.970000000000002,0.0006875430008221883,1,0.046174764879111325,True,cbf_obstacle_0,6.186127220878009e-07,0.0005747442881412375,0.0005753629008633253
30.98,0.000670592999085784,1,0.04617588284323662,True,cbf_obstacle_0,6.186093137764091e-07,0.000574740830914026,0.0005753594402278024
30.990000000000002,0.0006880330001877155,1,0.04617711013148438,True,cbf_obstacle_0,6.185931750719462e-07,0.0005747371849884435,0.0005753557781635154
31.0,0.0006912319986440707,1,0.04617826952765625,True,cbf_obstacle_0,6.185942060965189e-07,0.0005747346318085856,0.0005753532260146821
31.01,0.0006793920001655351,1,0.046179491309849004,True,cbf_obstacle_0,6.18584303706216e-07,0.0005747309805506154,0.0005753495648543216
31.02,0.0006756420007150155,1,0.04618062411546798,True,cbf_obstacle_0,6.185849789513928e-07,0.0005747274565175733,0.0005753460414965248
31.03,0.0006865430004836526,1,0.04618177733765587,True,cbf_obstacle_0,6.185911719271186e-07,0.0005747238806897394,0.0005753424718616666
31.04,0.0006756420007150155,1,0.046182979979666264,True,cbf_obstacle_0,6.185742577235677e-07,0.0005747213362394887,0.0005753399104972123
31.05,0.00068599299993366,1,0.04618412230575484,True,cbf_obstacle_0,6.185759188275714e-07,0.0005747179510080521,0.0005753365269268797
31.060000000000002,0.0006842330003564712,1,0.04618524125849159,True,cbf_obstacle_0,6.185729699702035e-07,0.0005747144452923374,0.0005753330182623076
31.07,0.0006756119983037934,1,0.04618638728385306,True,cbf_obstacle_0,6.185858798317506e-07,0.0005747120153426868,0.0005753306012225185
31.080000000000002,0.0006779230025131255,1,0.04618757173837933,True,cbf_obstacle_0,6.18573911997814e-07,0.0005747083918487133,0.0005753269657607111
31.09,0.0006791619998693932,1,0.0461886178269721,True,cbf_obstacle_0,6.185692688462476e-07,0.0005747048863012386,0.0005753234555700848
31.1,0.0006803420001233462,1,0.04618970529345425,True,cbf_obstacle_0,6.185757657204489e-07,0.0005747026810063328,0.0005753212567720532
31.11,0.0006773530003556516,1,0.04619083434914442,True,cbf_obstacle_0,6.185760255183011e-07,0.0005746992952560088,0.0005753178712815271
31.12,0.0006740220014762599,1,0.04619194476189294,True,cbf_obstacle_0,6.185750578345699e-07,0.0005746958363949485,0.000575314411452783
31.13,0.0006692330025543924,1,0.04619313941266672,True,cbf_obstacle_0,6.185753207643211e-07,0.000574693396652362,0.0005753119719731263
31.14,0.0006829829981143121,1,0.04619425992934871,True,cbf_obstacle_0,6.185724663795148e-07,0.0005746898882199363,0.0005753084606863158
31.150000000000002,0.0006932329997653142,1,0.0461954218507413,True,cbf_obstacle_0,6.185654179866526e-07,0.0005746874491824579,0.0005753060146004445
31.16,0.0006808320031268522,1,0.04619652301852889,True,cbf_obstacle_0,6.185643408351243e-07,0.000574683983477038,0.0005753025478178731
31.17,0.0006923820001247805,1,0.04619773055777399,True,cbf_obstacle_0,6.185570754131249e-07,0.0005746803761482116,0.0005752989332236247
31.18,0.0006699430014123209,1,0.04619871023523365,True,cbf_obstacle_0,6.185504583062609e-07,0.0005746782050870084,0.0005752967555453147
31.19,0.0006740220014762599,1,0.04619983361057129,True,cbf_obstacle_0,6.185477499158938e-07,0.0005746747482913325,0.0005752932960412484
31.2,0.0006601929999305867,1,0.046200897799263056,True,cbf_obstacle_0,6.185438196400161e-07,0.0005746713307327841,0.0005752898745524241
31.21,0.0006814029984525405,1,0.04620207015456172,True,cbf_obstacle_0,6.185506992922414e-07,0.0005746689985802324,0.0005752875492795246
31.220000000000002,0.0006936419995327014,1,0.04620315619728139,True,cbf_obstacle_0,6.185386978690235e-07,0.0005746655572513761,0.0005752840959492452
31.23,0.000675852999847848,1,0.04620424473085908,True,cbf_obstacle_0,6.185358874269586e-07,0.0005746621533773314,0.0005752806892647584
31.240000000000002,0.0006758230010746047,1,0.04620521509200262,True,cbf_obstacle_0,6.185390458097186e-07,0.0005746600841153181,0.0005752786231611278
31.25,0.0006748820014763623,1,0.04620632921111617,True,cbf_obstacle_0,6.185371574396822e-07,0.0005746567046381779,0.0005752752417956176
31.26,0.000672002999635879,1,0.04620749540673056,True,cbf_obstacle_0,6.185295603034816e-07,0.0005746530154064749,0.0005752715449667783
31.27,0.0006765519974578638,1,0.04620852801015949,True,cbf_obstacle_0,6.185248953208075e-07,0.0005746498192809036,0.0005752683441762244
31.28,0.000673182999889832,1,0.046209637591145054,True,cbf_obstacle_0,6.185273901212202e-07,0.0005746475585660524,0.0005752660859561737
31.29,0.0006758729978173506,1,0.0462107088694354,True,cbf_obstacle_0,6.185173486374809e-07,0.0005746440969975355,0.0005752626143461729
31.3,0.0006744929996784776,1,0.04621174543853535,True,cbf_obstacle_0,6.185113011072818e-07,0.0005746407729518562,0.0005752592842529636
31.310000000000002,0.0006741930010321084,1,0.04621284412112769,True,cbf_obstacle_0,6.185167854549379e-07,0.0005746385648769123,0.0005752570816623672
31.32,0.0006775729998480529,1,0.046213904721899415,True,cbf_obstacle_0,6.185170822912307e-07,0.0005746351467114305,0.0005752536637937218
31.330000000000002,0.0006821329989179503,1,0.04621502277463993,True,cbf_obstacle_0,6.185133118400974e-07,0.0005746330236814597,0.0005752515369932998
31.34,0.0006624829984502867,1,0.046216107229315,True,cbf_obstacle_0,6.185147229585927e-07,0.0005746294918480892,0.0005752480065710477
31.35,0.0006839229972683825,1,0.0462169724858728,True,cbf_obstacle_0,6.185121124474825e-07,0.0005746264736754544,0.0005752449857879019
31.36,0.0006612930010305718,1,0.04621809921786496,True,cbf_obstacle_0,6.185085765943866e-07,0.0005746242136050757,0.0005752427221816702
31.37,0.0006734020025760401,1,0.046219146452772315,True,cbf_obstacle_0,6.185094838704009e-07,0.0005746208481265236,0.0005752393576103941
31.38,0.00069945300128893,1,0.046220314131387226,True,cbf_obstacle_0,6.184968928192852e-07,0.0005746173762043267,0.000575235873097146
31.39,0.0010324489994673058,1,0.04622126146574573,True,cbf_obstacle_0,6.184998446857806e-07,0.0005746153846435454,0.0005752338844882312
31.400000000000002,0.0008710100009921007,1,0.04622232598404856,True,cbf_obstacle_0,6.185005553381873e-07,0.0005746120906460813,0.0005752305912014195
31.41,0.0007643819990335032,1,0.046223310150447665,True,cbf_obstacle_0,6.18490697249183e-07,0.0005746086747683609,0.0005752271654656101
31.42,0.0007485009991796687,1,0.04622444982621137,True,cbf_obstacle_0,6.184889907246834e-07,0.0005746065888069952,0.0005752250777977199
31.43,0.0007369519989879336,1,0.0462253114605082,True,cbf_obstacle_0,6.184862673555928e-07,0.0005746034898455939,0.0005752219761129495
31.44,0.0006930519994057249,1,0.04622644992386476,True,cbf_obstacle_0,6.184804447939804e-07,0.0005746012860191131,0.0005752197664639071
31.45,0.0007079020033415873,1,0.046227461997238865,True,cbf_obstacle_0,6.18481813328981e-07,0.0005745979812280331,0.0005752164630413621
31.46,0.000685342001816025,1,0.046228606658632924,True,cbf_obstacle_0,6.184681632039604e-07,0.0005745944241508723,0.0005752128923140762
31.470000000000002,0.0006991629998083226,1,0.046229453883852314,True,cbf_obstacle_0,6.184921282209848e-07,0.0005745927814553489,0.0005752112735835698
31.48,0.000689003001753008,1,0.046230437004826944,True,cbf_obstacle_0,6.184718502845745e-07,0.0005745894727592412,0.0005752079446095258
31.490000000000002,0.0006959730017115362,1,0.046231580307080106,True,cbf_obstacle_0,6.184690732370781e-07,0.0005745860379603107,0.0005752045070335477
31.5,0.0006805730008636601,1,0.04623270320558915,True,cbf_obstacle_0,6.184570066642746e-07,0.0005745824503211415,0.0005752009073278058
31.51,0.0006678019999526441,1,0.0462335295053672,True,cbf_obstacle_0,6.184682633820027e-07,0.00057458082851873,0.000575199296782112
31.52,0.0006895030019222759,1,0.04623463680668731,True,cbf_obstacle_0,6.184562695748788e-07,0.0005745774395809244,0.0005751958958504993
31.53,0.0006669729991699569,1,0.04623566443225063,True,cbf_obstacle_0,6.184578103741219e-07,0.0005745753916323398,0.0005751938494427139
31.54,0.0006806630008213688,1,0.04623665102616495,True,cbf_obstacle_0,6.184617822383843e-07,0.0005745721363006437,0.0005751905980828821
31.55,0.000682443002006039,1,0.04623756894304273,True,cbf_obstacle_0,6.18456203857351e-07,0.0005745702213766099,0.0005751886775804672
31.560000000000002,0.000674743001582101,1,0.04623869267973888,True,cbf_obstacle_0,6.184609382296244e-07,0.0005745667437012788,0.0005751852046395084
31.57,0.0006854130006104242,1,0.046239689116947424,True,cbf_obstacle_0,6.184559302774326e-07,0.0005745635588834098,0.0005751820148136872
31.580000000000002,0.0006627630027651321,1,0.04624060757124416,True,cbf_obstacle_0,6.184620752888125e-07,0.0005745616343281201,0.0005751800964034089
31.59,0.0006856630025140475,1,0.04624158029688545,True,cbf_obstacle_0,6.184569321339133e-07,0.0005745585313517113,0.0005751769882838452
31.6,0.0006622830005653668,1,0.046242624690929136,True,cbf_obstacle_0,6.184584323231e-07,0.0005745552448357406,0.0005751737032680637
31.61,0.0006772829983674455,1,0.04624350152145205,True,cbf_obstacle_0,6.18437800286842e-07,0.0005745523126215203,0.0005751707504218072
31.62,0.0006621930006076582,1,0.04624460096902781,True,cbf_obstacle_0,6.184452339568665e-07,0.0005745500344455529,0.0005751684796795098
31.63,0.0006803730029787403,1,0.046245579557704114,True,cbf_obstacle_0,6.184421257295739e-07,0.0005745469149063769,0.0005751653570321064
31.64,0.0006793030006519984,1,0.046246405581553816,True,cbf_obstacle_0,6.184394693550814e-07,0.0005745439157177445,0.0005751623551870996
31.650000000000002,0.0006963230007386301,1,0.04624746685108416,True,cbf_obstacle_0,6.184296388475214e-07,0.0005745418717785997,0.0005751603014174472
31.66,0.0006803430005675182,1,0.04624854377815318,True,cbf_obstacle_0,6.184361012840558e-07,0.0005745398116001965,0.0005751582477014806
31.67,0.0006769320025341585,1,0.04624933756378191,True,cbf_obstacle_0,6.1844028198002e-07,0.0005745369594727569,0.000575155399754737
31.68,0.0006694930016237777,1,0.04625034473567457,True,cbf_obstacle_0,6.184334569826986e-07,0.0005745336355775431,0.0005751520690345258
31.69,0.0006772920023649931,1,0.04625130095417371,True,cbf_obstacle_0,6.184206588893769e-07,0.0005745306337399109,0.0005751490543988003
31.7,0.000693963000230724,1,0.04625228801954464,True,cbf_obstacle_0,6.184225390280747e-07,0.000574528447791223,0.000575146870330251
31.71,0.0006987829983700067,1,0.04625322436908503,True,cbf_obstacle_0,6.184083395893695e-07,0.0005745254483862898,0.0005751438567258791
31.720000000000002,0.0006788319988118019,1,0.04625420786715853,True,cbf_obstacle_0,6.184131586234201e-07,0.0005745223210659446,0.000575140734224568
31.73,0.0006935519995749928,1,0.046255091846972,True,cbf_obstacle_0,6.184092198662861e-07,0.0005745204394310181,0.0005751388486508844
31.740000000000002,0.0006790430015826132,1,0.04625616014353125,True,cbf_obstacle_0,6.184090497670314e-07,0.0005745183399440761,0.0005751367489938431
31.75,0.000668033000692958,1,0.046257133550733846,True,cbf_obstacle_0,6.184155218825065e-07,0.0005745152252494579,0.0005751336407713404
31.76,0.0006664130014542025,1,0.0462580226687908,True,cbf_obstacle_0,6.184003408055111e-07,0.000574512098466125,0.0005751304988069305
31.77,0.0006794629989599343,1,0.04625898672664841,True,cbf_obstacle_0,6.184089603695505e-07,0.0005745102046684017,0.0005751286136287712
31.78,0.0007157219988584984,1,0.046260006195092164,True,cbf_obstacle_0,6.183979571860009e-07,0.0005745069872297687,0.0005751253851869546
31.79,0.0006695919983030763,1,0.04626079310189921,True,cbf_obstacle_0,6.184113993348346e-07,0.0005745053768510613,0.0005751237882503961
31.8,0.0006700720005028415,1,0.04626182622953753,True,cbf_obstacle_0,6.183965327866484e-07,0.0005745021896114377,0.0005751205861442243
31.810000000000002,0.0006607830000575632,1,0.04626261219659211,True,cbf_obstacle_0,6.183871523363819e-07,0.0005744992836677997,0.0005751176708201361
31.82,0.000672041998768691,1,0.04626365720879498,True,cbf_obstacle_0,6.184001293793572e-07,0.0005744972601715781,0.0005751156603009574
31.830000000000002,0.0006709930021315813,1,0.04626469483715612,True,cbf_obstacle_0,6.183803392183831e-07,0.0005744939918758516,0.00057511237221507
31.84,0.0006825729979027528,1,0.04626547156270343,True,cbf_obstacle_0,6.183839113473184e-07,0.0005744911236777681,0.0005751095075891155
31.85,0.0006877220002934337,1,0.04626641940196435,True,cbf_obstacle_0,6.183890119163262e-07,0.0005744893025375591,0.0005751076915494754
31.86,0.0006736729992553592,1,0.046267290740039504,True,cbf_obstacle_0,6.183889972213779e-07,0.0005744862744551264,0.0005751046634523477
31.87,0.0006744130005245097,1,0.04626820765796996,True,cbf_obstacle_0,6.18383426141733e-07,0.0005744844940950473,0.000575102877521189
31.88,0.000669483000820037,1,0.046269240852934636,True,cbf_obstacle_0,6.183774255622912e-07,0.0005744812272559547,0.0005750996046815169
31.89,0.0006742229998053517,1,0.046269974800250635,True,cbf_obstacle_0,6.183817745427487e-07,0.0005744797785187452,0.0005750981602932879
31.900000000000002,0.0006621520005865023,1,0.04627105750837718,True,cbf_obstacle_0,6.18368655347975e-07,0.0005744763915406843,0.0005750947601960323
31.91,0.0006715630006510764,1,0.04627187948008276,True,cbf_obstacle_0,6.183616685721834e-07,0.0005744735530418966,0.0005750919147104688
31.92,0.0006726230021740776,1,0.04627280376984053,True,cbf_obstacle_0,6.183677914277971e-07,0.0005744717244126753,0.0005750900922041031
31.93,0.0006704330007778481,1,0.04627384862994852,True,cbf_obstacle_0,6.183707807629919e-07,0.0005744685158810719,0.0005750868866618348
31.94,0.0006759129973943345,1,0.04627456510381316,True,cbf_obstacle_0,6.183574401325663e-07,0.0005744657293687447,0.0005750840868088773
31.95,0.0006605529997614212,1,0.04627559727279024,True,cbf_obstacle_0,6.183568687467531e-07,0.0005744638284744588,0.0005750821853432056
31.96,0.0007090430008247495,1,0.046276331546824125,True,cbf_obstacle_0,6.18353124698874e-07,0.000574460976027202,0.0005750793291519009
31.970000000000002,0.00066033300026902,1,0.046277344091798144,True,cbf_obstacle_0,6.18347465927442e-07,0.0005744578345664567,0.0005750761820323842
31.98,0.0007097919988154899,1,0.04627835161237432,True,cbf_obstacle_0,6.183506492133177e-07,0.0005744558078085502,0.0005750741584577635
31.990000000000002,0.0006714419978379738,1,0.04627911121116296,True,cbf_obstacle_0,6.183437858058655e-07,0.0005744530298197173,0.0005750713736055232
32.0,0.0006837230030214414,1,0.04627998342442964,True,cbf_obstacle_0,6.183422270491237e-07,0.0005744513029152394,0.0005750696451422884
32.01,0.0006689729998470284,1,0.04628082988190753,True,cbf_obstacle_0,6.183443560380416e-07,0.000574448440667815,0.000575066785023853
32.02,0.0006822819996159524,1,0.04628186905422754,True,cbf_obstacle_0,6.183564057125995e-07,0.000574446421445105,0.0005750647778508176
32.03,0.0006712030008202419,1,0.04628267663307566,True,cbf_obstacle_0,6.183373541522934e-07,0.0005744435678806334,0.0005750619052347857
32.04,0.0007076330002746545,1,0.04628357037879438,True,cbf_obstacle_0,6.183258232125518e-07,0.0005744405791049602,0.0005750589049281728
32.05,0.000723012002708856,1,0.04628436329016304,True,cbf_obstacle_0,6.183290384710539e-07,0.0005744389574216557,0.0005750572864601267
32.06,0.0007319119977182709,1,0.046285267270450584,True,cbf_obstacle_0,6.183287022692397e-07,0.0005744360466363422,0.0005750543753386115
32.07,0.0007069820021570195,1,0.04628629547192842,True,cbf_obstacle_0,6.183185387063013e-07,0.0005744327330431949,0.0005750510515819012
32.08,0.0007090229992172681,1,0.04628700109488856,True,cbf_obstacle_0,6.183262627394502e-07,0.0005744313347912194,0.0005750496610539589
32.09,0.0007674920016143005,1,0.04628799671395025,True,cbf_obstacle_0,6.183200788276209e-07,0.0005744281952716636,0.0005750465153504913
32.1,0.0011172679987794254,1,0.046288726267832085,True,cbf_obstacle_0,6.183265632319067e-07,0.0005744266473028394,0.0005750449738660714
32.11,0.000811022000561934,1,0.04628969869647846,True,cbf_obstacle_0,6.183286087524314e-07,0.000574423552890979,0.0005750418814997314
32.12,0.0007419219982693903,1,0.046290428595211264,True,cbf_obstacle_0,6.183348436243962e-07,0.0005744219884906206,0.000575040323334245
32.13,0.0007492920012737159,1,0.046291357823740345,True,cbf_obstacle_0,6.183118095079137e-07,0.0005744190622600555,0.0005750373740695633
32.14,0.0007403819981846027,1,0.046292159506625095,True,cbf_obstacle_0,6.183133300526179e-07,0.0005744174995997711,0.0005750358129298237
32.15,0.0006872519988974091,1,0.04629312165095066,True,cbf_obstacle_0,6.183270369454156e-07,0.0005744143936464556,0.000575032720683401
32.160000000000004,0.000712111999746412,1,0.046293918969495675,True,cbf_obstacle_0,6.183199046798684e-07,0.0005744128086182574,0.0005750311285229372
32.17,0.0007099719987309072,1,0.046294774621091876,True,cbf_obstacle_0,6.183103490270161e-07,0.0005744098746730856,0.0005750281850221126
32.18,0.0006908729992574081,1,0.0462955740239996,True,cbf_obstacle_0,6.183149082807277e-07,0.0005744070971790773,0.000575025412087358
32.19,0.0007002519996603951,1,0.04629644738119321,True,cbf_obstacle_0,6.183023264513743e-07,0.0005744054058833181,0.0005750237082097695
32.2,0.0006873829988762736,1,0.04629724781209626,True,cbf_obstacle_0,6.183058515854477e-07,0.0005744025403683111,0.0005750208462198965
32.21,0.0007074519999150652,1,0.04629819754926839,True,cbf_obstacle_0,6.183003536867458e-07,0.0005743994143082148,0.0005750177146619015
32.22,0.0006809430014982354,1,0.046298894772279386,True,cbf_obstacle_0,6.18297638661184e-07,0.0005743980353929392,0.0005750163330316004
32.230000000000004,0.0006924929984961636,1,0.04629984117844171,True,cbf_obstacle_0,6.18298411563574e-07,0.0005743948964473751,0.0005750131948589386
32.24,0.0006949130001885351,1,0.04630064716395788,True,cbf_obstacle_0,6.182979532519454e-07,0.0005743933919766073,0.0005750116899298593
32.25,0.0006995019975875039,1,0.046301529921554826,True,cbf_obstacle_0,6.182959432527085e-07,0.0005743904201506644,0.0005750087160939171
32.26,0.0006659029968432151,1,0.046302290824829874,True,cbf_obstacle_0,6.182910554197243e-07,0.0005743889872096226,0.0005750072782650424
32.27,0.0006931219977559522,1,0.04630318012198037,True,cbf_obstacle_0,6.182906693692344e-07,0.0005743860310949045,0.0005750043217642737
32.28,0.0006737129988323431,1,0.04630394343349741,True,cbf_obstacle_0,6.182859058050519e-07,0.0005743844151153935,0.0005750027010211986
32.29,0.0006846520009275991,1,0.046304829528129754,True,cbf_obstacle_0,6.182830180576639e-07,0.0005743815117216256,0.0005749997947396832
32.3,0.0006817319990659598,1,0.046305553331524155,True,cbf_obstacle_0,6.18281490105968e-07,0.0005743788445469201,0.000574997126037026
32.31,0.0006963219966564793,1,0.046306515982203734,True,cbf_obstacle_0,6.182675066697875e-07,0.0005743757969965155,0.0005749940645031852
32.32,0.0007251019997056574,1,0.046307281027603515,True,cbf_obstacle_0,6.182723726180021e-07,0.0005743742356421175,0.0005749925080147355
32.33,0.0006609230003959965,1,0.04630816298657997,True,cbf_obstacle_0,6.182695861783527e-07,0.0005743725115582403,0.0005749907811444186
32.34,0.000674783001159085,1,0.04630890219485628,True,cbf_obstacle_0,6.182654310827014e-07,0.0005743698464375246,0.0005749881118686073
32.35,0.0006644630011578556,1,0.046309767776785096,True,cbf_obstacle_0,6.182738668476752e-07,0.0005743681586035779,0.0005749864324704256
32.36,0.0006882819980091881,1,0.0463105153888117,True,cbf_obstacle_0,6.182613087153738e-07,0.0005743654766676916,0.000574983737976407
32.37,0.0006764830031897873,1,0.046311390639670956,True,cbf_obstacle_0,6.182610276468502e-07,0.0005743625010760149,0.0005749807621036618
32.38,0.0006910920019436162,1,0.0463121423819247,True,cbf_obstacle_0,6.182647899317461e-07,0.0005743610902074311,0.0005749793549973628
32.39,0.0006751030014129356,1,0.04631282087326474,True,cbf_obstacle_0,6.182644967366833e-07,0.0005743583599894895,0.0005749766244862261
32.4,0.0006627930015383754,1,0.04631384316997017,True,cbf_obstacle_0,6.182575882914462e-07,0.0005743564972657189,0.0005749747548540104
32.410000000000004,0.0007078330017975532,1,0.04631448064071449,True,cbf_obstacle_0,6.182458794484916e-07,0.0005743539255106638,0.0005749721713901123
32.42,0.000668223001412116,1,0.046315415060524875,True,cbf_obstacle_0,6.182529077340515e-07,0.000574352240361322,0.000574970493269056
32.43,0.0006734929993399419,1,0.04631608936183666,True,cbf_obstacle_0,6.1825100344464e-07,0.0005743496326183226,0.0005749678836217672
32.44,0.0006711229980282951,1,0.04631699523386992,True,cbf_obstacle_0,6.182598653721862e-07,0.0005743478806622519,0.000574966140527624
32.45,0.0006738129995937925,1,0.04631765801153463,True,cbf_obstacle_0,6.182484057741678e-07,0.0005743453735140328,0.000574963621919807
32.46,0.0006763929995940998,1,0.0463185985160013,True,cbf_obstacle_0,6.182376286792687e-07,0.0005743422976359837,0.000574960535264663
32.47,0.0006602130015380681,1,0.04631935530087503,True,cbf_obstacle_0,6.182492976662714e-07,0.000574340806463379,0.0005749590557610453
32.480000000000004,0.000675963001413038,1,0.046320081861424056,True,cbf_obstacle_0,6.182363107969065e-07,0.0005743380495477396,0.0005749562858585364
32.49,0.0006870830002299044,1,0.046320923696936835,True,cbf_obstacle_0,6.182309896928197e-07,0.0005743354080868503,0.0005749536390765431
32.5,0.0006985030013311189,1,0.046321629475557,True,cbf_obstacle_0,6.18223648219349e-07,0.0005743339105296365,0.0005749521341778559
32.51,0.0006891929988341872,1,0.0463225432484328,True,cbf_obstacle_0,6.182214715240153e-07,0.0005743321458449427,0.0005749503673164667
32.52,0.0006771230000595096,1,0.046323238579568556,True,cbf_obstacle_0,6.182288103922364e-07,0.0005743294295692712,0.0005749476583796634
32.53,0.0008171010013029445,1,0.046324126700184,True,cbf_obstacle_0,6.182188933612299e-07,0.0005743265552290943,0.0005749447741224555
32.54,0.000715891997970175,1,0.04632473653262596,True,cbf_obstacle_0,6.182217154372558e-07,0.0005743253778527141,0.0005749435995681513
32.55,0.0007053720000840258,1,0.046325669278831465,True,cbf_obstacle_0,6.182069577659823e-07,0.000574322362197162,0.000574940569154928
32.56,0.000690151999151567,1,0.04632641132898448,True,cbf_obstacle_0,6.182268880118853e-07,0.0005743209495531956,0.0005749391764412076
32.57,0.0006920230007381178,1,0.046327048780840686,True,cbf_obstacle_0,6.182157898121523e-07,0.0005743184382372223,0.0005749366540270344
32.58,0.0007262620019901078,1,0.04632786693453708,True,cbf_obstacle_0,6.182152629443983e-07,0.0005743167794818192,0.0005749349947447636
32.59,0.0006907130009494722,1,0.04632867299433268,True,cbf_obstacle_0,6.182196508949583e-07,0.0005743152616922537,0.0005749334813431487
32.6,0.0007136220010579564,1,0.04632946732680246,True,cbf_obstacle_0,6.182169539661179e-07,0.0005743125479242399,0.0005749307648782061
32.61,0.0007144830015022308,1,0.046330094659496515,True,cbf_obstacle_0,6.182039567224435e-07,0.0005743100304034321,0.0005749282343601546
32.62,0.0006929629998921882,1,0.046330798620428916,True,cbf_obstacle_0,6.182035034742482e-07,0.0005743074644368851,0.0005749256679403594
32.63,0.0006682029998046346,1,0.04633173837145186,True,cbf_obstacle_0,6.18197926425147e-07,0.0005743054605755803,0.0005749236585020054
32.64,0.0006801029994676355,1,0.04633234796062554,True,cbf_obstacle_0,6.182106595544534e-07,0.0005743044412153138,0.0005749226518748683
32.65,0.0006630629977735225,1,0.046333250249752087,True,cbf_obstacle_0,6.182028963487686e-07,0.0005743015412159656,0.0005749197441123144
32.660000000000004,0.0006919930019648746,1,0.046333945919885454,True,cbf_obstacle_0,6.181968526754086e-07,0.0005743000261105956,0.000574918222963271
32.67,0.0006825929995102342,1,0.046334626547744534,True,cbf_obstacle_0,6.18199366221886e-07,0.0005742975880444739,0.0005749157874106957
32.68,0.0006626829999731854,1,0.04633547421054246,True,cbf_obstacle_0,6.181860503296553e-07,0.000574294654760147,0.0005749128408104766
32.69,0.0006888820025778841,1,0.04633614599812112,True,cbf_obstacle_0,6.181864492837172e-07,0.0005742934251678208,0.0005749116116171045
32.7,0.0006597719984711148,1,0.0463370770725272,True,cbf_obstacle_0,6.181800303066393e-07,0.0005742903627822297,0.0005749085428125363
32.71,0.0006837629989604466,1,0.04633765934919932,True,cbf_obstacle_0,6.181947674639961e-07,0.0005742891775101132,0.0005749073722775772
32.72,0.0006694730000162963,1,0.046338374416407084,True,cbf_obstacle_0,6.182001717321078e-07,0.000574287772173957,0.0005749059723456891
32.730000000000004,0.0006686930028081406,1,0.04633918036390688,True,cbf_obstacle_0,6.181938069088854e-07,0.0005742850631622862,0.000574903256969195
32.74,0.0006697530006931629,1,0.046339963152223364,True,cbf_obstacle_0,6.181873284538878e-07,0.0005742821825090793,0.0005749003698375333
32.75,0.0006745630016666837,1,0.04634076694402301,True,cbf_obstacle_0,6.181911258730407e-07,0.0005742807819846533,0.0005748989731105263
32.76,0.0006753630004823208,1,0.0463413455232744,True,cbf_obstacle_0,6.18173041208648e-07,0.0005742783653044044,0.000574896538345613
32.77,0.0007193230012489948,1,0.04634201682087177,True,cbf_obstacle_0,6.181804286114338e-07,0.0005742770367518737,0.0005748952171804851
32.78,0.0009489200019743294,1,0.04634290977241492,True,cbf_obstacle_0,6.181712043922062e-07,0.000574274158885727,0.0005748923300901192
32.79,0.0007761009983369149,1,0.04634350937540488,True,cbf_obstacle_0,6.181740277030619e-07,0.0005742729305583455,0.0005748911045860485
32.8,0.0007724509996478446,1,0.046344211839533904,True,cbf_obstacle_0,6.181607691631229e-07,0.0005742702503990411,0.0005748884111682043
32.81,0.0007124420008040033,1,0.04634505451179419,True,cbf_obstacle_0,6.181598757615819e-07,0.0005742686920333113,0.0005748868519090728
32.82,0.0007157920008467045,1,0.046345737613845174,True,cbf_obstacle_0,6.181630779986109e-07,0.0005742661812325684,0.0005748843443105669
32.83,0.0007068320010148454,1,0.04634636482090828,True,cbf_obstacle_0,6.181735531065899e-07,0.0005742649460529874,0.0005748831196060939
32.84,0.0006945819986867718,1,0.04634721203132855,True,cbf_obstacle_0,6.181546653554464e-07,0.0005742620378633381,0.0005748801925286936
32.85,0.0007088820020726416,1,0.0463479144099079,True,cbf_obstacle_0,6.181647325329568e-07,0.0005742607534170703,0.0005748789181496032
32.86,0.0006970630020077806,1,0.04634867873485553,True,cbf_obstacle_0,6.181584139181437e-07,0.0005742580887488185,0.0005748762471627367
32.87,0.00069110299955355,1,0.04634937768349595,True,cbf_obstacle_0,6.181645675653918e-07,0.0005742566626202748,0.0005748748271878402
32.88,0.00069633199746022,1,0.0463500118058655,True,cbf_obstacle_0,6.181466348420677e-07,0.000574254181059794,0.000574872327694636
32.89,0.0006659829996351618,1,0.046350790397121866,True,cbf_obstacle_0,6.181491783288063e-07,0.0005742527148912938,0.0005748708640696226
32.9,0.0006853919985587709,1,0.04635150971614026,True,cbf_obstacle_0,6.18151105919731e-07,0.0005742501721238567,0.0005748683232297765
32.910000000000004,0.0006802819989388809,1,0.04635213984009164,True,cbf_obstacle_0,6.181474581943129e-07,0.0005742488157483332,0.0005748669632065275
32.92,0.0006756029979442246,1,0.04635290222803736,True,cbf_obstacle_0,6.181433894635763e-07,0.0005742462146645223,0.0005748643580539859
32.93,0.0006759429998055566,1,0.04635356951724812,True,cbf_obstacle_0,6.181355187056385e-07,0.0005742437247171109,0.0005748618602358165
32.94,0.0006677519995719194,1,0.04635424375606946,True,cbf_obstacle_0,6.181326479679527e-07,0.0005742423246757284,0.0005748604573236964
32.95,0.0006805220000387635,1,0.04635496302050321,True,cbf_obstacle_0,6.181206804689365e-07,0.000574239759448905,0.0005748578801293739
32.96,0.0006785529985791072,1,0.046355678117861204,True,cbf_obstacle_0,6.181291240764543e-07,0.0005742383790382706,0.000574856508162347
32.97,0.0006756729999324307,1,0.04635626691263979,True,cbf_obstacle_0,6.181384099862158e-07,0.000574237133552157,0.0005748552719621432
32.980000000000004,0.0006875119979667943,1,0.046357184393668524,True,cbf_obstacle_0,6.181298296343687e-07,0.0005742342241715434,0.0005748523540011777
32.99,0.0006756330003554467,1,0.046357751649478876,True,cbf_obstacle_0,6.181236240707905e-07,0.0005742319165808877,0.0005748500402049585
33.0,0.0006921929998497944,1,0.04635841268609898,True,cbf_obstacle_0,6.181222788186587e-07,0.0005742306210725711,0.0005748487433513898
33.01,0.00065991299925372,1,0.046359146584165394,True,cbf_obstacle_0,6.181166781543722e-07,0.0005742279484937898,0.0005748460651719442
33.02,0.0007193319979705848,1,0.046359896793200205,True,cbf_obstacle_0,6.181163157413209e-07,0.0005742266214187225,0.0005748447377344638
33.03,0.0006591829987883102,1,0.046360476491725706,True,cbf_obstacle_0,6.181171426522602e-07,0.0005742241236061558,0.000574842240748808
33.04,0.0006978029996389523,1,0.04636131392666296,True,cbf_obstacle_0,6.181089952231304e-07,0.0005742225366145815,0.0005748406456098046
33.05,0.0006838019980932586,1,0.046361881438036115,True,cbf_obstacle_0,6.181194839299666e-07,0.0005742214331697209,0.0005748395526536509
33.06,0.0006743330013705418,1,0.04636253472770892,True,cbf_obstacle_0,6.181147710649296e-07,0.0005742190470107649,0.0005748371617818298
33.07,0.0007237930003611837,1,0.04636335854817121,True,cbf_obstacle_0,6.181044598783681e-07,0.0005742161988559841,0.0005748343033158624
33.08,0.000677301999530755,1,0.04636392124859619,True,cbf_obstacle_0,6.1810817990908e-07,0.0005742151056136915,0.0005748332137936006
33.09,0.0006819330010330305,1,0.04636456479668847,True,cbf_obstacle_0,6.180898734873002e-07,0.0005742125822360538,0.0005748306721095411
33.1,0.0006589030017494224,1,0.04636540214681955,True,cbf_obstacle_0,6.18102867541552e-07,0.0005742110668059858,0.0005748291696735274
33.11,0.0006732330002705567,1,0.04636594490218169,True,cbf_obstacle_0,6.180948639881111e-07,0.0005742087461291483,0.0005748268409931363
33.12,0.0006709429981128778,1,0.04636661733552561,True,cbf_obstacle_0,6.181061765527398e-07,0.000574207406101593,0.0005748255122781457
33.13,0.0006893030003993772,1,0.0463673213247866,True,cbf_obstacle_0,6.180952776327325e-07,0.0005742048884233761,0.0005748229837010089
33.14,0.000683553000271786,1,0.04636798249491994,True,cbf_obstacle_0,6.180956501498446e-07,0.0005742036880490838,0.0005748217836992336
33.15,0.0006707720021950081,1,0.04636865548848515,True,cbf_obstacle_0,6.180800522696608e-07,0.0005742022620344308,0.0005748203420867005
33.160000000000004,0.0006873120000818744,1,0.04636943166908487,True,cbf_obstacle_0,6.180871378482919e-07,0.0005741995950006562,0.0005748176821385046
33.17,0.0006614129997615237,1,0.04637006864201613,True,cbf_obstacle_0,6.180800461494521e-07,0.0005741971732061474,0.0005748152532522969
33.18,0.0006747029983671382,1,0.046370708919298675,True,cbf_obstacle_0,6.180887188764021e-07,0.0005741958414785495,0.0005748139301974259
33.19,0.0006737030016665813,1,0.046371232243314034,True,cbf_obstacle_0,6.180747157728347e-07,0.0005741935934684517,0.0005748116681842245
33.2,0.0006833719999121968,1,0.04637208223447314,True,cbf_obstacle_0,6.18076875716122e-07,0.0005741920747285561,0.0005748101516042722
33.21,0.0006735130009474233,1,0.04637267856769616,True,cbf_obstacle_0,6.180814980304299e-07,0.0005741909592343927,0.0005748090407324231
33.22,0.0006759819989383686,1,0.04637323475699151,True,cbf_obstacle_0,6.180649460355333e-07,0.0005741885559812207,0.0005748066209272562
33.230000000000004,0.0006778630013286602,1,0.04637403612323149,True,cbf_obstacle_0,6.180674642490865e-07,0.000574185848131438,0.0005748039155956871
33.24,0.0006596130006073508,1,0.046374599622656214,True,cbf_obstacle_0,6.180745557594307e-07,0.0005741848044390434,0.0005748028789948029
33.25,0.0006813229992985725,1,0.04637520235808893,True,cbf_obstacle_0,6.180686322166151e-07,0.000574182400667052,0.0005748004692992686
33.26,0.0006664030006504618,1,0.046376025559301585,True,cbf_obstacle_0,6.180662185294386e-07,0.000574180755102217,0.0005747988213207464
33.27,0.0006751520013494883,1,0.04637661790919426,True,cbf_obstacle_0,6.18050696747813e-07,0.0005741784316720783,0.0005747964823688261
33.28,0.0006610429991269484,1,0.0463772640969076,True,cbf_obstacle_0,6.180628829705007e-07,0.0005741772913811536,0.0005747953542641241
33.29,0.0006747529987478629,1,0.046377786825403285,True,cbf_obstacle_0,6.18068005800383e-07,0.0005741762133752805,0.0005747942813810809
33.3,0.0006620230014959816,1,0.04637857056224043,True,cbf_obstacle_0,6.18051741315848e-07,0.0005741735240393179,0.0005747915757806337
33.31,0.0006796829984523356,1,0.04637921072997776,True,cbf_obstacle_0,6.180435793105026e-07,0.0005741710141071782,0.0005747890576864886
33.32,0.0006845419993624091,1,0.046379728102105104,True,cbf_obstacle_0,6.180494527505318e-07,0.000574169993637371,0.0005747880430901215
33.33,0.0006679329999315087,1,0.04638061166996859,True,cbf_obstacle_0,6.180298901337718e-07,0.0005741670640075646,0.0005747850938976984
33.34,0.0006717129981552716,1,0.04638114198576441,True,cbf_obstacle_0,6.180356104233526e-07,0.0005741661536841168,0.0005747841892945402
33.35,0.0006744329984940123,1,0.04638166227915654,True,cbf_obstacle_0,6.180527317816831e-07,0.0005741651002920905,0.0005747831530238722
33.36,0.000687783001922071,1,0.04638225145462101,True,cbf_obstacle_0,6.180380773533674e-07,0.0005741627331645564,0.0005747807712419099
33.37,0.0006818330002715811,1,0.04638309608235444,True,cbf_obstacle_0,6.180570769290263e-07,0.0005741611598420036,0.0005747792169189326
33.38,0.0006790430015826132,1,0.04638372302161438,True,cbf_obstacle_0,6.180469979462814e-07,0.0005741587642720863,0.0005747768112700326
33.39,0.0006628729970543645,1,0.0463842037337087,True,cbf_obstacle_0,6.18044946213949e-07,0.0005741565461715899,0.0005747745911178038
33.4,0.0006815029992139898,1,0.04638480475023554,True,cbf_obstacle_0,6.180372120603957e-07,0.0005741554035267744,0.0005747734407388349
33.410000000000004,0.0006657630001427606,1,0.046385496651437375,True,cbf_obstacle_0,6.180463963220178e-07,0.0005741541538492869,0.0005747722002456089
33.42,0.0006742029981978703,1,0.04638611304329772,True,cbf_obstacle_0,6.180370349941305e-07,0.0005741516748562186,0.0005747697118912128
33.43,0.0006891730008646846,1,0.04638671773433688,True,cbf_obstacle_0,6.180397222368797e-07,0.0005741505390411529,0.0005747685787633898
33.44,0.0006686219967377838,1,0.046387532420766486,True,cbf_obstacle_0,6.180330063513621e-07,0.0005741477964087278,0.0005747658294150791
33.45,0.0007466120005119592,1,0.04638810263951849,True,cbf_obstacle_0,6.180161327679919e-07,0.000574146652017188,0.0005747646681499559
33.46,0.0006600130000151694,1,0.04638870875327251,True,cbf_obstacle_0,6.180292041007347e-07,0.0005741443189838882,0.0005747623481879889
33.47,0.0006892919991514646,1,0.046389193223019196,True,cbf_obstacle_0,6.18016197070926e-07,0.0005741432963562707,0.0005747613125533416
33.480000000000004,0.0006660930012003519,1,0.04638994597584808,True,cbf_obstacle_0,6.180131220044068e-07,0.000574140712874363,0.0005747587259963674
33.49,0.0006741319994034711,1,0.04639045744500582,True,cbf_obstacle_0,6.180216403215444e-07,0.000574139785947807,0.0005747578075881286
33.5,0.0006966729997657239,1,0.04639109206954191,True,cbf_obstacle_0,6.18021956150671e-07,0.0005741384801970057,0.0005747565021531563
33.51,0.0006710319976264145,1,0.04639166990575189,True,cbf_obstacle_0,6.180151843494789e-07,0.0005741361031076149,0.0005747541182919645
33.52,0.0006739630007359665,1,0.04639243897020798,True,cbf_obstacle_0,6.180104601507302e-07,0.0005741346802237665,0.0005747526906839173
33.53,0.0006688620014756452,1,0.04639295294402693,True,cbf_obstacle_0,6.180096482956378e-07,0.000574132499775559,0.0005747505094238546
33.54,0.0006712130016239826,1,0.0463936042638567,True,cbf_obstacle_0,6.179960982239182e-07,0.000574131172080919,0.000574749168179143
33.55,0.0006584130023838952,1,0.04639415456296279,True,cbf_obstacle_0,6.18014394843863e-07,0.0005741290420333964,0.0005747470564282404
33.56,0.0006800930023018736,1,0.04639478016128445,True,cbf_obstacle_0,6.180045035893421e-07,0.0005741278540231668,0.0005747458585267561
33.57,0.0006576429987035226,1,0.04639538644596037,True,cbf_obstacle_0,6.179960972881676e-07,0.0005741254122802746,0.0005747434083775627
33.58,0.0006813029976910912,1,0.04639606012562522,True,cbf_obstacle_0,6.179966017025705e-07,0.0005741239843679094,0.000574741980969612
33.59,0.0006895320002513472,1,0.046396563868873794,True,cbf_obstacle_0,6.179938002539392e-07,0.0005741218269760851,0.000574739820776339
33.6,0.0006700830017507542,1,0.04639724868435767,True,cbf_obstacle_0,6.180070698487692e-07,0.0005741206738402506,0.0005747386809100994
33.61,0.0006770720028725918,1,0.04639780383710847,True,cbf_obstacle_0,6.17997795801516e-07,0.0005741195085705877,0.0005747375063663892
33.62,0.0006842929979029577,1,0.04639841352263436,True,cbf_obstacle_0,6.179927485055165e-07,0.0005741171237245444,0.0005747351164730499
33.63,0.0006816120003350079,1,0.046398962668107925,True,cbf_obstacle_0,6.179843312713059e-07,0.0005741147869631071,0.0005747327712943784
33.64,0.0006601730019610841,1,0.04639966661461601,True,cbf_obstacle_0,6.179946947848079e-07,0.0005741136026073127,0.0005747315973020975
33.65,0.000687481999193551,1,0.04640018911243466,True,cbf_obstacle_0,6.179895028482992e-07,0.0005741124619576295,0.0005747304514604778
33.660000000000004,0.0006671119990642183,1,0.046400796205998816,True,cbf_obstacle_0,6.179841919541533e-07,0.000574110170852826,0.0005747281550447801
33.67,0.000684923001244897,1,0.04640135624012189,True,cbf_obstacle_0,6.179905775099259e-07,0.0005741091262366311,0.0005747271168141411
33.68,0.0006763919991499279,1,0.04640191800879741,True,cbf_obstacle_0,6.179745702453593e-07,0.0005741068461284034,0.0005747248206986487
33.69,0.0006688020002911799,1,0.0464026143004814,True,cbf_obstacle_0,6.179595498177565e-07,0.0005741042193245385,0.0005747221788743562
33.7,0.0006694620024063624,1,0.046403162684914845,True,cbf_obstacle_0,6.17966774929521e-07,0.0005741032381837508,0.0005747212049586803
33.71,0.0006574430008186027,1,0.04640371963699312,True,cbf_obstacle_0,6.179730119547402e-07,0.0005741021547724864,0.0005747201277844411
33.72,0.0006745029968442395,1,0.04640428757325584,True,cbf_obstacle_0,6.179677728798326e-07,0.0005740998044767425,0.0005747177722496223
33.730000000000004,0.0007062219992803875,1,0.046404940707925134,True,cbf_obstacle_0,6.179688732820173e-07,0.0005740987074402923,0.0005747166763135743
33.74,0.0006782119999115821,1,0.04640550936792326,True,cbf_obstacle_0,6.179637258670162e-07,0.0005740964106162285,0.0005747143743420954
33.75,0.0006749730018782429,1,0.0464061036189714,True,cbf_obstacle_0,6.179676809963128e-07,0.000574095186674954,0.0005747131543559502
33.76,0.0006696029995509889,1,0.046406548504881774,True,cbf_obstacle_0,6.179546091255068e-07,0.0005740930566706966,0.0005747110112798221
33.77,0.0006718320000800304,1,0.04640720855738843,True,cbf_obstacle_0,6.179542526014801e-07,0.0005740917735840911,0.0005747097278366926
33.78,0.0007746619994577486,1,0.04640788644313497,True,cbf_obstacle_0,6.179546069251475e-07,0.0005740905667201671,0.0005747085213270922
33.79,0.000737963000574382,1,0.046408413475458786,True,cbf_obstacle_0,6.179500613669279e-07,0.0005740883391652542,0.0005747062892266211
33.8,0.0007319319993257523,1,0.04640900533749242,True,cbf_obstacle_0,6.179523936808392e-07,0.000574087178142659,0.0005747051305363398
33.81,0.000713902001734823,1,0.04640946412447135,True,cbf_obstacle_0,6.179544958191149e-07,0.0005740851148107648,0.000574703069306584
33.82,0.0007602519981446676,1,0.04641021771381377,True,cbf_obstacle_0,6.179498328096602e-07,0.0005740837573921431,0.0005747017072249528
33.83,0.000996219001535792,1,0.046410747306186335,True,cbf_obstacle_0,6.179314141041573e-07,0.0005740813850606908,0.000574699316474795
33.84,0.0007685219970881008,1,0.04641128986831338,True,cbf_obstacle_0,6.179394392460229e-07,0.0005740804192104289,0.0005746983586496749
33.85,0.0007587420004711021,1,0.046411750823747086,True,cbf_obstacle_0,6.179484195586637e-07,0.0005740796204964844,0.0005746975689160431
33.86,0.0006982029990467709,1,0.046412313496213206,True,cbf_obstacle_0,6.179353635591818e-07,0.0005740772836601979,0.000574695219023757
33.87,0.0007098730020516086,1,0.04641305825681213,True,cbf_obstacle_0,6.179392173747155e-07,0.0005740758116519325,0.0005746937508693072
33.88,0.0007045029997243546,1,0.04641360903049959,True,cbf_obstacle_0,6.179275386163462e-07,0.0005740736317827198,0.0005746915593213362
33.89,0.0007754010002827272,1,0.04641416641893224,True,cbf_obstacle_0,6.179313911179772e-07,0.000574072491893961,0.000574690423285079
33.9,0.000691182998707518,1,0.046414617750689426,True,cbf_obstacle_0,6.179178015948614e-07,0.0005740703213434445,0.0005746882391450393
33.910000000000004,0.0006924230001459364,1,0.04641514346198219,True,cbf_obstacle_0,6.179164780166147e-07,0.0005740693845705702,0.0005746873010485868
33.92,0.000699303000146756,1,0.04641587383387961,True,cbf_obstacle_0,6.179222091602754e-07,0.0005740680085086168,0.0005746859307177771
33.93,0.0006980129983276129,1,0.04641640821581131,True,cbf_obstacle_0,6.179099677614488e-07,0.0005740657499647817,0.0005746836599325432
33.94,0.0006659030004811939,1,0.04641688454368854,True,cbf_obstacle_0,6.179312954233147e-07,0.0005740649338806487,0.000574682865176072
33.95,0.0006864030001452193,1,0.04641743312638722,True,cbf_obstacle_0,6.179131689478116e-07,0.0005740625662602223,0.0005746804794291701
33.96,0.0006784519973734859,1,0.04641797188639493,True,cbf_obstacle_0,6.179188552330308e-07,0.0005740616096119878,0.0005746795284672209
33.97,0.0007001119993219618,1,0.04641868941707255,True,cbf_obstacle_0,6.179071028151484e-07,0.0005740589271304938,0.0005746768342333089
33.980000000000004,0.0006962219995330088,1,0.046419206866405376,True,cbf_obstacle_0,6.179134744313404e-07,0.000574057989966278,0.0005746759034407094
33.99,0.0007073320011841133,1,0.046419662884888684,True,cbf_obstacle_0,6.17913315599951e-07,0.0005740572572170183,0.0005746751705326183
34.0,0.000685073002387071,1,0.046420188491157574,True,cbf_obstacle_0,6.179018039710861e-07,0.0005740550239600214,0.0005746729257639925
34.01,0.0006743129997630604,1,0.04642075394095026,True,cbf_obstacle_0,6.179160113184191e-07,0.0005740538948026644,0.0005746718108139828
34.02,0.0006776619993615896,1,0.04642136648692187,True,cbf_obstacle_0,6.178967423111005e-07,0.0005740514348579396,0.0005746693316002507
34.03,0.0006722229991282802,1,0.04642191660307397,True,cbf_obstacle_0,6.17892098583366e-07,0.000574049210727627,0.0005746671028262103
34.04,0.0006728230000589974,1,0.046422411524411414,True,cbf_obstacle_0,6.179017296527812e-07,0.0005740482669208535,0.0005746661686505064
34.05,0.0007115820008039009,1,0.04642296949068795,True,cbf_obstacle_0,6.178953195100115e-07,0.0005740472241981281,0.0005746651195176381
34.06,0.0006674130017927382,1,0.04642348439568356,True,cbf_obstacle_0,6.17894797597541e-07,0.0005740463489549232,0.0005746642437525207
34.07,0.0006817329995101318,1,0.04642416614330179,True,cbf_obstacle_0,6.178801433496135e-07,0.000574043741154636,0.0005746616212979857
34.08,0.0006636530015384778,1,0.04642463273044977,True,cbf_obstacle_0,6.178908623504717e-07,0.0005740428063047922,0.0005746606971671427
34.09,0.0006854330022179056,1,0.04642515582158625,True,cbf_obstacle_0,6.178879288489821e-07,0.0005740406078100222,0.0005746584957388712
34.1,0.0006637229998887051,1,0.04642563594112298,True,cbf_obstacle_0,6.178987906446957e-07,0.0005740397871856525,0.0005746576859762973
34.11,0.0006756430011591874,1,0.046426157636058264,True,cbf_obstacle_0,6.178935949528269e-07,0.0005740374811476373,0.0005746553747425901
34.12,0.0006885019975015894,1,0.04642683704666008,True,cbf_obstacle_0,6.178911352212729e-07,0.0005740362194921063,0.0005746541106273276
34.13,0.000665742001729086,1,0.04642733384858283,True,cbf_obstacle_0,6.178815665775452e-07,0.0005740341088481888,0.0005746519904147663
34.14,0.0006984130013734102,1,0.04642786485746174,True,cbf_obstacle_0,6.178738344555505e-07,0.0005740330880862451,0.0005746509619207007
34.15,0.0006791220002924092,1,0.046428388059480026,True,cbf_obstacle_0,6.178901340103372e-07,0.0005740320805004884,0.0005746499706344987
34.160000000000004,0.0006791029991290998,1,0.04642880336973541,True,cbf_obstacle_0,6.178844155732807e-07,0.0005740301120104944,0.0005746479964260677
34.17,0.0009990390026359819,1,0.046429353014590606,True,cbf_obstacle_0,6.178792105268183e-07,0.0005740290996204273,0.0005746469788309542
34.18,0.000783982002758421,1,0.04643004026483857,True,cbf_obstacle_0,6.178671256211372e-07,0.0005740264846057265,0.0005746443517313476
34.19,0.0007564719999209046,1,0.0464305777016501,True,cbf_obstacle_0,6.178858625481864e-07,0.0005740255919555113,0.0005746434778180595
34.2,0.0007938509988889564,1,0.04643108110140859,True,cbf_obstacle_0,6.178828398746325e-07,0.0005740244847003477,0.0005746423675402223
34.21,0.0007344919977185782,1,0.046431498642036675,True,cbf_obstacle_0,6.178738592192952e-07,0.0005740225240008265,0.0005746403978600459
34.22,0.0007283419981831685,1,0.046432020554699985,True,cbf_obstacle_0,6.178697317543027e-07,0.0005740214799657851,0.0005746393496975394
34.230000000000004,0.0007122820024960674,1,0.04643270875937771,True,cbf_obstacle_0,6.178601899725205e-07,0.0005740190824101715,0.000574636942600144
34.24,0.00073034199886024,1,0.04643311736024089,True,cbf_obstacle_0,6.178582095498578e-07,0.0005740182568190538,0.0005746361150286036
34.25,0.0007043320001685061,1,0.04643368009348856,True,cbf_obstacle_0,6.17863465235783e-07,0.0005740160257741802,0.000574633889239416
34.26,0.0006735930001013912,1,0.046434151796114924,True,cbf_obstacle_0,6.178694157739722e-07,0.0005740162276486938,0.0005746340970644678
34.27,0.0007109519974619616,1,0.04643468774923437,True,cbf_obstacle_0,6.178593748289706e-07,0.0005740140266915342,0.0005746318860663631
34.28,0.000673372000164818,1,0.046435183830021494,True,cbf_obstacle_0,6.178554259711373e-07,0.0005740118757169859,0.000574629731142957
34.29,0.0006794820001232438,1,0.046435764194980085,True,cbf_obstacle_0,6.178528590094357e-07,0.0005740108469896282,0.0005746286998486376
34.300000000000004,0.0006758329982403666,1,0.046436304616776745,True,cbf_obstacle_0,6.178463665936504e-07,0.0005740086061337843,0.0005746264525003779
34.31,0.000700601998687489,1,0.046436890462047145,True,cbf_obstacle_0,6.178392552293367e-07,0.0005740073936665301,0.0005746252329217594
34.32,0.0006688430003123358,1,0.04643726601464114,True,cbf_obstacle_0,6.178544143592032e-07,0.0005740067306611937,0.0005746245850755529
34.33,0.0006802630014135502,1,0.04643770535972731,True,cbf_obstacle_0,6.178427613332479e-07,0.0005740046317478895,0.0005746224745092227
34.34,0.0006767919985577464,1,0.046438201224483,True,cbf_obstacle_0,6.17842518318677e-07,0.0005740037697229326,0.0005746216122412513
34.35,0.0006651120020251255,1,0.04643897758512569,True,cbf_obstacle_0,6.178359529388328e-07,0.0005740023203394561,0.000574620156292395
34.36,0.0006790919978811871,1,0.04643938548663526,True,cbf_obstacle_0,6.178385505858491e-07,0.0005740002242531517,0.0005746180628037375
34.37,0.0006611829994653817,1,0.04643991251648335,True,cbf_obstacle_0,6.178274609234884e-07,0.0005739981684273003,0.0005746159958882238
34.38,0.0006644630011578556,1,0.04644037994007103,True,cbf_obstacle_0,6.178264033158613e-07,0.0005739972496666174,0.0005746150760699332
34.39,0.0006749329986632802,1,0.04644077132604279,True,cbf_obstacle_0,6.178382457593889e-07,0.0005739965294415572,0.0005746143676873167
34.4,0.0006844929994258564,1,0.04644128308736005,True,cbf_obstacle_0,6.178256773966633e-07,0.0005739942554936603,0.0005746120811710569
34.410000000000004,0.000670172998070484,1,0.04644175998890059,True,cbf_obstacle_0,6.178257077570993e-07,0.0005739933301122487,0.0005746111558200058
34.42,0.0006785320001654327,1,0.046442429749415134,True,cbf_obstacle_0,6.178245567020317e-07,0.0005739922809457945,0.0005746101055024965
34.43,0.0006773729983251542,1,0.04644288201061671,True,cbf_obstacle_0,6.178349872594079e-07,0.0005739899842059319,0.0005746078191931913
34.44,0.0006830729980720207,1,0.04644342282163245,True,cbf_obstacle_0,6.178195563683533e-07,0.0005739889398261754,0.0005746067593825438
34.45,0.0006952820003789384,1,0.04644382743529151,True,cbf_obstacle_0,6.178144823716745e-07,0.000573987004093778,0.0005746048185761497
34.46,0.0006591929995920509,1,0.046444325905924455,True,cbf_obstacle_0,6.178196176748615e-07,0.0005739861236954625,0.0005746039433131374
34.47,0.0006675529984931927,1,0.04644483116425514,True,cbf_obstacle_0,6.178101009610588e-07,0.000573983885086649,0.0005746016951876101
34.480000000000004,0.0006720429992128629,1,0.04644542588292724,True,cbf_obstacle_0,6.178124457847366e-07,0.0005739827970217455,0.0005746006094675302
34.49,0.0006777330017939676,1,0.046445983738181706,True,cbf_obstacle_0,6.17806780484047e-07,0.0005739818148422912,0.0005745996216227752
34.5,0.0006653529999312013,1,0.046446388023778346,True,cbf_obstacle_0,6.178090383090242e-07,0.0005739797561170107,0.0005745975651553197
34.51,0.0006849520032119472,1,0.04644685127449409,True,cbf_obstacle_0,6.178073648242116e-07,0.0005739788585843093,0.0005745966659491335
34.52,0.0006622229993809015,1,0.046447320685469716,True,cbf_obstacle_0,6.177883000690556e-07,0.0005739767683764299,0.0005745945566764989
34.53,0.0006789629987906665,1,0.04644774250163262,True,cbf_obstacle_0,6.178104325157059e-07,0.0005739759423340367,0.0005745937527665524
34.54,0.0006584319999092259,1,0.04644832627714925,True,cbf_obstacle_0,6.178136403633652e-07,0.0005739748264249414,0.0005745926400653048
34.550000000000004,0.0006828029981988948,1,0.0464489855239322,True,cbf_obstacle_0,6.177934074425766e-07,0.0005739723849005212,0.0005745901783079638
34.56,0.0006657529993390199,1,0.04644937250285246,True,cbf_obstacle_0,6.177960491093858e-07,0.0005739716426717951,0.0005745894387209045
34.57,0.0006937620019016322,1,0.046449833693436395,True,cbf_obstacle_0,6.177970796606347e-07,0.0005739708337584561,0.0005745886308381167
34.58,0.0006728830012434628,1,0.04645034092883892,True,cbf_obstacle_0,6.177926808808073e-07,0.0005739685971941906,0.0005745863898750714
34.59,0.0006696930031466763,1,0.04645072481900933,True,cbf_obstacle_0,6.177984354601477e-07,0.0005739678950890283,0.0005745856935244884
34.6,0.0006896129998494871,1,0.04645119327400598,True,cbf_obstacle_0,6.177975840274223e-07,0.0005739658104605436,0.000574583608044571
34.61,0.0006685230000584852,1,0.046451648655125556,True,cbf_obstacle_0,6.177860735784307e-07,0.0005739649347997866,0.000574582720873365
34.62,0.0006818030014983378,1,0.04645231777437129,True,cbf_obstacle_0,6.177854958328544e-07,0.0005739637453610881,0.0005745815308569209
34.63,0.0006798430003982503,1,0.04645279344143783,True,cbf_obstacle_0,6.177736906325211e-07,0.0005739616554571678,0.0005745794291478004
34.64,0.0006651030016655568,1,0.046453177253568394,True,cbf_obstacle_0,6.177898242517427e-07,0.0005739609280451227,0.0005745787178693745
34.65,0.0006739130003552418,1,0.04645368235144592,True,cbf_obstacle_0,6.177894699955657e-07,0.000573958681570567,0.0005745764710405625
34.660000000000004,0.0006618529987463262,1,0.046454140478025784,True,cbf_obstacle_0,6.17778812370506e-07,0.0005739578833669048,0.0005745756621792753
34.67,0.0006802930001867935,1,0.046454605127149586,True,cbf_obstacle_0,6.177784532277056e-07,0.00057395697932687,0.0005745747577800977
34.68,0.000684811999235535,1,0.04645508130377345,True,cbf_obstacle_0,6.177772089267154e-07,0.0005739548989306459,0.0005745726761395726
34.69,0.000745132001611637,1,0.046455700096864457,True,cbf_obstacle_0,6.177584171968355e-07,0.0005739537134060214,0.0005745714718232183
34.7,0.0006590929988306016,1,0.04645609586961838,True,cbf_obstacle_0,6.177780099198159e-07,0.0005739529646206383,0.0005745707426305581
34.71,0.0006792329986637924,1,0.04645656174771876,True,cbf_obstacle_0,6.17770184717097e-07,0.0005739508409034319,0.000574568611088149
34.72,0.0006585230003111064,1,0.046457037791232385,True,cbf_obstacle_0,6.177686030518775e-07,0.0005739500342271958,0.0005745678028302477
34.730000000000004,0.0006646030014962889,1,0.046457479343374755,True,cbf_obstacle_0,6.17748392444978e-07,0.0005739478914883734,0.0005745656398808183
34.74,0.0006725130006088875,1,0.04645797916925224,True,cbf_obstacle_0,6.177529322384072e-07,0.000573946911308486,0.0005745646642407244
34.75,0.0007113319989002775,1,0.04645843511468625,True,cbf_obstacle_0,6.177649930213875e-07,0.0005739460693468257,0.000574563834339847
34.76,0.0006758230010746047,1,0.046458820899280856,True,cbf_obstacle_0,6.177562161253528e-07,0.0005739440962765671,0.0005745618524926924
34.77,0.000683442998706596,1,0.046459473450265784,True,cbf_obstacle_0,6.177565726655755e-07,0.0005739429094494342,0.0005745606660220998
34.78,0.0006794020009692758,1,0.046459909173634836,True,cbf_obstacle_0,6.177491115667029e-07,0.0005739421151271082,0.0005745598642386749
34.79,0.0006752619992766995,1,0.04646029255579332,True,cbf_obstacle_0,6.177520920769192e-07,0.0005739401898990591,0.0005745579419911361
34.800000000000004,0.0007012130008661188,1,0.04646073782306254,True,cbf_obstacle_0,6.177417779012324e-07,0.0005739392990261029,0.0005745570408040041
34.81,0.0006660430008196272,1,0.04646119202405412,True,cbf_obstacle_0,6.177424688915221e-07,0.0005739372630517252,0.0005745550055206168
34.82,0.0006963119994907174,1,0.046461675011057184,True,cbf_obstacle_0,6.177403756007337e-07,0.0005739362592957146,0.0005745539996713153
34.83,0.000669752000248991,1,0.04646214516430301,True,cbf_obstacle_0,6.177390193506351e-07,0.0005739353095736348,0.0005745530485929854
34.84,0.0006727130021317862,1,0.046462500522097314,True,cbf_obstacle_0,6.177445063335955e-07,0.0005739335391557021,0.0005745512836620357
34.85,0.0006905919981363695,1,0.0464631506354232,True,cbf_obstacle_0,6.177447186775494e-07,0.0005739322818845741,0.0005745500266032517
34.86,0.0006698720026179217,1,0.04646359302341941,True,cbf_obstacle_0,6.177296607215081e-07,0.0005739303090936135,0.0005745480387543351
34.87,0.0006673630014120135,1,0.046464032457453945,True,cbf_obstacle_0,6.177357334902327e-07,0.0005739294213051892,0.0005745471570386795
34.88,0.0006676630000583827,1,0.046464495148403326,True,cbf_obstacle_0,6.177367154229751e-07,0.0005739286198223382,0.0005745463565377612
34.89,0.0006741619981767144,1,0.0464649366144657,True,cbf_obstacle_0,6.177281419697884e-07,0.0005739265806027601,0.0005745443087447298
34.9,0.000669443001243053,1,0.04646531315336877,True,cbf_obstacle_0,6.177305986950614e-07,0.0005739257914990018,0.000574543522097697
34.910000000000004,0.0006775519977963995,1,0.046465846290366576,True,cbf_obstacle_0,6.177267659458428e-07,0.0005739247599874347,0.0005745424867533806
34.92,0.0006647619993600529,1,0.046466185368180736,True,cbf_obstacle_0,6.177231851608833e-07,0.0005739229496793222,0.0005745406728644831
34.93,0.0006626819995290134,1,0.04646684244990618,True,cbf_obstacle_0,6.177225380477031e-07,0.0005739217531565582,0.0005745394756946059
34.94,0.0006682029998046346,1,0.046467289643512384,True,cbf_obstacle_0,6.177125855431595e-07,0.0005739196990545175,0.0005745374116400607
34.95,0.0006737029980286025,1,0.04646763774011084,True,cbf_obstacle_0,6.177199151952597e-07,0.0005739190752322427,0.000574536795147438
34.96,0.0006590230004803743,1,0.046468155269192145,True,cbf_obstacle_0,6.177160212124681e-07,0.0005739179968987356,0.000574535712919948
34.97,0.0006653029995504767,1,0.046468536437779644,True,cbf_obstacle_0,6.177048208405103e-07,0.0005739160513612572,0.0005745337561820977
34.980000000000004,0.000659263001580257,1,0.04646898716193549,True,cbf_obstacle_0,6.177166560514764e-07,0.0005739152964189075,0.000574533013074959
34.99,0.0006653230011579581,1,0.04646945174138105,True,cbf_obstacle_0,6.177276012336494e-07,0.0005739144284666898,0.0005745321560679234
35.0,0.000658922999718925,1,0.046469868006080516,True,cbf_obstacle_0,6.177181269693257e-07,0.0005739136250111837,0.000574531343138153
35.01,0.0006634029996348545,1,0.04647032862985075,True,cbf_obstacle_0,6.177184622236797e-07,0.0005739115016076383,0.000574529220069862
35.02,0.0006557429987879004,1,0.04647086315255798,True,cbf_obstacle_0,6.17723531909489e-07,0.0005739105186899677,0.0005745282422218771
35.03,0.0006688930006930605,1,0.04647129368552755,True,cbf_obstacle_0,6.177053607345976e-07,0.0005739085487839415,0.0005745262541446761
35.04,0.0006603129986615386,1,0.046471739683299096,True,cbf_obstacle_0,6.177078980896704e-07,0.0005739078006846178,0.0005745255085827075
35.050000000000004,0.0006850720019428991,1,0.04647216394797412,True,cbf_obstacle_0,6.177083160266251e-07,0.0005739068565731175,0.0005745245648891441
35.06,0.0006574629987881053,1,0.046472588974791736,True,cbf_obstacle_0,6.176999159872954e-07,0.0005739049598875891,0.0005745226598035764
35.07,0.0006739330019627232,1,0.04647304290081165,True,cbf_obstacle_0,6.177101262290176e-07,0.0005739040420681808,0.0005745217521944099
35.08,0.0006569930010300595,1,0.04647336659652839,True,cbf_obstacle_0,6.176960221779237e-07,0.0005739022309993842,0.0005745199270215621
35.09,0.0006631319993175566,1,0.04647382499809581,True,cbf_obstacle_0,6.177052689946081e-07,0.0005739013850744216,0.0005745190903434162
35.1,0.0006589129989151843,1,0.04647424844883299,True,cbf_obstacle_0,6.176986568508384e-07,0.0005739005272226708,0.0005745182258795217
35.11,0.0006657630001427606,1,0.04647488786651059,True,cbf_obstacle_0,6.176978011611881e-07,0.0005738980890258945,0.0005745157868270557
35.12,0.0006634730016230606,1,0.046475312141186866,True,cbf_obstacle_0,6.176916400553326e-07,0.0005738973636118107,0.000574515055251866
35.13,0.0007093019994499628,1,0.04647566825099268,True,cbf_obstacle_0,6.177034047647279e-07,0.0005738967086752959,0.0005745144120800606
35.14,0.0006897520033817273,1,0.0464762014829402,True,cbf_obstacle_0,6.17677291986198e-07,0.000573894298089879,0.0005745119753818652
35.15,0.000666702999296831,1,0.04647650411282517,True,cbf_obstacle_0,6.176873729838115e-07,0.0005738938811104215,0.0005745115684834053
35.160000000000004,0.0006824920019425917,1,0.046476912566709994,True,cbf_obstacle_0,6.176786657341776e-07,0.0005738930439310482,0.0005745107225967823
35.17,0.0006637820006289985,1,0.04647737673761519,True,cbf_obstacle_0,6.176786311004821e-07,0.0005738909996580589,0.0005745086782891594
35.18,0.0006780719995731488,1,0.04647783471160405,True,cbf_obstacle_0,6.176904146227292e-07,0.0005738901396531715,0.0005745078300677943
35.19,0.0006661530023848172,1,0.046478243255919406,True,cbf_obstacle_0,6.176801209841706e-07,0.0005738893598585496,0.0005745070399795337
35.2,0.0006836120010120794,1,0.046478537933973794,True,cbf_obstacle_0,6.176804883478306e-07,0.0005738876207427524,0.0005745053012311002
35.21,0.0006730619970767293,1,0.046479235952682385,True,cbf_obstacle_0,6.17665255092394e-07,0.0005738862935276957,0.000574503958782788
35.22,0.0006929820010554977,1,0.046479593887527954,True,cbf_obstacle_0,6.176824684931385e-07,0.0005738857083001774,0.0005745033907686705
35.230000000000004,0.0006582430032722186,1,0.04648002209426216,True,cbf_obstacle_0,6.176838139159722e-07,0.0005738835935683697,0.0005745012773822856
35.24,0.0006866830008220859,1,0.04648036410850821,True,cbf_obstacle_0,6.176798068083972e-07,0.0005738830627524038,0.0005745007425592122
35.25,0.0006918920007592533,1,0.046480868256188766,True,cbf_obstacle_0,6.176678000181934e-07,0.0005738807936303913,0.0005744984614304094
35.26,0.0006904430010763463,1,0.04648130896099536,True,cbf_obstacle_0,6.176800358451747e-07,0.000573880045252665,0.0005744977252885102
35.27,0.0006588030009879731,1,0.04648171587477894,True,cbf_obstacle_0,6.176663242171015e-07,0.000573879156440887,0.0005744968227651041
35.28,0.0007086120021995157,1,0.04648206898273649,True,cbf_obstacle_0,6.176640957225898e-07,0.0005738773683252548,0.0005744950324209774
35.29,0.000660372999846004,1,0.04648246844708088,True,cbf_obstacle_0,6.176557552972054e-07,0.0005738765123858655,0.0005744941681411627
35.300000000000004,0.0006794220025767572,1,0.046482811350211664,True,cbf_obstacle_0,6.176657679787065e-07,0.0005738759287815901,0.0005744935945495688
35.31,0.0006590819975826889,1,0.04648352096362597,True,cbf_obstacle_0,6.176469426150802e-07,0.0005738734367293078,0.0005744910836719229
35.32,0.0006640130013693124,1,0.046483888306185106,True,cbf_obstacle_0,6.176507761340248e-07,0.000573872750785638,0.000574490401561772
35.33,0.0006610330019611865,1,0.046484240491994414,True,cbf_obstacle_0,6.176348136595203e-07,0.000573870827884715,0.0005744884626983745
35.34,0.0006747719999111723,1,0.04648467994224035,True,cbf_obstacle_0,6.176462495948649e-07,0.000573869993770324,0.0005744876400199189
35.35,0.0006590930024685804,1,0.04648508355604108,True,cbf_obstacle_0,6.17649122154416e-07,0.0005738693024973756,0.0005744869516195301
35.36,0.0006693220020679291,1,0.046485527877574685,True,cbf_obstacle_0,6.176592249232869e-07,0.0005738683831820234,0.0005744860424069467
35.37,0.0006724919985572342,1,0.046485924640330446,True,cbf_obstacle_0,6.176446790581509e-07,0.0005738664578780428,0.0005744841025571009
35.38,0.0006828119985584635,1,0.04648630997158092,True,cbf_obstacle_0,6.176446653996778e-07,0.000573865744197001,0.0005744833888624007
35.39,0.0006584130023838952,1,0.046486716430440306,True,cbf_obstacle_0,6.176273649553335e-07,0.0005738636269723789,0.0005744812543373342
35.4,0.0006740719982190058,1,0.04648704264999782,True,cbf_obstacle_0,6.176334090722919e-07,0.0005738630928278558,0.0005744807262369282
35.410000000000004,0.0006800320006732363,1,0.04648745852753986,True,cbf_obstacle_0,6.176450780864636e-07,0.0005738622422232178,0.0005744798873013043
35.42,0.0006793530010327231,1,0.04648807969601005,True,cbf_obstacle_0,6.17635588798862e-07,0.0005738611077190316,0.0005744787433078304
35.43,0.0006790820007154252,1,0.04648846741866703,True,cbf_obstacle_0,6.176300171745957e-07,0.0005738592948999395,0.000574476924917114
35.44,0.0006594320002477616,1,0.046488796423281804,True,cbf_obstacle_0,6.176250946853781e-07,0.0005738586289757723,0.0005744762540704577
35.45,0.0006770229992980603,1,0.04648930392117413,True,cbf_obstacle_0,6.17623507302444e-07,0.0005738564682640598,0.0005744740917713623
35.46,0.0006714029987051617,1,0.04648962373844894,True,cbf_obstacle_0,6.17630571220791e-07,0.0005738558623798787,0.0005744734929510995
35.47,0.0006742230034433305,1,0.04649000565994274,True,cbf_obstacle_0,6.176167496698586e-07,0.0005738540784720388,0.0005744716952217087
35.480000000000004,0.0006828430014138576,1,0.046490429117991935,True,cbf_obstacle_0,6.176247084006219e-07,0.0005738544313750711,0.0005744720560834718
35.49,0.00067578199741547,1,0.046490823049797965,True,cbf_obstacle_0,6.176184747824907e-07,0.0005738523757568167,0.0005744699942315993
35.5,0.0008069210016401485,1,0.04649124884904664,True,cbf_obstacle_0,6.17629250144565e-07,0.0005738515737562588,0.0005744692030064033
35.51,0.0007261319988174364,1,0.04649166248509654,True,cbf_obstacle_0,6.176109328525214e-07,0.0005738494707719619,0.0005744670817048144
35.52,0.0007069830026011914,1,0.04649194002361637,True,cbf_obstacle_0,6.176196145443915e-07,0.0005738490177179725,0.0005744666373325169
35.53,0.0006896729973959737,1,0.046492533950857146,True,cbf_obstacle_0,6.176062288003593e-07,0.0005738468138944081,0.0005744644201232085
35.54,0.0007543009996879846,1,0.046492941620232646,True,cbf_obstacle_0,6.176057849961685e-07,0.0005738460591611717,0.0005744636649461678
35.550000000000004,0.000703231999068521,1,0.046493264742533964,True,cbf_obstacle_0,6.176235032425852e-07,0.0005738455065204309,0.0005744631300236735
35.56,0.0008034009988477919,1,0.04649375148171744,True,cbf_obstacle_0,6.175992629803836e-07,0.000573844474283068,0.0005744620735460484
35.57,0.0007319319993257523,1,0.04649411636083499,True,cbf_obstacle_0,6.175938199274407e-07,0.0005738426568539142,0.0005744602506738417
35.58,0.001039498998579802,1,0.04649447151068995,True,cbf_obstacle_0,6.176109842374329e-07,0.0005738418848736754,0.0005744594958579128
35.59,0.0008654699995531701,1,0.046494839030482946,True,cbf_obstacle_0,6.176020785013712e-07,0.0005738412153327639,0.0005744588174112653
35.6,0.0007793020013195928,1,0.04649524853064642,True,cbf_obstacle_0,6.175951034128754e-07,0.0005738391334032361,0.000574456728506649
35.61,0.0007597919975523837,1,0.04649561902436877,True,cbf_obstacle_0,6.176019097974104e-07,0.0005738386120318017,0.0005744562139415991
35.62,0.0007243420004670043,1,0.046496033230692506,True,cbf_obstacle_0,6.17594607629961e-07,0.0005738365667894116,0.0005744541613970415
35.63,0.0007453119978890754,1,0.046496410518451166,True,cbf_obstacle_0,6.175877801422284e-07,0.0005738359100568657,0.0005744534978370079
35.64,0.0007156319989007898,1,0.04649682974851303,True,cbf_obstacle_0,6.175860729967192e-07,0.000573834974001623,0.0005744525600746197
35.65,0.0007990609992702957,1,0.046497134122719955,True,cbf_obstacle_0,6.175811714139082e-07,0.0005738344477785695,0.0005744520289499834
35.660000000000004,0.0007293519993254449,1,0.046497713467546,True,cbf_obstacle_0,6.175874083305868e-07,0.0005738321661374045,0.0005744497535457351
35.67,0.000735942001483636,1,0.0464981069368607,True,cbf_obstacle_0,6.175906645604165e-07,0.00057383145345695,0.0005744490441215104
35.68,0.0007151019999582786,1,0.04649846872802688,True,cbf_obstacle_0,6.175855682182579e-07,0.0005738308043582519,0.0005744483899264701
35.69,0.0007250820017361548,1,0.04649888927327402,True,cbf_obstacle_0,6.175796644027838e-07,0.0005738288329433253,0.0005744464126077281
35.7,0.0006961330000194721,1,0.046499200545980404,True,cbf_obstacle_0,6.175834394480674e-07,0.000573828244112945,0.0005744458275523931
35.71,0.0008037209991016425,1,0.046499595397791256,True,cbf_obstacle_0,6.175856254938699e-07,0.0005738273846147795,0.0005744449702402734
35.72,0.0007286420004675165,1,0.0464999881860987,True,cbf_obstacle_0,6.17579316423158e-07,0.0005738267873288447,0.0005744443666452679
35.730000000000004,0.000717341998097254,1,0.046500361363500074,True,cbf_obstacle_0,6.175731771538335e-07,0.000573824756000164,0.0005744423291773178
35.74,0.0007080530012899544,1,0.04650074382416098,True,cbf_obstacle_0,6.175764819723931e-07,0.0005738241135489058,0.0005744416900308781
35.75,0.0006995619987719692,1,0.04650112624460911,True,cbf_obstacle_0,6.175730609372894e-07,0.0005738221769995043,0.0005744397500604416
35.76,0.0007094129978213459,1,0.04650143594273932,True,cbf_obstacle_0,6.175802559742266e-07,0.0005738215809888599,0.000574439161244834
35.77,0.0010329890028515365,1,0.04650190754167965,True,cbf_obstacle_0,6.175656974348611e-07,0.0005738206032128619,0.0005744381689102967
35.78,0.0009392489992023911,1,0.046502295219983635,True,cbf_obstacle_0,6.175722782226005e-07,0.0005738200111813152,0.0005744375834595378
35.79,0.0008232309992308728,1,0.046502760487812204,True,cbf_obstacle_0,6.175622795562638e-07,0.000573817905914607,0.0005744354681941633
35.800000000000004,0.0008582410009694286,1,0.04650316179030158,True,cbf_obstacle_0,6.175616746136595e-07,0.0005738171087204694,0.0005744346703950831
35.81,0.0007405620017379988,1,0.04650354996942952,True,cbf_obstacle_0,6.175531286411042e-07,0.0005738151964743535,0.0005744327496029946
35.82,0.0007206420013972092,1,0.04650394756993189,True,cbf_obstacle_0,6.175578272998555e-07,0.000573814471363735,0.0005744320291910348
35.83,0.0006929230003152043,1,0.04650429243223722,True,cbf_obstacle_0,6.175633840559641e-07,0.0005738138042650486,0.0005744313676491045
35.84,0.0006986519983911421,1,0.04650468802148941,True,cbf_obstacle_0,6.175529833241512e-07,0.0005738130196811011,0.0005744305726644252
35.85,0.000980280001385836,1,0.046505007770622796,True,cbf_obstacle_0,6.175533778755567e-07,0.0005738112322582277,0.0005744287856361032
35.86,0.0008156109979609028,1,0.0465053670591185,True,cbf_obstacle_0,6.175580606667116e-07,0.0005738105957940905,0.0005744281538547573
35.87,0.000878589999047108,1,0.04650573066922339,True,cbf_obstacle_0,6.175504146191973e-07,0.0005738087186950453,0.0005744262691096645
35.88,0.0008257310000772122,1,0.046506109497864496,True,cbf_obstacle_0,6.175459358628854e-07,0.000573808037806789,0.0005744255837426519
35.89,0.0007488119990739506,1,0.046506508222277844,True,cbf_obstacle_0,6.175455705060392e-07,0.0005738071775216905,0.0005744247230921965
35.9,0.0007678809997742064,1,0.04650685952748245,True,cbf_obstacle_0,6.175508379385097e-07,0.0005738065323088883,0.0005744240831468268
35.910000000000004,0.0007314620015677065,1,0.046507280199941256,True,cbf_obstacle_0,6.175430258425448e-07,0.0005738044967439125,0.0005744220397697551
35.92,0.0009420599999430124,1,0.0465075317438768,True,cbf_obstacle_0,6.175316610445498e-07,0.0005738040850335012,0.0005744216166945458
35.93,0.0008420000012847595,1,0.046507910065929775,True,cbf_obstacle_0,6.175359922708199e-07,0.0005738033842963474,0.0005744209202886182
35.94,0.000765832002798561,1,0.046508503359621506,True,cbf_obstacle_0,6.175374679901668e-07,0.0005738011658881634,0.0005744187033561536
35.95,0.000720612002623966,1,0.04650883156716429,True,cbf_obstacle_0,6.175308540308474e-07,0.0005738004331380988,0.0005744179639921296
35.96,0.0009081300013349392,1,0.04650923212075892,True,cbf_obstacle_0,6.175338301487011e-07,0.0005737997730855091,0.0005744173069156577
35.97,0.0007487619986932259,1,0.046509593624948685,True,cbf_obstacle_0,6.175382426846155e-07,0.0005737990742971712,0.0005744166125398559
35.980000000000004,0.0007074620007188059,1,0.0465098943606373,True,cbf_obstacle_0,6.175327920081353e-07,0.0005737972478341892,0.0005744147806261973
35.99,0.0007070520005072467,1,0.04651036050327285,True,cbf_obstacle_0,6.17535250919942e-07,0.0005737963237579519,0.0005744138590088718
36.0,0.0009079799965547863,1,0.046510655519777615,True,cbf_obstacle_0,6.175207112697793e-07,0.0005737945882083527,0.0005744121089196224
36.01,0.0007390820028376766,1,0.04651103920971383,True,cbf_obstacle_0,6.175267374747831e-07,0.0005737939159573853,0.0005744114426948601
36.02,0.000740901999961352,1,0.04651136746725035,True,cbf_obstacle_0,6.17533056445783e-07,0.0005737933265658151,0.0005744108596222609
36.03,0.0008760109994909726,1,0.046511742879556436,True,cbf_obstacle_0,6.175345155834531e-07,0.0005737925263516005,0.0005744100608671839
36.04,0.0007398420020763297,1,0.04651210779481737,True,cbf_obstacle_0,6.175182713130252e-07,0.000573790669369378,0.000574408187640691
36.050000000000004,0.0008531999992555939,1,0.046512483673471286,True,cbf_obstacle_0,6.175223350606628e-07,0.0005737899630117782,0.0005744074853468389
36.06,0.0008140809986798558,1,0.04651276039000573,True,cbf_obstacle_0,6.175333981704738e-07,0.0005737895090112494,0.0005744070424094198
36.07,0.0007778019971738104,1,0.04651314382513588,True,cbf_obstacle_0,6.175146005872937e-07,0.0005737874756692245,0.0005744049902698117
